Task assignment:,,,,,,,,,,,Ao & Alina fill this: ,,,,,,,,,,,,,,,,,Record if needed: ,,
Definition:,,"(G,Y=Seasoned x1,O = Seasoned x3,W-1 = virgin x1, W-3 = virgin x3)",(1-50),"(1=death, 0 = live)",,,"(= the Week_num if death occured, 1,2,3 are the corresponding snail number)",,,,~10 eggs needed; take picures & labels,,,,(= (Hatching_egg_num - Unhatched_egg _num)/ Hatching_egg_num,Unit cm,,,Snail_avg Wn+1 - Snail_avg Wn,,,"write ""1"" if orientation is wrong; otherwise, leave it blank",,,"write ""1"" if mating; otherwise, leave it blank",,,Human error notes:,,Ao's notes:
Variable: ,Week_num,Color,Jar_num,Adult_death_1,Adult_death_2,Adult_death_3,Week_of_death_1,Week_of_death_2,Week_of_death_3,Total_egg_mass_num,Enrolled_egg_num,Unhatched_egg_num,Hatch_check_1,Hatch_check_2,Hatch_success,Snail_length_1,Snail_length_2,Snail_length_3,Snail_growth,Outlier_check,Snail_avg,snail_orientation_1,snail_orientation_2,snail_orientation_3,snail_mating_1,snail_mating_2,snail_mating_3,Bleeding,Shell_damage,
,1,G,1,0,0,0,,,,,,,,,,0.728,0.776,0.717,,,0.7403333333,,,,,,,,,
,1,G,2,0,0,0,,,,,,,,,,0.694,0.761,0.746,,,0.7336666667,,,,,,,,,snail baseline size avg
,1,G,3,0,0,0,,,,,,,,,,0.746,0.653,0.738,,,0.7123333333,,,,,,,,,0.7634
,1,G,4,0,0,0,,,,,,,,,,0.676,0.8,0.837,,,0.771,,,,,,,,,
,1,G,5,0,0,0,,,,,,,,,,0.757,0.778,0.812,,,0.7823333333,,,,,,,,,
,1,G,6,0,0,0,,,,,,,,,,0.895,0.78,0.739,,,0.8046666667,,,,,,,,,
,1,G,7,0,0,0,,,,,,,,,,0.74,0.785,0.737,,,0.754,,,,,,,,,
,1,G,8,0,0,0,,,,,,,,,,0.734,0.783,0.7,,,0.739,,,,,,,,,
,1,G,9,0,0,0,,,,,,,,,,0.767,0.759,0.717,,,0.7476666667,,,,,,,,,
,1,G,10,0,0,0,,,,,,,,,,0.8,0.859,0.813,,,0.824,,,,,,,,,
,1,G,11,0,0,0,,,,,,,,,,0.744,0.685,0.676,,,0.7016666667,,,,,,,,,
,1,G,12,0,0,0,,,,,,,,,,0.722,0.755,0.725,,,0.734,,,,,,,,,
,1,G,13,0,0,0,,,,,,,,,,0.734,0.84,0.773,,,0.7823333333,,,,,,,,,
,1,G,14,0,0,0,,,,,,,,,,0.779,0.816,0.737,,,0.7773333333,,,,,,,,,
,1,G,15,0,0,0,,,,,,,,,,0.742,0.716,0.76,,,0.7393333333,,,,,,,,,
,1,G,16,0,0,0,,,,,,,,,,0.81,0.834,0.813,,,0.819,,,,,,,,,
,1,G,17,0,0,0,,,,,,,,,,0.716,0.811,0.67,,,0.7323333333,,,,,,,,,
,1,G,18,0,0,0,,,,,,,,,,0.798,0.848,0.768,,,0.8046666667,,,,,,,,,
,1,G,19,0,0,0,,,,,,,,,,0.7,0.769,0.769,,,0.746,,,,,,,,,
,1,G,20,0,0,0,,,,,,,,,,0.729,0.757,0.687,,,0.7243333333,,,,,,,,,
,1,G,21,0,0,0,,,,,,,,,,0.718,0.711,0.69,,,0.7063333333,,,,,,,,,
,1,G,22,0,0,0,,,,,,,,,,0.742,0.733,0.756,,,0.7436666667,,,,,,,,,
,1,G,23,0,0,0,,,,,,,,,,0.684,0.767,0.71,,,0.7203333333,,,,,,,,,
,1,G,24,0,0,0,,,,,,,,,,0.907,0.653,0.826,,,0.7953333333,,,,,,,,,
,1,G,25,0,0,0,,,,,,,,,,0.831,0.805,0.836,,,0.824,,,,,,,,,
,1,G,26,0,0,0,,,,,,,,,,0.783,0.838,0.743,,,0.788,,,,,,,,,
,1,G,27,0,0,0,,,,,,,,,,0.838,0.838,0.815,,,0.8303333333,,,,,,,,,
,1,G,28,0,0,0,,,,,,,,,,0.771,0.765,0.67,,,0.7353333333,,,,,,,,,
,1,G,29,0,0,0,,,,,,,,,,0.794,0.783,0.777,,,0.7846666667,,,,,,,,,
,1,G,30,0,0,0,,,,,,,,,,0.707,0.791,0.707,,,0.735,,,,,,,,,
,1,G,31,0,0,0,,,,,,,,,,0.786,0.726,0.745,,,0.7523333333,,,,,,,,,
,1,G,32,0,0,0,,,,,,,,,,0.827,0.777,0.798,,,0.8006666667,,,,,,,,,
,1,G,33,0,0,0,,,,,,,,,,0.756,0.773,0.809,,,0.7793333333,,,,,,,,,
,1,G,34,0,0,0,,,,,,,,,,0.807,0.721,0.737,,,0.755,,,,,,,,,
,1,G,35,0,0,0,,,,,,,,,,0.7,0.856,0.742,,,0.766,,,,,,,,,
,1,G,36,0,0,0,,,,,,,,,,0.746,0.737,0.723,,,0.7353333333,,,,,,,,,
,1,G,37,0,0,0,,,,,,,,,,0.718,0.743,0.853,,,0.7713333333,,,,,,,,,
,1,G,38,0,0,0,,,,,,,,,,0.754,0.722,0.758,,,0.7446666667,,,,,,,,,
,1,G,39,0,0,0,,,,,,,,,,0.762,0.781,0.794,,,0.779,,,,,,,,,
,1,G,40,0,0,0,,,,,,,,,,0.798,0.73,0.732,,,0.7533333333,,,,,,,,,
,1,G,41,0,0,0,,,,,,,,,,0.723,0.859,0.697,,,0.7596666667,,,,,,,,,
,1,G,42,0,0,0,,,,,,,,,,0.8,0.869,0.819,,,0.8293333333,,,,,,,,,
,1,G,43,0,0,0,,,,,,,,,,0.732,0.674,0.652,,,0.686,,,,,,,,,
,1,G,44,0,0,0,,,,,,,,,,0.808,0.866,0.792,,,0.822,,,,,,,,,
,1,G,45,0,0,0,,,,,,,,,,0.78,0.792,0.88,,,0.8173333333,,,,,,,,,
,1,G,46,0,0,0,,,,,,,,,,0.75,0.803,0.683,,,0.7453333333,,,,,,,,,
,1,G,47,0,0,0,,,,,,,,,,0.713,0.837,0.798,,,0.7826666667,,,,,,,,,
,1,G,48,0,0,0,,,,,,,,,,0.709,0.785,0.709,,,0.7343333333,,,,,,,,,
,1,G,49,0,0,0,,,,,,,,,,0.769,0.786,0.763,,,0.7726666667,,,,,,,,,
,1,G,50,0,0,0,,,,,,,,,,0.716,0.823,0.713,,,0.7506666667,,,,,,,,,
,1,Y,1,0,0,0,,,,,,,,,,0.703,0.705,0.724,#REF!,,0.7106666667,,,,,,,,,
,1,Y,2,0,0,0,,,,,,,,,,0.792,0.707,0.689,#REF!,,0.7293333333,,,,,,,,,snail baseline size avg
,1,Y,3,0,0,0,,,,,,,,,,0.705,0.694,0.776,#REF!,,0.725,,,,,,,,,0.7359466667
,1,Y,4,0,0,0,,,,,,,,,,0.799,0.765,0.777,#REF!,,0.7803333333,,,,,,,,,
,1,Y,5,0,0,0,,,,,,,,,,0.862,0.78,0.769,#REF!,,0.8036666667,,,,,,,,,
,1,Y,6,0,0,0,,,,,,,,,,0.811,0.692,0.706,#REF!,,0.7363333333,,,,,,,,,
,1,Y,7,0,0,0,,,,,,,,,,0.858,0.716,0.717,#REF!,,0.7636666667,,,,,,,,,
,1,Y,8,0,0,0,,,,,,,,,,0.612,0.72,0.672,#REF!,,0.668,,,,,,,,,
,1,Y,9,0,0,0,,,,,,,,,,0.702,0.746,0.764,#REF!,,0.7373333333,,,,,,,,,
,1,Y,10,0,0,0,,,,,,,,,,0.823,0.743,0.685,#REF!,,0.7503333333,,,,,,,,,
,1,Y,11,0,0,0,,,,,,,,,,0.628,0.629,0.664,#REF!,,0.6403333333,,,,,,,,,
,1,Y,12,0,0,0,,,,,,,,,,0.684,0.779,0.661,#REF!,,0.708,,,,,,,,,
,1,Y,13,0,0,0,,,,,,,,,,0.67,0.755,0.783,#REF!,,0.736,,,,,,,,,
,1,Y,14,0,0,0,,,,,,,,,,0.7,0.817,0.693,#REF!,,0.7366666667,,,,,,,,,
,1,Y,15,0,0,0,,,,,,,,,,0.677,0.683,0.697,#REF!,,0.6856666667,,,,,,,,,
,1,Y,16,0,0,0,,,,,,,,,,0.739,0.804,0.727,#REF!,,0.7566666667,,,,,,,,,
,1,Y,17,0,0,0,,,,,,,,,,0.642,0.688,0.691,#REF!,,0.6736666667,,,,,,,,,
,1,Y,18,0,0,0,,,,,,,,,,0.778,0.689,0.675,#REF!,,0.714,,,,,,,,,
,1,Y,19,0,0,0,,,,,,,,,,0.633,0.823,0.732,#REF!,,0.7293333333,,,,,,,,,
,1,Y,20,0,0,0,,,,,,,,,,0.7,0.67,0.779,#REF!,,0.7163333333,,,,,,,,,
,1,Y,21,0,0,0,,,,,,,,,,0.731,0.784,0.757,#REF!,,0.7573333333,,,,,,,,,
,1,Y,22,0,0,0,,,,,,,,,,0.707,0.678,0.687,#REF!,,0.6906666667,,,,,,,,,
,1,Y,23,0,0,0,,,,,,,,,,0.861,0.781,0.785,#REF!,,0.809,,,,,,,,,
,1,Y,24,0,0,0,,,,,,,,,,0.775,0.711,0.766,#REF!,,0.7506666667,,,,,,,,,
,1,Y,25,0,0,0,,,,,,,,,,0.696,0.814,0.742,#REF!,,0.7506666667,,,,,,,,,
,1,Y,26,0,0,0,,,,,,,,,,0.786,0.742,0.733,#REF!,,0.7536666667,,,,,,,,,
,1,Y,27,0,0,0,,,,,,,,,,0.785,0.789,0.72,#REF!,,0.7646666667,,,,,,,,,
,1,Y,28,0,0,0,,,,,,,,,,0.7,0.76,0.856,#REF!,,0.772,,,,,,,,,
,1,Y,29,0,0,0,,,,,,,,,,0.677,0.686,0.646,#REF!,,0.6696666667,,,,,,,,,
,1,Y,30,0,0,0,,,,,,,,,,0.794,0.712,0.844,#REF!,,0.7833333333,,,,,,,,,
,1,Y,31,0,0,0,,,,,,,,,,0.721,0.759,0.695,#REF!,,0.725,,,,,,,,,
,1,Y,32,0,0,0,,,,,,,,,,0.673,0.818,0.642,#REF!,,0.711,,,,,,,,,
,1,Y,33,0,0,0,,,,,,,,,,0.739,0.688,0.719,#REF!,,0.7153333333,,,,,,,,,
,1,Y,34,0,0,0,,,,,,,,,,0.753,0.651,0.665,#REF!,,0.6896666667,,,,,,,,,
,1,Y,35,0,0,0,,,,,,,,,,0.724,0.741,0.616,#REF!,,0.6936666667,,,,,,,,,
,1,Y,36,0,0,0,,,,,,,,,,0.771,0.716,0.705,#REF!,,0.7306666667,,,,,,,,,
,1,Y,37,0,0,0,,,,,,,,,,0.754,0.724,0.745,#REF!,,0.741,,,,,,,,,
,1,Y,38,0,0,0,,,,,,,,,,0.798,0.823,0.873,#REF!,,0.8313333333,,,,,,,,,
,1,Y,39,0,0,0,,,,,,,,,,0.756,0.76,0.752,#REF!,,0.756,,,,,,,,,
,1,Y,40,0,0,0,,,,,,,,,,0.762,0.729,0.704,#REF!,,0.7316666667,,,,,,,,,
,1,Y,41,0,0,0,,,,,,,,,,0.734,0.716,0.724,#REF!,,0.7246666667,,,,,,,,,
,1,Y,42,0,0,0,,,,,,,,,,0.746,0.748,0.738,#REF!,,0.744,,,,,,,,,
,1,Y,43,0,0,0,,,,,,,,,,0.701,0.752,0.723,#REF!,,0.7253333333,,,,,,,,,
,1,Y,44,0,0,0,,,,,,,,,,0.734,0.778,0.778,#REF!,,0.7633333333,,,,,,,,,
,1,Y,45,0,0,0,,,,,,,,,,0.689,0.73,0.896,#REF!,,0.7716666667,,,,,,,,,
,1,Y,46,0,0,0,,,,,,,,,,0.79,0.832,0.874,#REF!,,0.832,,,,,,,,,
,1,Y,47,0,0,0,,,,,,,,,,0.655,0.768,0.681,#REF!,,0.7013333333,,,,,,,,,
,1,Y,48,0,0,0,,,,,,,,,,0.726,0.736,0.715,#REF!,,0.7256666667,,,,,,,,,
,1,Y,49,0,0,0,,,,,,,,,,0.75,0.732,0.752,#REF!,,0.7446666667,,,,,,,,,
,1,Y,50,0,0,0,,,,,,,,,,0.809,0.691,0.709,#REF!,,0.7363333333,,,,,,,,,
,1,O,1,0,0,0,,,,,,,,,,0.705,0.697,0.747,#REF!,,0.7163333333,,,,,,,,,
,1,O,2,0,0,0,,,,,,,,,,0.768,0.753,0.795,#REF!,,0.772,,,,,,,,,snail baseline size avg
,1,O,3,0,0,0,,,,,,,,,,0.741,0.624,0.754,#REF!,,0.7063333333,,,,,,,,,0.7138
,1,O,4,0,0,0,,,,,,,,,,0.725,0.767,0.683,#REF!,,0.725,,,,,,,,,
,1,O,5,0,0,0,,,,,,,,,,0.701,0.744,0.616,#REF!,,0.687,1,,,,,,,,
,1,O,6,0,0,0,,,,,,,,,,0.688,0.783,0.704,#REF!,,0.725,,,,,,,,,
,1,O,7,0,0,0,,,,,,,,,,0.796,0.603,0.622,#REF!,,0.6736666667,,,,,,,,,
,1,O,8,0,0,0,,,,,,,,,,0.773,0.787,0.712,#REF!,,0.7573333333,,,,,,,,,
,1,O,9,0,0,0,,,,,,,,,,0.758,0.746,0.793,#REF!,,0.7656666667,,,,,,,,,
,1,O,10,0,0,0,,,,,,,,,,0.724,0.728,0.763,#REF!,,0.7383333333,,,,,,,,,
,1,O,11,0,0,0,,,,,,,,,,0.794,0.633,0.698,#REF!,,0.7083333333,,,,,,,,,
,1,O,12,0,0,0,,,,,,,,,,0.771,0.776,0.762,#REF!,,0.7696666667,1,,,,,,,,
,1,O,13,0,0,0,,,,,,,,,,0.63,0.643,0.729,#REF!,,0.6673333333,,,,,,,,,
,1,O,14,0,0,0,,,,,,,,,,0.792,0.784,0.699,#REF!,,0.7583333333,,,,,,,,,
,1,O,15,0,0,0,,,,,,,,,,0.766,0.615,0.789,#REF!,,0.7233333333,,,1,,,,,,
,1,O,16,0,0,0,,,,,,,,,,0.785,0.727,0.739,#REF!,,0.7503333333,,,,,,,,,
,1,O,17,0,0,0,,,,,,,,,,0.713,0.697,0.636,#REF!,,0.682,,,,,,,,,
,1,O,18,0,0,0,,,,,,,,,,0.638,0.779,0.794,#REF!,,0.737,,,,,,,,,
,1,O,19,0,0,0,,,,,,,,,,0.697,0.802,0.703,#REF!,,0.734,,,,,,,,,
,1,O,20,0,0,0,,,,,,,,,,0.726,0.81,0.699,#REF!,,0.745,,,,,,,,,
,1,O,21,0,0,0,,,,,,,,,,0.678,0.789,0.742,#REF!,,0.7363333333,,,,,,,,,
,1,O,22,0,0,0,,,,,,,,,,0.748,0.691,0.704,#REF!,,0.7143333333,,,,,,,,,
,1,O,23,0,0,0,,,,,,,,,,0.799,0.729,0.817,#REF!,,0.7816666667,,,,,,,,,
,1,O,24,0,0,0,,,,,,,,,,0.688,0.643,0.692,#REF!,,0.6743333333,,,,,,,,,
,1,O,25,0,0,0,,,,,,,,,,0.759,0.674,0.599,#REF!,,0.6773333333,,,,,,,,,
,1,O,26,0,0,0,,,,,,,,,,0.725,0.712,0.687,#REF!,,0.708,1,,,,,,,,
,1,O,27,0,0,0,,,,,,,,,,0.633,0.713,0.755,#REF!,,0.7003333333,,,,,,,,,
,1,O,28,0,0,0,,,,,,,,,,0.619,0.621,0.611,#REF!,,0.617,,,,,,,,,
,1,O,29,0,0,0,,,,,,,,,,0.777,0.752,0.803,#REF!,,0.7773333333,,1,,,,,,,
,1,O,30,0,0,0,,,,,,,,,,0.688,0.766,0.732,#REF!,,0.7286666667,,,,,,,,,
,1,O,31,0,0,0,,,,,,,,,,0.758,0.809,0.708,#REF!,,0.7583333333,,,1,,,,,,
,1,O,32,0,0,0,,,,,,,,,,0.719,0.714,0.672,#REF!,,0.7016666667,,,,,,,,,
,1,O,33,0,0,0,,,,,,,,,,0.724,0.793,0.743,#REF!,,0.7533333333,,,,,,,,,
,1,O,34,0,0,0,,,,,,,,,,0.713,0.736,0.691,#REF!,,0.7133333333,,,,,,,,,
,1,O,35,0,0,0,,,,,,,,,,0.648,0.612,0.716,#REF!,,0.6586666667,,,,,,,,,
,1,O,36,0,0,0,,,,,,,,,,0.802,0.805,0.756,#REF!,,0.7876666667,,,,,,,,,
,1,O,37,0,0,0,,,,,,,,,,0.757,0.607,0.599,#REF!,,0.6543333333,,,,,,,,,
,1,O,38,0,0,0,,,,,,,,,,0.769,0.794,0.707,#REF!,,0.7566666667,,,,,,,,,
,1,O,39,0,0,0,,,,,,,,,,0.721,0.714,0.753,#REF!,,0.7293333333,,,,,,,,,
,1,O,40,0,0,0,,,,,,,,,,0.805,0.701,0.603,#REF!,,0.703,,,,,,,,,
,1,O,41,0,0,0,,,,,,,,,,0.716,0.718,0.539,#REF!,,0.6576666667,,,,,,,,,
,1,O,42,0,0,0,,,,,,,,,,0.699,0.794,0.764,#REF!,,0.7523333333,,,,,,,,,
,1,O,43,0,0,0,,,,,,,,,,0.649,0.589,0.604,#REF!,,0.614,,,,,,,,,
,1,O,44,0,0,0,,,,,,,,,,0.703,0.718,0.678,#REF!,,0.6996666667,,,,,,,,,
,1,O,45,0,0,0,,,,,,,,,,0.704,0.579,0.687,#REF!,,0.6566666667,,,,,,,,,
,1,O,46,0,0,0,,,,,,,,,,0.553,0.792,0.649,#REF!,,0.6646666667,,,,,,,,,
,1,O,47,0,0,0,,,,,,,,,,0.783,0.467,0.765,#REF!,,0.6716666667,,,,,,,,,
,1,O,48,0,0,0,,,,,,,,,,0.729,0.702,0.734,#REF!,,0.7216666667,,,,,,,,,
,1,O,49,0,0,0,,,,,,,,,,0.744,0.609,0.736,#REF!,,0.6963333333,,,,,,,,,
,1,O,50,0,0,0,,,,,,,,,,0.613,0.715,0.717,#REF!,,0.6816666667,,,,,,,,,
,1,W-1,1,0,0,0,,,,,,,,,,0.738,0.758,0.83,#REF!,,0.7753333333,,,,,,,,,
,1,W-1,2,0,0,0,,,,,,,,,,0.694,0.746,0.77,#REF!,,0.7366666667,,,,,,,,,snail baseline size avg
,1,W-1,3,0,0,0,,,,,,,,,,0.787,0.766,0.69,#REF!,,0.7476666667,,,,,,,,,0.736183908
,1,W-1,4,0,0,0,,,,,,,,,,0.717,0.701,0.789,#REF!,,0.7356666667,,,,,,,,,
,1,W-1,5,0,0,0,,,,,,,,,,0.815,0.635,0.707,#REF!,,0.719,,,,,,,,,
,1,W-1,6,0,0,0,,,,,,,,,,0.841,0.751,0.684,#REF!,,0.7586666667,,,,,,,,,
,1,W-1,7,0,0,0,,,,,,,,,,0.818,0.779,0.739,#REF!,,0.7786666667,,,,,,,,,
,1,W-1,8,0,0,0,,,,,,,,,,0.69,0.717,0.748,#REF!,,0.7183333333,,,,,,,,,
,1,W-1,9,0,0,0,,,,,,,,,,0.671,0.801,0.76,#REF!,,0.744,,,,,,,,,
,1,W-1,10,0,0,0,,,,,,,,,,0.823,0.686,0.774,#REF!,,0.761,,,,,,,,,
,1,W-1,11,0,0,0,,,,,,,,,,0.698,0.674,0.712,#REF!,,0.6946666667,,,,,,,,,
,1,W-1,12,0,0,0,,,,,,,,,,0.669,0.779,0.844,#REF!,,0.764,,,,,,,,,
,1,W-1,13,0,0,0,,,,,,,,,,0.773,0.728,0.758,#REF!,,0.753,,,,,,,,,
,1,W-1,14,0,0,0,,,,,,,,,,0.77,0.793,0.704,#REF!,,0.7556666667,,,,,,,,,
,1,W-1,15,0,0,0,,,,,,,,,,0.71,0.736,0.716,#REF!,,0.7206666667,,,,,,,,,
,1,W-1,16,0,0,0,,,,,,,,,,0.767,0.714,0.729,#REF!,,0.7366666667,,,,,,,,,
,1,W-1,17,0,0,0,,,,,,,,,,0.688,0.761,0.752,#REF!,,0.7336666667,,,,,,,,,
,1,W-1,18,0,0,0,,,,,,,,,,0.795,0.746,0.795,#REF!,,0.7786666667,,1,,,,,,,
,1,W-1,19,0,0,0,,,,,,,,,,0.747,0.702,0.784,#REF!,,0.7443333333,,,,,,,,,
,1,W-1,20,0,0,0,,,,,,,,,,0.69,0.676,0.76,#REF!,,0.7086666667,,,,,,,,,
,1,W-1,21,0,0,0,,,,,,,,,,0.763,0.716,0.731,#REF!,,0.7366666667,,,,,,,,,
,1,W-1,22,0,0,0,,,,,,,,,,0.636,0.79,0.683,#REF!,,0.703,1,,1,,,,,,
,1,W-1,23,0,0,0,,,,,,,,,,0.649,0.829,0.627,#REF!,,0.7016666667,1,,1,,,,,,
,1,W-1,24,0,0,0,,,,,,,,,,0.674,0.775,0.817,#REF!,,0.7553333333,,,,,,,,,
,1,W-1,25,0,0,0,,,,,,,,,,0.725,0.741,0.634,#REF!,,0.7,,,,,,,,,
,1,W-1,26,0,0,0,,,,,,,,,,0.738,0.856,0.662,#REF!,,0.752,,,,,,,,,
,1,W-1,27,0,0,0,,,,,,,,,,0.74,0.676,0.683,#REF!,,0.6996666667,,,,,,,,,
,1,W-1,28,0,0,0,,,,,,,,,,0.811,0.676,0.64,#REF!,,0.709,,,,,,,,,
,1,W-1,29,0,0,0,,,,,,,,,,0.734,0.657,0.79,#REF!,,0.727,,,,,,,,,
,1,W-3,1,0,0,0,,,,,,,,,,0.672,0.683,0.765,#REF!,,0.7066666667,,,,,,,,,
,1,W-3,2,0,0,0,,,,,,,,,,0.641,0.695,0.734,#REF!,,0.69,,,,,,,,,snail baseline size avg
,1,W-3,3,0,0,0,,,,,,,,,,0.725,0.722,0.797,#REF!,,0.748,,,,,,,,,0.7318275862
,1,W-3,4,0,0,0,,,,,,,,,,0.708,0.741,0.655,#REF!,,0.7013333333,,,,,,,,,
,1,W-3,5,0,0,0,,,,,,,,,,0.814,0.771,0.836,#REF!,,0.807,,,,,,,,,
,1,W-3,6,0,0,0,,,,,,,,,,0.772,0.756,0.802,#REF!,,0.7766666667,,,,,,,,,
,1,W-3,7,0,0,0,,,,,,,,,,0.828,0.667,0.662,#REF!,,0.719,1,1,,,,,,,
,1,W-3,8,0,0,0,,,,,,,,,,0.664,0.762,0.642,#REF!,,0.6893333333,,,1,,,,,,
,1,W-3,9,0,0,0,,,,,,,,,,0.678,0.808,0.806,#REF!,,0.764,1,,1,,,,,,
,1,W-3,10,0,0,0,,,,,,,,,,0.83,0.685,0.825,#REF!,,0.78,,,,,,,,,
,1,W-3,11,0,0,0,,,,,,,,,,0.788,0.655,0.789,#REF!,,0.744,,,1,,,,,,
,1,W-3,12,0,0,0,,,,,,,,,,0.83,0.702,0.818,#REF!,,0.7833333333,,1,,,,,,,
,1,W-3,13,0,0,0,,,,,,,,,,0.809,0.685,0.69,#REF!,,0.728,,,,,,,,,
,1,W-3,14,0,0,0,,,,,,,,,,0.753,0.684,0.614,#REF!,,0.6836666667,,,1,,,,,,
,1,W-3,15,0,0,0,,,,,,,,,,0.687,0.738,0.689,#REF!,,0.7046666667,,,,,,,,,
,1,W-3,16,0,0,0,,,,,,,,,,0.673,0.745,0.664,#REF!,,0.694,1,1,,,,,,,
,1,W-3,17,0,0,0,,,,,,,,,,0.712,0.709,0.715,#REF!,,0.712,1,,,,,,,,
,1,W-3,18,0,0,0,,,,,,,,,,0.659,0.783,0.739,#REF!,,0.727,1,,1,,,,,,
,1,W-3,19,0,0,0,,,,,,,,,,0.798,0.788,0.739,#REF!,,0.775,,,,,,,,,
,1,W-3,20,0,0,0,,,,,,,,,,0.742,0.77,0.656,#REF!,,0.7226666667,,,,,,,,,
,1,W-3,21,0,0,0,,,,,,,,,,0.734,0.762,0.668,#REF!,,0.7213333333,,,,,,,,,
,1,W-3,22,0,0,0,,,,,,,,,,0.769,0.77,0.726,#REF!,,0.755,,,,,,,,,
,1,W-3,23,0,0,0,,,,,,,,,,0.666,0.723,0.706,#REF!,,0.6983333333,,,,,,,,,
,1,W-3,24,0,0,0,,,,,,,,,,0.67,0.746,0.74,#REF!,,0.7186666667,,,,,,,,,
,1,W-3,25,0,0,0,,,,,,,,,,0.764,0.693,0.674,#REF!,,0.7103333333,,,,,,,,,
,1,W-3,26,0,0,0,,,,,,,,,,0.79,0.696,0.668,#REF!,,0.718,,,,,,,,,
,1,W-3,27,0,0,0,,,,,,,,,,0.731,0.627,0.896,0.7513333333,,0.7513333333,,,,,,,,,
,1,W-3,28,0,0,0,,,,,,,,,,0.8,0.703,0.757,0.7533333333,,0.7533333333,,,,,,,,,
,1,W-3,29,0,0,0,,,,,,,,,,0.793,0.586,0.842,#VALUE!,,0.7403333333,,,,,,,,,
,2,G,1,0,0,0,,,,12,16,16,10,x,,0.742,0.793,0.742,0.01866666667,,0.759,,,,,,,,,
,2,G,2,0,0,0,,,,1,8,8,0,0,,0.718,0.779,0.761,0.019,,0.7526666667,,,,,,,,,G growth avg:
,2,G,3,0,0,0,,,,2,9,9,9,x,,0.758,0.648,0.732,0.0003333333333,,0.7126666667,,,,,,,,,0.04410666667
,2,G,4,0,0,0,,,,2,2,2,0,0,,0.692,0.817,0.845,0.01366666667,,0.7846666667,,,,,,,,,
,2,G,5,0,0,0,,,,7,13,13,3,x,,0.771,0.784,0.824,0.01066666667,,0.793,,,,,,,,,
,2,G,6,0,0,0,,,,9,11,11,0,4,,0.908,0.795,0.753,0.014,,0.8186666667,,,,,,,,,
,2,G,7,0,0,0,,,,2,15,15,0,0,,0.767,0.802,0.747,0.018,,0.772,,,,,,,,,
,2,G,8,0,0,0,,,,11,16,16,11,2,,0.753,0.796,0.706,0.01266666667,,0.7516666667,,,,,,,,,
,2,G,9,0,0,0,,,,6,9,9,1,1,,0.777,0.77,0.731,0.01166666667,,0.7593333333,,,,,,,,,
,2,G,10,0,0,0,,,,2,9,9,0,0,,0.811,0.876,0.828,0.01433333333,,0.8383333333,,,,,,,,,
,2,G,11,0,0,0,,,,1,8,8,7,0,,0.763,0.705,0.694,0.019,,0.7206666667,,,,,,,,,
,2,G,12,0,0,0,,,,5,10,10,7,x,,0.74,0.775,0.739,0.01733333333,,0.7513333333,,,,,,,,,
,2,G,13,0,0,0,,,,4,9,9,0,0,,0.753,0.872,0.781,0.01966666667,,0.802,,,,,,,,,
,2,G,14,0,0,0,,,,12,14,14,12,x,,0.883,0.875,0.78,0.06866666667,,0.846,,,,,,,,,
,2,G,15,0,0,0,,,,10,15,15,15,x,,0.803,0.852,0.829,0.08866666667,,0.828,,,,,,,,,
,2,G,16,0,0,0,,,,12,13,13,12,x,,0.826,0.876,0.893,0.046,,0.865,,,,,,,,,
,2,G,17,0,0,0,,,,6,10,10,0,0,,0.895,0.784,0.694,0.05866666667,,0.791,,,,,,,,,
,2,G,18,0,0,0,,,,11,10,10,2,x,,0.851,0.803,0.901,0.047,,0.8516666667,,,,,,,,,
,2,G,19,0,0,0,,,,7,12,12,11,x,,0.721,0.8,0.785,0.02266666667,,0.7686666667,,,,,,,,,
,2,G,20,0,0,0,,,,7,14,14,3,x,,0.776,0.8,0.748,0.05033333333,,0.7746666667,,,,,,,,,
,2,G,21,0,0,0,,,,0,0,0,NA,NA,,0.777,0.762,0.77,0.06333333333,,0.7696666667,,,,,,,,,
,2,G,22,0,0,0,,,,6,15,15,3,x,,0.801,0.787,0.802,0.053,,0.7966666667,,,,,,,,,
,2,G,23,0,0,0,,,,8,13,13,6,x,,0.821,0.796,0.75,0.06866666667,,0.789,,,,,,,,,
,2,G,24,0,0,0,,,,2,1,1,0,0,,0.935,0.828,0.71,0.029,,0.8243333333,,,,,,,,,
,2,G,25,0,0,0,,,,3,12,12,0,0,,0.869,0.836,0.866,0.033,,0.857,,,,,,,,,
,2,G,26,0,0,0,,,,1,1,1,0,0,,0.809,0.823,0.855,0.041,,0.829,,,,,,,,,
,2,G,27,0,0,0,,,,11,1,11,3,4,,0.938,0.866,0.938,0.08366666667,,0.914,,,,,,,,,
,2,G,28,0,0,0,,,,5,10,10,3,x,,0.83,0.796,0.711,0.04366666667,,0.779,,,,,,,,,
,2,G,29,0,0,0,,,,6,14,14,7,x,,0.861,0.855,0.826,0.06266666667,,0.8473333333,,,,,,,,,
,2,G,30,0,0,0,,,,1,0,0,NA,NA,,0.762,0.868,0.76,0.06166666667,,0.7966666667,,,,,,,,,
,2,G,31,0,0,0,,,,8,13,13,0,x,,0.77,0.809,0.827,0.04966666667,,0.802,,,,,,,,,
,2,G,32,0,0,0,,,,10,10,10,1,9,,0.851,0.884,0.865,0.066,,0.8666666667,,,,,,,,,
,2,G,33,0,0,0,,,,2,8,8,0,0,,0.865,0.82,0.804,0.05033333333,,0.8296666667,,,,,,,,,
,2,G,34,0,0,0,,,,9,13,13,5,6,,0.813,0.854,0.781,0.061,,0.816,,,,,,,,,
,2,G,35,0,0,0,,,,3,2,2,0,0,,0.764,0.722,0.814,0.0006666666667,,0.7666666667,,,,,,,,,
,2,G,36,0,0,0,,,,6,11,11,11,x,,0.774,0.783,0.76,0.037,,0.7723333333,,,,,,,,,
,2,G,37,0,0,0,,,,10,12,12,0,4,,0.863,0.892,0.805,0.082,,0.8533333333,1,1,,1,1,,,,
,2,G,38,0,0,0,,,,5,10,10,10,x,,0.799,0.81,0.779,0.05133333333,,0.796,,,,,,,,,
,2,G,39,0,0,0,,,,9,10,10,7,x,,0.872,0.837,0.862,0.078,,0.857,,,,,,,1,,
,2,G,40,0,0,0,,,,11,10,7,6,x,,0.818,0.837,0.832,0.07566666667,,0.829,,,,,,,,,
,2,G,41,0,0,0,,,,10,14,13,3,1,,0.867,0.791,0.786,0.055,,0.8146666667,,1,1,,1,1,,,
,2,G,42,0,0,0,,,,3,8,8,0,0,,0.876,0.832,0.917,0.04566666667,,0.875,,,,,,,,,
,2,G,43,0,0,0,,,,3,14,14,6,x,,0.755,0.735,0.81,0.08066666667,,0.7666666667,,,,,,,,,
,2,G,44,0,0,0,,,,5,14,14,11,x,,0.879,0.857,0.898,0.056,,0.878,,,,,,,,,
,2,G,45,0,0,0,,,,9,9,9,7,x,,0.822,0.833,0.837,0.01333333333,,0.8306666667,,,,,,,,,
,2,G,46,0,0,0,,,,13,12,12,2,x,,0.814,0.73,0.843,0.05033333333,,0.7956666667,,,,,,,,,
,2,G,47,0,0,0,,,,10,11,11,0,5,,0.88,0.787,0.856,0.05833333333,,0.841,,,,,,,,,
,2,G,48,0,0,0,,,,3,9,9,0,0,,0.766,0.808,0.816,0.06233333333,,0.7966666667,,1,1,,1,1,,,
,2,G,49,0,0,0,,,,8,10,10,10,x,,0.829,0.825,0.806,0.04733333333,,0.82,,,,,,,,,
,2,G,50,0,0,0,,,,5,10,10,9,x,,0.783,0.876,0.815,0.074,,0.8246666667,,1,1,,1,1,,,
,2,Y,1,0,0,0,,,,5,13,13,0,0,,0.715,0.784,0.79,0.05233333333,,0.763,,,,,,,,,
,2,Y,2,0,0,0,,,,12,15,15,13,x,,0.868,0.725,0.78,0.06166666667,,0.791,,,,,,,,,G growth avg:
,2,Y,3,0,0,0,,,,4,12,12,0,0,,0.791,0.818,0.787,0.07366666667,,0.7986666667,,,,,,,,,#VALUE!
,2,Y,4,0,0,0,,,,4,11,11,0,0,,0.838,0.786,0.765,0.016,,0.7963333333,1,1,,1,1,,,,
,2,Y,5,0,0,0,,,,7,12,12,0,0,,0.959,0.858,0.875,0.09366666667,,0.8973333333,,,,,,,,,
,2,Y,6,0,0,0,,,,13,13,13,12,x,,0.907,0.81,0.819,0.109,,0.8453333333,,,,,,,,,
,2,Y,7,0,0,0,,,,2,12,12,0,0,,0.761,0.87,0.766,0.03533333333,,0.799,,,,,,,,,
,2,Y,8,0,0,0,,,,6,10,10,0,0,,0.78,0.715,0.644,0.045,,0.713,,,,,,,,,
,2,Y,9,0,0,0,,,,2,12,12,0,0,,0.763,0.813,0.799,0.05433333333,,0.7916666667,,,,,,,,,
,2,Y,10,0,0,0,,,,6,10,10,0,0,,0.719,0.857,0.781,0.03533333333,,0.7856666667,,,,,,,,,
,2,Y,11,0,0,0,,,,2,9,9,0,0,,0.681,0.671,0.737,0.056,,0.6963333333,,,,,,,,,
,2,Y,12,0,0,0,,,,2,13,13,0,0,,0.653,0.738,0.783,0.01666666667,,0.7246666667,,,,,,,,,
,2,Y,13,0,0,0,,,,10,11,11,8,x,,0.829,0.788,0.761,0.05666666667,,0.7926666667,,,,,,,,,
,2,Y,14,0,0,0,,,,4,11,11,0,0,,0.872,0.74,0.74,0.04733333333,,0.784,,,,,,,,,
,2,Y,15,0,0,0,,,,3,12,12,0,0,,0.735,0.746,0.737,0.05366666667,,0.7393333333,,,,,,,,,
,2,Y,16,0,0,0,,,,18,12,12,12,x,,0.84,0.842,0.809,0.07366666667,,0.8303333333,,,,,,,,,
,2,Y,17,0,0,0,,,,5,10,10,8,x,,0.768,0.781,0.761,0.09633333333,,0.77,,,,,,,,,
,2,Y,18,0,0,0,,,,6,15,15,0,0,,0.802,0.715,0.723,0.03266666667,,0.7466666667,,,,,,,,,
,2,Y,19,0,0,0,,,,8,15,15,0,0,,0.831,0.805,0.731,0.05966666667,,0.789,,,,,,,,,
,2,Y,20,0,0,0,,,,10,15,15,15,x,,0.84,0.71,0.757,0.05266666667,,0.769,,,,,,,,,
,2,Y,21,0,0,0,,,,2,12,12,0,0,,0.829,0.804,0.85,0.07033333333,,0.8276666667,,,,,,,,,
,2,Y,22,0,0,0,,,,1,3,3,0,0,,0.751,0.764,0.726,0.05633333333,,0.747,,,,,,,,,
,2,Y,23,0,0,0,,,,6,15,15,0,0,,0.834,0.888,0.822,0.039,,0.848,,,,,,,,,
,2,Y,24,0,0,0,,,,3,12,12,0,0,,0.819,0.762,0.8,0.043,,0.7936666667,,,,,,,,,
,2,Y,25,0,0,0,,,,2,0,0,NA,NA,,0.78,0.751,0.816,0.03166666667,,0.7823333333,,,,,,,,,
,2,Y,26,0,0,0,,,,3,8,8,0,0,,0.797,0.76,0.802,0.03266666667,,0.7863333333,,,,,,,,,
,2,Y,27,0,0,0,,,,6,13,13,9,x,,0.821,0.834,0.761,0.04066666667,,0.8053333333,,,,,,,,,
,2,Y,28,0,0,0,,,,9,12,12,3,0,,0.713,0.805,0.894,0.032,,0.804,,,,,,,,,
,2,Y,29,0,0,0,,,,14,16,16,0,8,,0.749,0.793,0.779,0.104,,0.7736666667,,,,,,,,,
,2,Y,30,0,0,0,,,,9,11,11,11,x,,0.933,0.797,0.867,0.08233333333,,0.8656666667,,,,,,,,,
,2,Y,31,0,0,0,,,,2,7,7,0,0,,0.735,0.747,0.81,0.039,,0.764,,,,,,,,,
,2,Y,32,0,0,0,,,,4,14,14,5,0,,0.869,0.727,0.75,0.071,,0.782,,,,,,,,,
,2,Y,33,0,0,0,,,,8,15,15,13,x,,0.805,0.739,0.765,0.05433333333,,0.7696666667,,,,,,,,,
,2,Y,34,0,0,0,,,,3,11,11,1,x,,0.746,0.794,0.736,0.069,,0.7586666667,,,,,,,,,
,2,Y,35,0,0,0,,,,2,6,6,0,0,,0.8,0.813,0.648,0.06,,0.7536666667,,,,,,,,,
,2,Y,36,0,0,0,,,,4,11,11,0,1,,0.744,0.826,0.774,0.05066666667,,0.7813333333,,,,,,,,,
,2,Y,37,0,0,0,,,,7,11,11,3,0,,0.764,0.823,0.8,0.05466666667,,0.7956666667,,,,,,,,,
,2,Y,38,0,0,0,,,,9,13,13,0,0,,0.875,0.821,0.896,0.03266666667,,0.864,,,,,,,,,2 plastic instead of 1 in the jar
,2,Y,39,0,0,0,,,,18,13,11,11,x,,0.834,0.845,0.834,0.08166666667,,0.8376666667,,,,,,,,,
,2,Y,40,0,0,0,,,,4,9,9,0,0,,0.708,0.791,0.815,0.03966666667,,0.7713333333,,,,,,,,,
,2,Y,41,0,0,0,,,,3,15,15,0,0,,0.765,0.751,0.823,0.055,,0.7796666667,,,,,,,,,
,2,Y,42,0,0,0,,,,7,14,14,0,0,,0.774,0.78,0.838,0.05333333333,,0.7973333333,,,,,,,,,
,2,Y,43,0,0,0,,,,12,11,11,11,x,,0.811,0.767,0.782,0.06133333333,,0.7866666667,,,,,,,,,
,2,Y,44,0,0,0,,,,14,12,12,1,3,,0.833,0.784,0.887,0.07133333333,,0.8346666667,,,,,,,,,
,2,Y,45,0,0,0,,,,3,12,12,0,0,,0.739,0.919,0.766,0.03633333333,,0.808,,,,,,,,,
,2,Y,46,1,1,1,2,2,2,0,NA,NA,NA,NA,,NA,NA,NA,#VALUE!,,NA,,,,,,,,,
,2,Y,47,0,0,0,,,,3,10,10,0,0,,0.721,0.728,0.822,0.05566666667,,0.757,,,,,,,,,
,2,Y,48,0,0,0,,,,4,10,10,0,0,,0.798,0.792,0.775,0.06266666667,,0.7883333333,,,,,,,,,
,2,Y,49,0,0,0,,,,8,10,10,3,x,,0.769,0.834,0.812,0.06033333333,,0.805,,,,,,,,,
,2,Y,50,0,0,0,,,,5,10,10,0,0,,0.739,0.734,0.86,0.04133333333,,0.7776666667,,,,,,,,,
,2,O,1,0,0,0,,,,10,10,10,6,x,,0.711,0.692,0.766,0.006666666667,,0.723,,,,,,,,,
,2,O,2,0,0,0,,,,11,11,10,9,x,,0.769,0.759,0.789,0.0003333333333,,0.7723333333,,1,1,,1,1,,,growth avg
,2,O,3,0,0,0,,,,17,8,6,6,x,,0.708,0.687,0.769,0.015,,0.7213333333,,,,,,,,,0.0241
,2,O,4,1,0,0,2,,,10,7,7,7,x,,0.743,0.778,0.756,0.034,,0.759,,,,,,,,,
,2,O,5,0,0,0,,,,13,6,6,0,6,,0.712,0.685,0.764,0.03333333333,,0.7203333333,,,,,,,,,
,2,O,6,0,0,0,,,,14,10,10,10,x,,0.789,0.752,0.699,0.02166666667,,0.7466666667,,,,,,,,,
,2,O,7,0,0,0,,,,17,9,9,9,x,,0.723,0.714,0.603,0.006333333333,,0.68,,,,,,,,,
,2,O,8,0,0,0,,,,6,9,9,8,x,,0.726,0.783,0.788,0.008333333333,,0.7656666667,,,,,,,,,
,2,O,9,0,0,0,,,,1,4,4,0,0,,0.729,0.798,0.789,0.006333333333,,0.772,,,,,,,,,
,2,O,10,0,0,0,,,,1,10,10,10,x,,0.699,0.728,0.789,0.0003333333333,,0.7386666667,,,,,,,,,
,2,O,11,0,0,0,,,,0,0,0,NA,NA,,0.691,0.735,0.707,0.002666666667,,0.711,,,,,,,,,
,2,O,12,0,0,0,,,,7,11,11,11,x,,0.803,0.759,0.748,0.0003333333333,,0.77,,,,,,,,,
,2,O,13,0,0,0,,,,1,7,7,0,0,,0.693,0.696,0.703,0.03,,0.6973333333,,,,,,,,,
,2,O,14,0,0,0,,,,5,6,6,0,0,,0.708,0.799,0.778,0.003333333333,,0.7616666667,,,,,,,,,
,2,O,15,0,0,0,,,,5,8,8,0,0,,0.733,0.677,0.779,0.006333333333,,0.7296666667,,,,,,,,,
,2,O,16,0,0,0,,,,9,11,11,0,0,,0.734,0.798,0.761,0.014,,0.7643333333,,,,,,,,,
,2,O,17,0,0,0,,,,10,9,9,9,x,,0.799,0.732,0.731,0.072,,0.754,,,,,,,,,
,2,O,18,0,0,0,,,,6,12,12,0,0,,0.786,0.767,0.742,0.028,,0.765,,,,,,,,,
,2,O,19,0,0,0,,,,7,7,7,6,x,,0.724,0.776,0.714,0.004,,0.738,,,,,,,,,
,2,O,20,0,0,0,,,,3,12,12,0,0,,0.787,0.726,0.723,0.0003333333333,,0.7453333333,,,,,,,,,
,2,O,21,0,0,0,,,,1,8,8,0,0,,0.648,0.787,0.776,0.0006666666667,,0.737,,,,,,,,,
,2,O,22,0,0,0,,,,3,9,9,0,0,,0.657,0.793,0.755,0.02066666667,,0.735,,,,,,,,,
,2,O,23,0,0,0,,,,7,12,12,0,0,,0.792,0.778,0.789,0.004666666667,,0.7863333333,,,,,,,,,
,2,O,24,0,0,0,,,,7,10,10,9,x,,0.653,0.701,0.689,0.006666666667,,0.681,,,,,,,,,
,2,O,25,0,0,0,,,,16,7,7,7,x,,0.735,0.738,0.672,0.03766666667,,0.715,,,,,,,,,
,2,O,26,0,0,0,,,,17,9,9,9,x,,0.752,0.692,0.763,0.02766666667,,0.7356666667,,,,,,,,,
,2,O,27,0,0,0,,,,3,7,7,0,0,,0.687,0.759,0.731,0.02533333333,,0.7256666667,,,,,,,,,
,2,O,28,1,1,1,2,2,2,0,0,0,NA,NA,,0.705,0.718,0.716,0.096,,0.713,,,,,,,,,
,2,O,29,0,0,0,,,,16,9,9,5,1,,0.734,0.785,0.831,0.006,,0.7833333333,,,,,,,,,
,2,O,30,0,0,0,,,,12,12,12,9,x,,0.776,0.711,0.746,0.01566666667,,0.7443333333,,,,,,,,,
,2,O,31,0,0,0,,,,3,14,14,0,0,,0.776,0.786,0.738,0.008333333333,,0.7666666667,,,,,,,,,
,2,O,32,0,0,0,,,,13,12,12,12,x,,0.772,0.741,0.769,0.059,,0.7606666667,,,,,,,,,
,2,O,33,0,0,0,,,,3,10,10,0,0,,0.758,0.783,0.742,0.007666666667,,0.761,,,,,,,,,
,2,O,34,0,0,0,,,,4,8,8,0,0,,0.678,0.698,0.769,0.001666666667,,0.715,,,,,,,,,
,2,O,35,0,0,0,,,,16,9,9,9,x,,0.635,0.682,0.732,0.02433333333,,0.683,1,1,,1,1,,,,
,2,O,36,0,0,0,,,,15,10,10,9,x,,0.725,0.811,0.832,0.001666666667,,0.7893333333,,,,,,,,,
,2,O,37,0,0,0,,,,3,12,12,0,0,,0.704,0.677,0.802,0.07333333333,,0.7276666667,,,,,,,,,
,2,O,38,0,0,0,,,,1,6,6,0,0,,0.702,0.789,0.788,0.003,,0.7596666667,,,,,,,,,
,2,O,39,0,0,0,,,,3,10,10,0,0,,0.767,0.734,0.725,0.01266666667,,0.742,,,,,,,,,
,2,O,40,0,0,0,,,,3,11,11,0,0,,0.733,0.801,0.737,0.054,,0.757,,,,,,,,,
,2,O,41,0,0,0,,,,2,11,11,0,0,,0.599,0.703,0.687,0.005333333333,,0.663,,,,,,,,,
,2,O,42,0,0,0,,,,4,13,13,10,3,,0.788,0.787,0.687,0.001666666667,,0.754,,,,,,,,,
,2,O,43,0,0,0,,,,5,4,4,3,x,,0.704,0.762,0.788,0.1373333333,,0.7513333333,,,,,,,,,
,2,O,44,0,0,0,,,,2,7,7,0,0,,0.704,0.705,0.719,0.009666666667,,0.7093333333,,,,,,,,,
,2,O,45,0,0,0,,,,7,12,12,0,0,,0.744,0.724,0.736,0.078,,0.7346666667,,,,,,,,,
,2,O,46,0,0,0,,,,3,9,9,0,0,,0.731,0.741,0.721,0.06633333333,,0.731,,,,,,,,,
,2,O,47,0,0,0,,,,4,5,5,0,0,,0.643,0.693,0.796,0.039,,0.7106666667,,,,,,,,,
,2,O,48,0,0,0,,,,2,11,11,0,0,,0.748,0.738,0.699,0.006666666667,,0.7283333333,,,,,,,,,
,2,O,49,0,0,0,,,,2,10,10,0,0,,0.743,0.786,0.726,0.05533333333,,0.7516666667,1,1,,1,1,,,,
,2,O,50,0,0,0,,,,4,11,11,0,0,,0.703,0.713,0.706,0.02566666667,,0.7073333333,,,,,,,,,
,2,W-1,1,0,0,0,,,,5,16,16,4,1,,0.823,0.847,0.741,0.02833333333,,0.8036666667,,,,,,,,,
,2,W-1,2,0,0,0,,,,1,0,0,NA,NA,,0.702,0.788,0.762,0.014,,0.7506666667,,,,,,,,,growth avg
,2,W-1,3,0,0,0,,,,1,8,8,0,0,,0.784,0.738,0.735,0.004666666667,,0.7523333333,,,,,,,,,0.05471264368
,2,W-1,4,0,0,0,,,,8,10,10,4,x,,0.767,0.733,0.826,0.03966666667,,0.7753333333,,,,,,,,,
,2,W-1,5,0,0,0,,,,8,9,9,9,x,,0.709,0.782,0.858,0.064,,0.783,,,,,,,,,
,2,W-1,6,0,0,0,,,,3,11,11,0,0,,0.803,0.873,0.782,0.06066666667,,0.8193333333,,,,,,,,,
,2,W-1,7,0,0,0,,,,18,11,11,10,x,,0.857,0.787,0.8,0.036,,0.8146666667,,,,,,,,,
,2,W-1,8,0,0,0,,,,7,9,9,8,x,,0.765,0.802,0.731,0.04766666667,,0.766,,,,,,,,,
,2,W-1,9,0,0,0,,,,15,9,9,1,x,,0.829,0.825,0.756,0.05933333333,,0.8033333333,,,,,,,,,
,2,W-1,10,0,0,0,,,,7,12,12,0,12,,0.864,0.827,0.737,0.04833333333,,0.8093333333,,,,,,,,,
,2,W-1,11,0,0,0,,,,0,0,0,NA,NA,,0.746,0.791,0.76,0.071,,0.7656666667,,,,,,,,,
,2,W-1,12,0,0,0,,,,2,7,7,0,0,,0.791,0.829,0.717,0.015,,0.779,,,,,,,,,
,2,W-1,13,0,0,0,,,,10,11,11,8,x,,0.815,0.857,0.795,0.06933333333,,0.8223333333,1,1,,1,1,,,,
,2,W-1,14,0,0,0,,,,8,9,9,8,0,,0.797,0.783,0.835,0.04933333333,,0.805,,,,,,,,,
,2,W-1,15,0,0,0,,,,8,10,10,5,x,,0.765,0.77,0.779,0.05066666667,,0.7713333333,,,,,,,,,
,2,W-1,16,0,0,0,,,,5,9,9,9,x,,0.801,0.813,0.793,0.06566666667,,0.8023333333,,,,,,,,,
,2,W-1,17,0,0,0,,,,9,13,13,13,x,,0.72,0.823,0.817,0.053,,0.7866666667,,,,,,,,,
,2,W-1,18,0,0,0,,,,11,11,11,0,11,,0.811,0.882,0.913,0.09,,0.8686666667,,,,,,,,,
,2,W-1,19,0,0,0,,,,10,8,8,1,x,,0.726,0.767,0.804,0.02133333333,,0.7656666667,,,,,,,,,
,2,W-1,20,0,0,0,,,,5,10,10,7,x,,0.81,0.83,0.802,0.1053333333,,0.814,,1,1,,1,1,,,
,2,W-1,21,0,0,0,,,,12,11,11,11,x,,0.804,0.764,0.725,0.02766666667,,0.7643333333,,,,,,,,,
,2,W-1,22,0,0,0,,,,18,9,9,2,x,,0.714,0.863,0.823,0.097,,0.8,,1,1,,1,1,,,
,2,W-1,23,0,0,0,,,,10,12,12,9,0,,0.867,0.827,0.79,0.1263333333,,0.828,,1,1,,1,1,,,
,2,W-1,24,0,0,0,,,,8,14,14,0,1,,0.834,0.811,0.814,0.06433333333,,0.8196666667,,,,,,,,,
,2,W-1,25,0,0,0,,,,11,9,9,6,x,,0.657,0.784,0.71,0.017,,0.717,,,,,,,,,
,2,W-1,26,0,0,0,,,,6,10,10,3,x,,0.707,0.875,0.831,0.05233333333,,0.8043333333,,1,1,,1,1,,,
,2,W-1,27,0,0,0,,,,7,8,8,8,x,,0.791,0.744,0.789,0.075,,0.7746666667,,,,,,,,,
,2,W-1,28,0,0,0,,,,6,7,7,5,x,,0.889,0.774,0.74,0.092,,0.801,,,,,,,,,
,2,W-1,29,0,0,0,,,,7,8,8,8,x,,0.717,0.853,0.736,0.04166666667,,0.7686666667,,1,1,,1,1,,,
,2,W-3,1,0,0,0,,,,12,9,9,7,x,,0.78,0.845,0.74,0.08166666667,0.0006436781609,0.7883333333,,,,,,,,,
,2,W-3,2,0,0,0,,,,11,8,8,1,x,,0.75,0.803,0.688,0.057,-0.02402298851,0.747,,,,,,,,,growth avg
,2,W-3,3,0,0,0,,,,13,11,11,5,x,,0.837,0.795,0.811,0.06633333333,-0.01468965517,0.8143333333,,1,1,,1,1,,,0.08102298851
,2,W-3,4,0,0,0,,,,9,6,6,3,x,,0.822,0.738,0.839,0.09833333333,0.01731034483,0.7996666667,,,,,,,,,
,2,W-3,5,0,0,0,,,,20,10,10,10,x,,0.896,0.893,0.811,0.05966666667,-0.02135632184,0.8666666667,,,,,,,,,
,2,W-3,6,0,0,0,,,,10,9,9,6,x,,0.828,0.801,0.759,0.01933333333,-0.06168965517,0.796,,1,1,,1,1,,,
,2,W-3,7,0,0,0,,,,6,11,11,10,x,,0.936,0.718,0.836,0.111,0.02997701149,0.83,,,,,,,,,
,2,W-3,8,0,0,0,,,,4,10,10,10,x,,0.74,0.733,0.758,0.05433333333,-0.02668965517,0.7436666667,1,1,,1,1,,,,
,2,W-3,9,0,0,0,,,,3,15,15,0,0,,0.848,0.842,0.811,0.06966666667,-0.01135632184,0.8336666667,,,,,,,,,
,2,W-3,10,0,0,0,,,,5,9,9,0,0,,0.865,0.741,0.86,0.042,-0.03902298851,0.822,,,,,,,,,
,2,W-3,11,0,0,0,,,,3,10,10,0,0,,0.731,0.877,0.887,0.08766666667,0.006643678161,0.8316666667,,,,,,,,,
,2,W-3,12,0,0,0,,,,3,15,15,0,0,,0.797,0.804,0.877,0.04266666667,-0.03835632184,0.826,,,,,,,,,
,2,W-3,13,0,0,0,,,,3,10,10,0,0,,0.86,0.74,0.768,0.06133333333,-0.01968965517,0.7893333333,,,,,,,,,
,2,W-3,14,0,0,0,,,,10,9,9,0,x,,0.839,0.728,0.793,0.103,0.02197701149,0.7866666667,,,,,,,,,
,2,W-3,15,0,0,0,,,,5,8,8,4,x,,0.762,0.854,0.782,0.09466666667,0.01364367816,0.7993333333,,,,,,,,,
,2,W-3,16,0,0,0,,,,6,11,11,10,x,,0.784,0.787,0.876,0.1216666667,0.04064367816,0.8156666667,,,,,,,,,
,2,W-3,17,0,0,0,,,,9,10,10,5,x,,0.788,0.822,0.86,0.1113333333,0.03031034483,0.8233333333,,,,,,,,,
,2,W-3,18,0,0,0,,,,10,11,11,8,x,,0.791,0.922,0.85,0.1273333333,0.04631034483,0.8543333333,,,,,,,,,
,2,W-3,19,0,0,0,,,,7,15,15,0,0,,0.816,0.859,0.862,0.07066666667,-0.01035632184,0.8456666667,,,,,,,,,
,2,W-3,20,0,0,0,,,,5,12,12,12,x,,0.792,0.867,0.919,0.1366666667,0.05564367816,0.8593333333,,,,,,,,,
,2,W-3,21,0,0,0,,,,4,7,7,7,x,,0.835,0.785,0.772,0.076,-0.005022988506,0.7973333333,,,,,,,,,
,2,W-3,22,0,0,0,,,,0,0,0,NA,NA,,0.848,0.783,0.83,0.06533333333,-0.01568965517,0.8203333333,,,,,,,,,
,2,W-3,23,0,0,0,,,,4,11,11,0,0,,0.736,0.787,0.828,0.08533333333,0.004310344828,0.7836666667,,,,,,,,,
,2,W-3,24,0,0,0,,,,12,13,13,7,x,,0.841,0.775,0.838,0.09933333333,0.01831034483,0.818,,,,,,,,,
,2,W-3,25,0,0,0,,,,4,12,12,9,x,,0.881,0.806,0.778,0.1113333333,0.03031034483,0.8216666667,,,,,,,,,
,2,W-3,26,0,0,0,,,,5,8,8,4,x,,0.74,0.881,0.789,0.08533333333,0.004310344828,0.8033333333,,,,,,,,,
,2,W-3,27,0,0,0,,,,9,13,13,0,0,,0.81,0.915,0.723,0.06466666667,-0.01635632184,0.816,,,,,,,,,
,2,W-3,28,0,0,0,,,,5,9,9,0,0,,0.867,0.822,0.88,0.103,0.02197701149,0.8563333333,,,,,,,,,
,2,W-3,29,0,0,0,,,,3,10,10,0,0,,0.716,0.933,0.701,0.043,-0.03802298851,0.7833333333,,,,,,,,,
,3,G,1,0,0,0,,,,11,12,12,12,x,,0.842,0.806,0.819,0.06333333333,,0.8223333333,,,,,,,,,
,3,G,2,0,0,0,,,,6,5,5,2,x,,0.805,0.832,0.868,0.08233333333,,0.835,,,,,,,,,growth avg
,3,G,3,0,0,0,,,,16,9,9,6,x,,0.806,0.84,0.804,0.104,,0.8166666667,,,,,,,,,0.04112666667
,3,G,4,0,0,0,,,,11,16,16,1,10,,0.818,0.888,0.884,0.07866666667,,0.8633333333,,,,,,,,,
,3,G,5,0,0,0,,,,14,10,9,7,x,,0.871,0.847,0.886,0.075,,0.868,,,,,,,,,
,3,G,6,0,0,0,,,,11,10,10,10,x,,0.859,0.861,0.976,0.08,,0.8986666667,,,,,,,1,,
,3,G,7,0,0,0,,,,6,12,12,2,x,,0.84,0.861,0.819,0.068,,0.84,,,,,,,,,
,3,G,8,0,0,0,,,,8,11,11,8,x,,0.809,0.869,0.865,0.096,,0.8476666667,,,,,,,,,
,3,G,9,0,0,0,,,,7,12,12,9,x,,0.832,0.85,0.815,0.073,,0.8323333333,,,,,,,,,
,3,G,10,0,0,0,,,,11,13,13,11,x,,0.886,0.821,0.846,0.01266666667,,0.851,,,,,,,,,
,3,G,11,0,0,0,,,,14,9,9,7,x,,0.785,0.832,0.823,0.09266666667,,0.8133333333,,,,,,,,,
,3,G,12,0,0,0,,,,9,12,12,12,x,,0.804,0.853,0.812,0.07166666667,,0.823,,,,,,,,,
,3,G,13,0,0,0,,,,13,14,14,8,x,,0.848,0.83,0.93,0.06733333333,,0.8693333333,,,,,,,,,
,3,G,14,0,0,0,,,,3,11,11,0,0,,0.891,0.77,0.962,0.02833333333,,0.8743333333,,,,,,,,,
,3,G,15,0,0,0,,,,9,12,12,3,x,,0.839,0.839,0.886,0.02666666667,,0.8546666667,,,,,,,,,
,3,G,16,0,0,0,,,,21,14,14,14,x,,0.882,0.853,0.876,0.005333333333,,0.8703333333,,,,,,,,,
,3,G,17,0,0,0,,,,5,7,7,7,x,,0.813,0.705,0.899,0.01466666667,,0.8056666667,,,,,,,,,
,3,G,18,0,0,0,,,,5,8,8,8,x,,0.874,0.887,0.915,0.04033333333,,0.892,,,,,,,,,
,3,G,19,0,0,0,,,,13,9,9,1,x,,0.853,0.815,0.78,0.04733333333,,0.816,,,,,,,,,
,3,G,20,0,0,0,,,,10,11,11,5,x,,0.794,0.852,0.812,0.04466666667,,0.8193333333,,,,,,,,,
,3,G,21,0,0,0,,,,11,11,11,5,x,,0.791,0.823,0.813,0.03933333333,,0.809,,1,1,,1,1,,,
,3,G,22,0,0,0,,,,7,13,13,4,3,,0.835,0.867,0.808,0.04,,0.8366666667,,,,,,,,,
,3,G,23,0,0,0,,,,5,9,9,9,x,,0.828,0.784,0.815,0.02,,0.809,,,,,,,,,
,3,G,24,0,0,0,,,,5,7,7,2,x,,0.852,0.922,0.74,0.01366666667,,0.838,,,,,,,1,1,
,3,G,25,0,0,0,,,,5,6,6,3,x,,0.931,0.841,0.921,0.04066666667,,0.8976666667,,,,,,,,,
,3,G,26,0,0,0,,,,22,14,14,11,x,,0.856,0.773,0.882,0.008,,0.837,,,,,,,,,
,3,G,27,0,0,0,,,,12,9,9,7,x,,0.9,0.978,0.969,0.035,,0.949,,,,,,,,,
,3,G,28,0,0,0,,,,12,11,11,4,x,,0.862,0.865,0.797,0.06233333333,,0.8413333333,,,,,,,,,
,3,G,29,0,0,0,,,,9,13,13,0,7,,0.895,0.882,0.91,0.04833333333,,0.8956666667,,,,,,,,,
,3,G,30,0,0,0,,,,7,12,12,4,x,,0.905,0.786,0.828,0.043,,0.8396666667,,,,,,,,,
,3,G,31,0,0,0,,,,12,11,11,2,2,,0.858,0.87,0.838,0.05333333333,,0.8553333333,,,,,,,2,1,
,3,G,32,0,0,0,,,,12,13,13,0,1,,0.851,0.917,0.893,0.02033333333,,0.887,,,,,,,,,
,3,G,33,0,0,0,,,,9,8,8,3,0,,0.862,0.864,0.873,0.03666666667,,0.8663333333,,,,,,,,,
,3,G,34,0,0,0,,,,11,13,13,10,x,,0.85,0.867,0.775,0.01466666667,,0.8306666667,,,,,,,1,,
,3,G,35,0,0,0,,,,7,8,8,1,x,,0.815,0.788,0.853,0.052,,0.8186666667,,,,,,,,,
,3,G,36,0,0,0,,,,8,11,11,10,x,,0.804,0.787,0.787,0.02033333333,,0.7926666667,,,,,,,,,
,3,G,37,0,0,0,,,,10,12,12,12,x,,0.916,0.856,0.809,0.007,,0.8603333333,,,,,,,,,
,3,G,38,0,0,0,,,,10,12,12,6,x,,0.885,0.818,0.797,0.03733333333,,0.8333333333,,,,,,,,,
,3,G,39,0,0,0,,,,7,13,13,9,x,,0.817,0.916,0.916,0.026,,0.883,,,,,,,,,
,3,G,40,0,0,0,,,,13,12,12,11,x,,0.878,0.846,0.858,0.03166666667,,0.8606666667,,,,,,,,,
,3,G,41,0,0,0,,,,11,11,11,6,x,,0.86,0.773,0.822,0.003666666667,,0.8183333333,,,,,,,,,
,3,G,42,0,0,0,,,,10,12,12,7,x,,0.913,0.953,0.893,0.04466666667,,0.9196666667,,,,,,,,,
,3,G,43,0,0,0,,,,9,14,14,2,x,,0.762,0.798,0.797,0.019,,0.7856666667,,,,,,,,,
,3,G,44,0,0,0,,,,11,14,14,6,x,,0.907,0.87,0.892,0.01166666667,,0.8896666667,,,,,,,,,
,3,G,45,1,0,0,3,,,9,16,16,4,x,,0.839,0.875,NA,0.02633333333,,0.857,,,,,,,,,
,3,G,46,0,0,0,,,,14,13,13,13,x,,0.872,0.845,0.749,0.02633333333,,0.822,,,,,,,,,
,3,G,47,0,0,0,,,,14,10,10,0,x,,0.882,0.87,0.816,0.015,,0.856,,,,,,,,,
,3,G,48,0,0,0,,,,12,11,11,10,x,,0.817,0.848,0.839,0.038,,0.8346666667,,,,,,,,,
,3,G,49,0,0,0,,,,10,14,14,0,1,,0.864,0.824,0.829,0.019,,0.839,,,,,,,,,
,3,G,50,0,0,0,,,,11,11,11,10,x,,0.869,0.874,0.824,0.031,,0.8556666667,,,,,,,2,,
,3,Y,1,0,0,0,,,,6,12,12,12,x,,0.823,0.797,0.761,0.03066666667,,0.7936666667,,,,,,,,,
,3,Y,2,0,0,0,,,,6,13,13,13,x,,0.852,0.776,0.814,0.023,,0.814,,,,,,,,,growth avg
,3,Y,3,0,0,0,,,,11,12,12,12,x,,0.805,0.839,0.805,0.01766666667,,0.8163333333,,,,,,,,,#VALUE!
,3,Y,4,0,0,0,,,,11,14,14,10,x,,0.889,0.903,0.864,0.089,,0.8853333333,1,,,,,,,,
,3,Y,5,0,0,0,,,,11,15,15,0,9,,0.917,0.917,0.889,0.01033333333,,0.9076666667,,,,,,,,,
,3,Y,6,0,0,0,,,,13,14,10,9,x,,0.89,0.876,0.861,0.03033333333,,0.8756666667,,1,1,,1,1,,,
,3,Y,7,0,0,0,,,,4,14,14,0,0,,0.913,0.837,0.8,0.051,,0.85,,,,,,,,,
,3,Y,8,0,0,0,,,,4,8,8,0,0,,0.816,0.686,0.765,0.04266666667,,0.7556666667,,,,,,,,,
,3,Y,9,0,0,0,,,,10,10,10,5,x,,0.817,0.78,0.846,0.02266666667,,0.8143333333,,,,,,,,,
,3,Y,10,0,0,0,,,,6,13,13,0,1,,0.772,0.799,0.876,0.03,,0.8156666667,,,,,,,,,
,3,Y,11,0,0,0,,,,6,14,14,1,0,,0.769,0.707,0.697,0.028,,0.7243333333,,,,,,,,,
,3,Y,12,0,0,0,,,,11,12,12,7,x,,0.832,0.749,0.783,0.06333333333,,0.788,,,,,,,,,
,3,Y,13,0,0,0,,,,4,13,13,0,0,,0.882,0.864,0.839,0.069,,0.8616666667,,,,,,,,,
,3,Y,14,0,0,0,,,,10,14,14,1,2,,0.811,0.908,0.782,0.04966666667,,0.8336666667,,,,,,,,,
,3,Y,15,0,0,0,,,,8,11,11,11,x,,0.759,0.773,0.745,0.01966666667,,0.759,,,,,,,,,
,3,Y,16,0,0,0,,,,11,12,12,1,0,,0.874,0.892,0.873,0.04933333333,,0.8796666667,,,,,,,,,
,3,Y,17,0,0,0,,,,1,11,11,0,0,,0.825,0.863,0.797,0.05833333333,,0.8283333333,,,,,,,,,
,3,Y,18,0,0,0,,,,8,10,10,10,x,,0.731,0.755,0.803,0.01633333333,,0.763,,,,,,,,,
,3,Y,19,0,0,0,,,,11,13,13,8,4,,0.818,0.761,0.847,0.01966666667,,0.8086666667,,,,,,,,,
,3,Y,20,0,0,0,,,,9,13,13,6,6,,0.771,0.861,0.783,0.036,,0.805,,,,,,,,,
,3,Y,21,0,0,0,,,,9,18,18,6,5,,0.807,0.84,0.907,0.02366666667,,0.8513333333,,1,,,,,,,
,3,Y,22,0,0,0,,,,5,9,9,1,x,,0.781,0.782,0.74,0.02066666667,,0.7676666667,,,,,,,,,
,3,Y,23,0,0,0,,,,9,7,7,6,x,,0.886,0.94,0.813,0.03166666667,,0.8796666667,,,1,,,,,,
,3,Y,24,0,0,0,,,,8,10,10,4,x,,0.861,0.853,0.83,0.05433333333,,0.848,,,,,,,,,
,3,Y,25,0,0,0,,,,4,17,17,0,0,,0.849,0.829,0.849,0.06,,0.8423333333,,,,,,,,,
,3,Y,26,0,0,0,,,,2,11,11,0,0,,0.868,0.855,0.798,0.054,,0.8403333333,,,,,,,,,
,3,Y,27,0,0,0,,,,1,13,13,0,0,,0.86,0.77,0.876,0.03,,0.8353333333,,,,,,,,,
,3,Y,28,0,0,0,,,,3,14,14,0,0,,0.949,0.774,0.866,0.059,,0.863,,,,,,,,,
,3,Y,29,0,0,0,,,,4,12,12,0,0,,0.75,0.797,0.788,0.004666666667,,0.7783333333,,,,,,,,,
,3,Y,30,0,0,0,,,,12,20,20,7,x,,0.99,0.895,0.947,0.07833333333,,0.944,,,,,,,,,
,3,Y,31,0,0,0,,,,2,7,7,0,0,,0.806,0.755,0.875,0.048,,0.812,,,,,,,,,
,3,Y,32,0,0,0,,,,9,9,9,4,x,,0.89,0.77,0.806,0.04,,0.822,,1,,,,,,,
,3,Y,33,0,0,0,,,,12,10,10,10,x,,0.796,0.788,0.853,0.04266666667,,0.8123333333,,,,,,,,,
,3,Y,34,0,0,0,,,,9,12,12,3,x,,0.806,0.803,0.79,0.041,,0.7996666667,,1,,,,,,,
,3,Y,35,0,0,0,,,,4,10,10,0,0,,0.87,0.7,0.837,0.04866666667,,0.8023333333,,,,,,,,,
,3,Y,36,0,0,0,,,,4,12,12,0,0,,0.836,0.788,0.81,0.03,,0.8113333333,,,,,,,,,
,3,Y,37,0,0,0,,,,3,11,11,0,0,,0.826,0.852,0.777,0.02266666667,,0.8183333333,,,,,,,,,
,3,Y,38,0,0,0,,,,4,10,10,0,0,,0.884,0.919,0.984,0.065,,0.929,,,1,,,,,,
,3,Y,39,0,0,0,,,,4,14,14,14,x,,0.841,0.842,0.855,0.008333333333,,0.846,,,,,,,,,
,3,Y,40,0,0,0,,,,5,12,12,12,x,,0.717,0.837,0.87,0.03666666667,,0.808,,,,,,,,,
,3,Y,41,0,0,0,,,,11,9,9,9,x,,0.796,0.845,0.792,0.03133333333,,0.811,,,,,,,,,
,3,Y,42,0,0,0,,,,5,14,14,14,x,,0.826,0.887,0.818,0.04633333333,,0.8436666667,,,,,,,,,
,3,Y,43,0,0,0,,,,9,15,15,13,x,,0.838,0.805,0.84,0.041,,0.8276666667,,,,,,,,,
,3,Y,44,0,0,0,,,,10,11,11,0,0,,0.94,0.841,0.867,0.048,,0.8826666667,,,,,,,,,
,3,Y,45,0,0,0,,,,7,8,8,1,x,,0.801,0.766,0.944,0.029,,0.837,,,1,,,,,,
,3,Y,46,1,1,1,2,2,2,0,0,0,NA,NA,NA,NA,NA,NA,#VALUE!,,NA,,,,,,,,,
,3,Y,47,0,0,0,,,,8,8,8,8,x,,0.809,0.801,0.848,0.06233333333,,0.8193333333,,,,,,,,,
,3,Y,48,0,0,0,,,,12,11,11,10,x,,0.794,0.834,0.831,0.03133333333,,0.8196666667,,,,,,,,,
,3,Y,49,1,0,0,3,,,7,13,13,13,x,,0.859,0.82,NA,0.0345,,0.8395,,,,,,,,,
,3,Y,50,0,0,0,,,,8,12,12,6,3,,0.912,0.85,0.806,0.07833333333,,0.856,,,,,,,,,
,3,O,1,0,0,0,,,,4,10,10,0,0,,0.736,0.782,0.713,0.02066666667,,0.7436666667,,,,,,,,,
,3,O,2,0,0,0,,,,2,11,11,0,0,,0.788,0.787,0.799,0.019,,0.7913333333,,,,,,,,,growth avg
,3,O,3,0,0,0,,,,7,17,17,0,0,,0.834,0.758,0.759,0.06233333333,,0.7836666667,,,,,,,,,0.02599
,3,O,4,1,0,0,2,,,5,12,12,0,1,,0.762,0.789,,0.0165,,0.7755,,,,,,,,,
,3,O,5,0,0,0,,,,7,15,15,0,0,,0.792,0.735,0.678,0.01466666667,,0.735,,,,,,,,,
,3,O,6,0,0,0,,,,2,9,9,0,0,,0.713,0.788,0.767,0.009333333333,,0.756,,,,,,,,,
,3,O,7,0,0,0,,,,5,14,14,0,0,,0.803,0.718,0.761,0.08066666667,,0.7606666667,,,,,,,,,
,3,O,8,0,0,0,,,,13,14,14,7,x,,0.749,0.768,0.805,0.008333333333,,0.774,,,,,,,,,
,3,O,9,0,0,0,,,,14,15,15,8,x,,0.724,0.705,0.731,-0.052,,0.72,,,,,,,,,
,3,O,10,0,0,0,,,,0,0,0,NA,NA,NA,0.799,0.784,0.719,0.02866666667,,0.7673333333,,,,,,,,,
,3,O,11,0,0,0,,,,7,10,10,0,0,,0.717,0.726,0.718,0.009333333333,,0.7203333333,,,,,,,,,
,3,O,12,0,0,0,,,,3,15,15,12,x,,0.793,0.802,0.772,0.019,,0.789,,,,,,,,,
,3,O,13,0,0,0,,,,14,13,12,12,x,,0.689,0.706,0.712,0.005,,0.7023333333,,,,,,,,,
,3,O,14,0,0,0,,,,5,9,9,0,0,,0.701,0.731,0.722,-0.04366666667,,0.718,,,,,,,,,
,3,O,15,0,0,0,,,,3,9,9,0,0,,0.787,0.716,0.729,0.01433333333,,0.744,,,,,,,,,
,3,O,16,0,0,0,,,,4,11,11,0,0,,0.738,0.779,0.784,0.002666666667,,0.767,,,,,,,,,
,3,O,17,0,0,0,,,,6,17,17,0,0,,0.741,0.802,0.721,0.0006666666667,,0.7546666667,,,,,,,,,
,3,O,18,0,0,0,,,,15,15,15,0,1,,0.791,0.804,0.813,0.03766666667,,0.8026666667,,,,,,,,,
,3,O,19,0,0,0,,,,5,10,10,0,0,,0.724,0.831,0.784,0.04166666667,,0.7796666667,,,,,,,,,
,3,O,20,0,0,0,,,,5,15,15,2,x,,0.794,0.756,0.772,0.02866666667,,0.774,,,,,,,,,
,3,O,21,0,0,0,,,,4,16,16,0,0,,0.806,0.772,0.685,0.01733333333,,0.7543333333,,,,,,,,,
,3,O,22,0,0,0,,,,4,12,12,0,0,,0.789,0.697,0.788,0.023,,0.758,,,,,,,,,
,3,O,23,0,0,0,,,,3,10,10,0,0,,0.789,0.811,0.815,0.01866666667,,0.805,,,,,,,,,
,3,O,24,0,0,0,,,,5,11,11,0,0,,0.721,0.719,0.711,0.036,,0.717,,,,,,,,,
,3,O,25,0,0,0,,,,3,17,17,0,0,,0.808,0.813,0.642,0.03933333333,,0.7543333333,,,,,,,,,
,3,O,26,0,0,0,,,,1,2,2,1,0,,0.748,0.675,0.816,0.01066666667,,0.7463333333,,,,,,,,,
,3,O,27,0,0,0,,,,6,10,10,0,0,,0.733,0.717,0.765,0.01266666667,,0.7383333333,,,,,,,,,
,3,O,28,1,1,1,2,2,2,0,0,0,NA,NA,,0.803,0.822,0.809,0.09833333333,,0.8113333333,,,,,,,,,
,3,O,29,0,0,0,,,,9,12,12,0,10,,0.792,0.795,0.81,0.01566666667,,0.799,,,,,,,,,
,3,O,30,0,0,0,,,,5,16,16,0,0,,0.724,0.743,0.855,0.02966666667,,0.774,,,,,,,,,
,3,O,31,0,0,0,,,,4,9,9,0,0,,0.789,0.817,0.828,0.04466666667,,0.8113333333,,,,,,,,,
,3,O,32,0,0,0,,,,5,15,15,0,0,,0.803,0.731,0.818,0.02333333333,,0.784,,,,,,,,,
,3,O,33,0,0,0,,,,11,10,10,9,x,,0.779,0.736,0.781,0.004333333333,,0.7653333333,,,,,,,,,
,3,O,34,0,0,0,,,,4,13,13,0,0,,0.786,0.767,0.727,0.045,,0.76,,,,,,,,,
,3,O,35,0,0,0,,,,2,9,9,0,0,,0.682,0.715,0.777,0.04166666667,,0.7246666667,,,,,,,,,
,3,O,36,0,0,0,,,,4,13,13,0,0,,0.793,0.799,0.809,0.011,,0.8003333333,,,,,,,,,
,3,O,37,0,0,0,,,,6,13,13,0,0,,0.796,0.8,0.755,0.056,,0.7836666667,,,,,,,,,
,3,O,38,0,0,0,,,,11,14,14,0,0,,0.823,0.689,0.799,0.01066666667,,0.7703333333,,,,,,,,,
,3,O,39,0,0,0,,,,3,14,14,0,0,,0.778,0.763,0.791,0.03533333333,,0.7773333333,,,,,,,,,
,3,O,40,0,0,0,,,,5,9,9,0,0,,0.807,0.787,0.802,0.04166666667,,0.7986666667,,,,,,,,,
,3,O,41,0,0,0,,,,5,11,11,0,0,,0.726,0.791,0.613,0.047,,0.71,,,,,,,,,
,3,O,42,0,0,0,,,,14,11,11,0,10,,0.833,0.788,0.754,0.03766666667,,0.7916666667,,,,,,,,,
,3,O,43,0,0,0,,,,6,17,17,0,0,,0.767,0.818,0.821,0.05066666667,,0.802,,,,,,,,,
,3,O,44,0,0,0,,,,13,12,11,0,3,,0.749,0.763,0.708,0.03066666667,,0.74,,,,,,,,,
,3,O,45,0,0,0,,,,3,14,14,5,0,,0.782,0.799,0.784,0.05366666667,,0.7883333333,,,,,,,,,
,3,O,46,0,0,0,,,,4,15,15,3,x,,0.734,0.804,0.713,0.01933333333,,0.7503333333,,,,,,,,,
,3,O,47,0,0,0,,,,13,12,12,0,8,,0.786,0.777,0.697,0.04266666667,,0.7533333333,,,,,,,,,
,3,O,48,0,0,0,,,,10,12,12,3,x,,0.779,0.787,0.635,0.005333333333,,0.7336666667,,,,,,,,,
,3,O,49,0,0,0,,,,3,13,13,0,0,,0.792,0.793,0.769,0.033,,0.7846666667,,,,,,,,,
,3,O,50,0,0,0,,,,5,11,11,0,0,,0.786,0.715,0.744,0.041,,0.7483333333,,,,,,,,,
,3,W-1,1,0,0,0,,,,11,17,17,13,x,,0.914,0.938,0.837,0.09266666667,,0.8963333333,,1,,,,,,,
,3,W-1,2,0,0,0,,,,8,12,12,6,x,,0.795,0.817,0.854,0.07133333333,,0.822,,,,,,,,,growth avg
,3,W-1,3,0,0,0,,,,7,12,12,0,x,,0.815,0.854,0.798,0.07,,0.8223333333,,,,,,,,,0.04182758621
,3,W-1,4,0,0,0,,,,14,11,11,2,7,,0.842,0.91,0.777,0.06766666667,,0.843,1,,1,,,,,,
,3,W-1,5,0,0,0,,,,15,10,10,5,x,,0.74,0.834,0.927,0.05066666667,,0.8336666667,,,,,,,,,
,3,W-1,6,0,0,0,,,,13,9,9,8,x,,0.801,0.854,0.829,0.008666666667,,0.828,,,,,,,,,
,3,W-1,7,0,0,0,,,,2,13,13,2,0,,0.779,0.906,0.828,0.023,,0.8376666667,,,,,,,,,
,3,W-1,8,0,0,0,,,,9,12,12,0,2,,0.84,0.783,0.816,0.047,,0.813,,,,,,,,,
,3,W-1,9,0,0,0,,,,9,11,11,0,x,,0.869,0.865,0.786,0.03666666667,,0.84,,,,,,,,,
,3,W-1,10,0,0,0,,,,8,14,14,10,x,,0.793,0.926,0.859,0.05,,0.8593333333,,,,,,,,,
,3,W-1,11,0,0,0,,,,4,7,7,0,x,,0.839,0.845,0.803,0.06333333333,,0.829,,,,,,,,,
,3,W-1,12,0,0,0,,,,3,9,9,5,x,,0.837,0.786,0.763,0.01633333333,,0.7953333333,,1,,,,,,,
,3,W-1,13,0,0,0,,,,9,11,11,4,x,,0.83,0.833,0.877,0.02433333333,,0.8466666667,,,,,,,,,
,3,W-1,14,0,0,0,,,,8,6,6,6,x,,0.844,0.843,0.783,0.01833333333,,0.8233333333,,,1,,,,,,
,3,W-1,15,0,0,0,,,,11,11,11,5,x,,0.837,0.797,0.82,0.04666666667,,0.818,,,,,,,,,
,3,W-1,16,0,0,0,,,,9,8,8,0,1,,0.826,0.792,0.801,0.004,,0.8063333333,,,,,,,,,
,3,W-1,17,0,0,0,,,,10,15,15,9,x,,0.797,0.76,0.823,0.006666666667,,0.7933333333,1,1,,,,,,,
,3,W-1,18,0,0,0,,,,14,15,15,10,x,,0.843,0.922,0.875,0.01133333333,,0.88,,,,,,,,,
,3,W-1,19,0,0,0,,,,8,9,9,3,0,,0.825,0.843,0.859,0.07666666667,,0.8423333333,,,,,,,,,
,3,W-1,20,0,0,0,,,,8,12,12,0,0,,0.767,0.82,0.86,0.001666666667,,0.8156666667,,,,,,,,,
,3,W-1,21,1,1,0,3,3,,5,13,13,13,x,,0.855,NA,NA,0.09066666667,,0.855,,,,,,,,,
,3,W-1,22,0,0,0,,,,3,13,13,0,0,,0.785,0.861,0.873,0.03966666667,,0.8396666667,,,,,,,,,
,3,W-1,23,0,0,0,,,,13,14,14,8,x,,0.828,0.9,0.817,0.02033333333,,0.8483333333,,,,,,,,,
,3,W-1,24,0,0,0,,,,11,12,12,12,x,,0.853,0.828,0.866,0.02933333333,,0.849,,,,,,,,,
,3,W-1,25,0,0,0,,,,7,10,10,4,x,,0.7,0.762,0.79,0.03366666667,,0.7506666667,,,1,,,,,,
,3,W-1,26,0,0,0,,,,7,9,9,4,x,,0.826,0.787,0.886,0.02866666667,,0.833,,,,,,,,,
,3,W-1,27,0,0,0,,,,10,9,9,9,x,,0.819,0.871,0.789,0.05166666667,,0.8263333333,,,,,,,,,
,3,W-1,28,0,0,0,,,,2,21,21,0,0,,0.912,0.813,0.815,0.04566666667,,0.8466666667,,,,,,,,,
,3,W-1,29,0,0,0,,,,8,8,8,7,x,,0.937,0.807,0.821,0.08633333333,,0.855,,,,,,,,,
,3,W-3,1,0,0,0,,,,6,8,8,2,x,,0.841,0.839,0.806,0.04033333333,,0.8286666667,,,,,,,,,
,3,W-3,2,1,0,0,3,,,6,9,9,6,x,,0.826,0.822,,0.077,,0.824,,,,,,,,,growth avg
,3,W-3,3,0,0,0,,,,12,11,11,11,x,,0.784,0.877,0.851,0.023,,0.8373333333,,,,,,,,,0.03486206897
,3,W-3,4,0,0,0,,,,8,13,13,0,x,,0.77,0.859,0.856,0.02866666667,,0.8283333333,,,,,,,,,
,3,W-3,5,0,0,0,,,,6,13,13,7,x,,0.902,0.811,0.922,0.01166666667,,0.8783333333,,,,,,,,,
,3,W-3,6,0,0,0,,,,2,6,6,0,0,,0.876,0.886,0.843,0.07233333333,,0.8683333333,,,,,,,,,
,3,W-3,7,0,0,0,,,,15,6,6,0,2,,0.839,0.756,0.904,0.003,,0.833,,,,,,,,,
,3,W-3,8,0,0,0,,,,7,11,11,8,x,,0.806,0.78,0.815,0.05666666667,,0.8003333333,,,,,,,,,
,3,W-3,9,0,0,0,,,,8,11,11,5,x,,0.811,0.87,0.882,0.02066666667,,0.8543333333,1,,1,,,,,,
,3,W-3,10,0,0,0,,,,17,9,9,3,1,,0.874,0.826,0.77,0.001333333333,,0.8233333333,,,1,,,,,,
,3,W-3,11,0,0,0,,,,13,8,8,0,0,,0.901,0.897,0.785,0.02933333333,,0.861,,,,,,,,,
,3,W-3,12,0,0,0,,,,7,12,12,7,x,,0.837,0.856,0.881,0.032,,0.858,,,,,,,,,
,3,W-3,13,0,0,0,,,,4,6,6,0,0,,0.904,0.786,0.778,0.03333333333,,0.8226666667,,,,,,,,,
,3,W-3,14,0,0,0,,,,9,13,13,3,x,,0.874,0.807,0.731,0.01733333333,,0.804,1,,,,,,,,
,3,W-3,15,0,0,0,,,,8,9,9,2,x,,0.811,0.863,0.875,0.05033333333,,0.8496666667,,,,,,,,,
,3,W-3,16,0,0,0,,,,15,14,14,9,x,,0.921,0.83,0.849,0.051,,0.8666666667,,,1,,,,,,
,3,W-3,17,0,0,0,,,,8,10,10,8,x,,0.831,0.87,0.882,0.03766666667,,0.861,,,1,,,,,,
,3,W-3,18,0,0,0,,,,5,13,13,9,x,,0.885,0.833,0.948,0.03433333333,,0.8886666667,,,,,,,,,
,3,W-3,19,0,0,0,,,,16,14,14,13,x,,0.853,0.878,0.874,0.02266666667,,0.8683333333,,,,,,,,,
,3,W-3,20,0,0,0,,,,9,12,12,0,0,,0.886,0.915,0.828,0.017,,0.8763333333,,,1,,,,,,
,3,W-3,21,0,0,0,,,,18,12,12,11,x,,0.835,0.785,0.884,0.03733333333,,0.8346666667,,,,,,,,,
,3,W-3,22,0,0,0,,,,8,10,10,5,0,,0.842,0.853,0.892,0.042,,0.8623333333,,,,,,,,,
,3,W-3,23,0,0,0,,,,9,10,10,4,x,,0.745,0.812,0.798,0.001333333333,,0.785,,,,,,,,,
,3,W-3,24,0,0,0,,,,9,15,15,9,0,,0.812,0.855,0.875,0.02933333333,,0.8473333333,,,1,,,,,,
,3,W-3,25,0,0,0,,,,11,13,13,10,x,,0.841,0.854,0.925,0.05166666667,,0.8733333333,,,1,,,,,,
,3,W-3,26,0,0,0,,,,9,14,14,10,x,,0.765,0.829,0.959,0.04766666667,,0.851,,,,,,,,,
,3,W-3,27,0,0,0,,,,2,5,5,0,0,,0.946,0.776,0.821,0.03166666667,,0.8476666667,,,,,,,,,
,3,W-3,28,0,0,0,,,,11,15,15,0,x,,0.889,0.892,0.885,0.03233333333,,0.8886666667,,,,,,,,,
,3,W-3,29,0,0,0,,,,5,12,12,0,0,,0.729,0.889,0.966,0.078,,0.8613333333,,,,,,,,,
,4,G,1,0,0,0,,,,8,13,13,11,x,,0.901,0.827,0.81,0.02366666667,0.00247,0.846,,,1,,,,,,
,4,G,2,0,0,0,,,,8,10,10,6,x,,0.851,0.882,0.816,0.01466666667,-0.00653,0.8496666667,,1,1,,1,1,,,growth avg
,4,G,3,0,0,0,,,,12,12,12,12,x,,0.852,0.8,0.795,-0.001,-0.02219666667,0.8156666667,,1,,,,,,,0.02119666667
,4,G,4,0,0,0,,,,16,12,12,9,x,,0.887,0.942,0.89,0.043,0.02180333333,0.9063333333,,,,,,,,,
,4,G,5,0,0,0,,,,16,11,11,11,x,,0.861,0.918,0.899,0.02466666667,0.00347,0.8926666667,1,1,,1,1,,,,
,4,G,6,0,0,0,,,,11,9,9,8,x,,0.986,0.848,0.866,0.001333333333,-0.01986333333,0.9,,,,,,,,,
,4,G,7,0,0,0,,,,18,12,12,11,x,,0.884,0.816,0.873,0.01766666667,-0.00353,0.8576666667,,,,,,,,,
,4,G,8,0,0,0,,,,18,13,13,8,x,,0.822,0.947,0.897,0.041,0.01980333333,0.8886666667,,1,,,,,,,
,4,G,9,0,0,0,,,,11,11,11,8,x,,0.872,0.857,0.781,0.004333333333,-0.01686333333,0.8366666667,,,,,,,,,
,4,G,10,0,0,0,,,,12,10,10,10,x,,0.873,0.874,0.819,0.004333333333,-0.01686333333,0.8553333333,,,,,,,,,
,4,G,11,0,0,0,,,,11,13,13,13,x,,0.813,0.811,0.847,0.01033333333,-0.01086333333,0.8236666667,,,,,,,,,
,4,G,12,0,0,0,,,,4,10,10,5,x,,0.813,0.82,0.849,0.004333333333,-0.01686333333,0.8273333333,,,,,,,,,
,4,G,13,0,0,0,,,,13,9,9,9,x,,0.874,0.944,0.878,0.02933333333,0.008136666667,0.8986666667,,,,,,,,,
,4,G,14,0,0,0,,,,21,12,12,3,x,,0.911,0.756,1.011,0.01833333333,-0.002863333333,0.8926666667,,,,,,,,,
,4,G,15,0,0,0,,,,15,12,12,12,x,,0.86,0.872,0.907,0.025,0.003803333333,0.8796666667,,,,,,,,,
,4,G,16,0,0,0,,,,15,15,15,1,0,,0.869,0.927,0.89,0.025,0.003803333333,0.8953333333,,,,,,,,,
,4,G,17,0,0,0,,,,13,8,8,8,x,,0.731,0.924,0.831,0.023,0.001803333333,0.8286666667,,,1,,,,,,
,4,G,18,0,0,0,,,,15,11,11,10,x,,0.91,0.904,0.917,0.01833333333,-0.002863333333,0.9103333333,,,,,,,,,
,4,G,19,0,0,0,,,,16,10,10,7,x,,0.807,0.908,0.823,0.03,0.008803333333,0.846,,,,,,,,,
,4,G,20,0,0,0,,,,9,11,11,9,x,,0.855,0.846,0.837,0.02666666667,0.00547,0.846,,1,1,,1,1,,,
,4,G,21,0,0,0,,,,12,10,10,10,x,,0.816,0.859,0.815,0.021,-0.0001966666667,0.83,,,,,,,,,
,4,G,22,0,0,0,,,,16,9,9,5,x,,0.87,0.845,0.853,0.01933333333,-0.001863333333,0.856,,,,,,,,,
,4,G,23,0,0,0,,,,11,11,11,10,x,,0.882,0.808,0.848,0.037,0.01580333333,0.846,,,1,,,,1,,
,4,G,24,0,0,0,,,,13,10,10,6,x,,0.891,0.783,0.918,0.026,0.004803333333,0.864,,,,,,,,,
,4,G,25,0,0,0,,,,16,9,9,9,x,,0.847,0.921,0.932,0.002333333333,-0.01886333333,0.9,,,,,,,,,
,4,G,26,0,0,0,,,,13,8,8,6,x,,0.898,0.839,0.841,0.02233333333,0.001136666667,0.8593333333,,1,,,,,,,
,4,G,27,0,0,0,,,,12,11,11,9,x,,0.904,0.991,0.977,0.008333333333,-0.01286333333,0.9573333333,,,,,,,,,
,4,G,28,0,0,0,,,,14,10,10,7,x,,0.789,0.893,0.883,0.01366666667,-0.00753,0.855,,,,,,,,,
,4,G,29,0,0,0,,,,9,15,15,14,x,,0.946,0.927,0.937,0.041,0.01980333333,0.9366666667,,,,,,,,,
,4,G,30,0,0,0,,,,12,10,10,8,x,,0.886,0.851,0.799,0.005666666667,-0.01553,0.8453333333,,,,,,,,,
,4,G,31,0,0,0,,,,20,11,11,9,x,,0.846,0.876,0.865,0.007,-0.01419666667,0.8623333333,,,1,,,,,,
,4,G,32,0,0,0,,,,14,8,8,7,x,,0.873,0.905,0.931,0.016,-0.005196666667,0.903,,,,,,,,,
,4,G,33,0,0,0,,,,15,9,9,4,0,,0.881,0.916,0.876,0.02466666667,0.00347,0.891,,,,,,,1,,
,4,G,34,1,0,0,4,,,9,8,8,7,x,,0.873,0.909,NA,0.06033333333,0.03913666667,0.891,,,,,,,,,
,4,G,35,0,0,0,,,,14,15,15,12,x,,0.87,0.856,0.798,0.02266666667,0.00147,0.8413333333,,,,,,,,,
,4,G,36,0,0,0,,,,11,8,8,7,x,,0.814,0.795,0.824,0.01833333333,-0.002863333333,0.811,,,,,,,,,
,4,G,37,0,0,0,,,,15,11,11,8,x,,0.861,0.844,0.927,0.017,-0.004196666667,0.8773333333,,,,,,,,,
,4,G,38,0,0,0,,,,14,11,11,9,x,,0.85,0.873,0.853,0.02533333333,0.004136666667,0.8586666667,,,,,,,,,
,4,G,39,1,0,0,4,,,9,10,10,6,x,,0.863,0.943,NA,0.02,-0.001196666667,0.903,1,1,,1,1,,,,
,4,G,40,0,0,0,,,,10,13,13,12,x,,0.885,0.905,0.877,0.02833333333,0.007136666667,0.889,,,,,,,,,
,4,G,41,0,0,0,,,,14,10,10,10,x,,0.878,0.784,0.833,0.01333333333,-0.007863333333,0.8316666667,,,,,,,1,,
,4,G,42,0,0,0,,,,17,11,11,9,x,,0.958,0.959,0.913,0.02366666667,0.00247,0.9433333333,1,1,,1,1,,,,
,4,G,43,0,0,0,,,,12,14,14,8,x,,0.817,0.784,0.829,0.02433333333,0.003136666667,0.81,,,,,,,,,
,4,G,44,0,0,0,,,,11,10,10,10,x,,0.917,0.946,0.885,0.02633333333,0.005136666667,0.916,,1,1,,1,1,,,
,4,G,45,1,0,0,3,,,11,14,14,12,x,,0.899,0.864,NA,0.0245,0.003303333333,0.8815,,,,,,,,,
,4,G,46,0,0,0,,,,12,8,8,3,x,,0.865,0.903,0.772,0.02466666667,0.00347,0.8466666667,,,,,,,,,
,4,G,47,0,0,0,,,,11,17,17,15,x,,0.838,0.904,0.87,0.01466666667,-0.00653,0.8706666667,,,,,,,,,
,4,G,48,0,0,0,,,,11,10,10,10,x,,0.878,0.876,0.908,0.05266666667,0.03147,0.8873333333,,1,1,,1,1,,,
,4,G,49,0,0,0,,,,9,11,11,11,x,,0.883,0.846,0.857,0.023,0.001803333333,0.862,,,,,,,,,
,4,G,50,0,0,0,,,,12,11,11,11,x,,0.84,0.864,0.9,0.01233333333,-0.008863333333,0.868,,,,,,,,,
,4,Y,1,0,0,0,,,,24,12,12,9,x,,0.794,0.841,0.807,0.03033333333,,0.824,,,,,,,,,
,4,Y,2,0,0,0,,,,15,11,11,4,x,,0.845,0.859,0.916,0.0735,,0.8875,,,,,,,,,
,4,Y,3,0,0,0,,,,18,15,15,11,x,,0.9,0.865,0.882,0.05716666667,,0.8735,,,,,,,,,
,4,Y,4,0,0,0,,,,20,13,13,11,x,,0.889,0.938,0.899,0.03316666667,,0.9185,,,,,,,,,
,4,Y,5,0,0,0,,,,15,14,14,2,x,,0.991,0.923,0.962,0.03483333333,,0.9425,,,,,,,,,
,4,Y,6,0,0,0,,,,14,10,10,10,x,,0.913,0.859,0.863,-0.01466666667,,0.861,,,,,,,,,
,4,Y,7,0,0,0,,,,19,15,15,0,x,,0.922,0.825,0.871,-0.002,,0.848,,,,,,,,,
,4,Y,8,0,0,0,,,,22,13,12,12,x,,0.717,0.825,0.816,0.06483333333,,0.8205,,,,,,,,,
,4,Y,9,0,0,0,,,,15,17,17,2,8,,0.889,0.835,0.855,0.03066666667,,0.845,,,,,,,,,
,4,Y,10,0,0,0,,,,29,14,12,12,x,,0.884,0.89,0.821,0.03983333333,,0.8555,,,,,,,,,
,4,Y,11,0,0,0,,,,31,11,11,11,x,,0.78,0.755,0.768,0.03716666667,,0.7615,,,,,,,,,
,4,Y,12,0,0,0,,,,16,11,11,7,x,,0.916,0.891,0.926,0.1205,,0.9085,,,,,,,,,
,4,Y,13,0,0,0,,,,10,11,11,10,x,,0.881,0.982,0.937,0.09783333333,,0.9595,,,,,,,,,
,4,Y,14,0,0,0,,,,19,11,11,8,x,,0.849,0.932,0.878,0.07133333333,,0.905,,,,,,,,,
,4,Y,15,0,0,0,,,,17,10,10,10,x,,0.829,0.781,0.824,0.0435,,0.8025,,,,,,,,,
,4,Y,16,0,0,0,,,,19,19,19,19,x,,0.895,0.902,0.876,0.009333333333,,0.889,,,,,,,,,
,4,Y,17,0,0,0,,,,14,13,13,0,x,,0.876,0.859,0.922,0.06216666667,,0.8905,,,,,,,,,
,4,Y,18,0,0,0,,,,20,12,12,10,x,,0.754,0.837,0.903,0.107,,0.87,,,,,,,,,
,4,Y,19,0,0,0,,,,20,16,16,8,2,,0.88,0.91,0.863,0.07783333333,,0.8865,,,,,,,,,
,4,Y,20,0,0,0,,,,16,10,10,10,x,,0.906,0.774,0.832,-0.002,,0.803,,,,,,,,,
,4,Y,21,0,0,0,,,,22,12,12,12,x,,0.956,0.859,0.868,0.01216666667,,0.8635,,,,,,,,,
,4,Y,22,0,0,0,,,,19,11,11,10,x,,0.811,0.871,0.85,0.09283333333,,0.8605,,,,,,,,,
,4,Y,23,0,0,0,,,,10,17,17,8,x,,0.867,0.972,0.863,0.03783333333,,0.9175,1,,,,,,,,
,4,Y,24,0,0,0,,,,7,10,10,9,x,,0.857,0.851,0.843,-0.001,,0.847,,,,,,,,,
,4,Y,25,0,0,0,,,,26,13,13,2,x,,0.906,0.912,0.892,0.05966666667,,0.902,,,,,,,,,
,4,Y,26,0,0,0,,,,20,9,9,2,x,,0.958,0.836,0.894,0.02466666667,,0.865,,,,,,,,,
,4,Y,27,0,0,0,,,,23,11,11,11,x,,0.798,0.865,0.892,0.04316666667,,0.8785,,,,,,,,,
,4,Y,28,0,0,0,,,,14,12,12,10,x,,0.913,0.785,0.978,0.0185,,0.8815,,,,,,,,,
,4,Y,29,0,0,0,,,,13,14,14,13,x,,0.827,0.782,0.866,0.04566666667,,0.824,,,,,,,,,
,4,Y,30,0,0,0,,,,15,11,11,11,x,,0.883,0.949,1,0.0305,,0.9745,,,,,,,,,
,4,Y,31,0,0,0,,,,22,13,13,6,x,,0.834,0.931,0.822,0.0645,,0.8765,,,,,,,,,
,4,Y,32,0,0,0,,,,24,14,14,13,x,,0.81,0.844,0.952,0.076,,0.898,,,,,,,,,
,4,Y,33,0,0,0,,,,29,11,11,11,x,,0.822,0.826,0.893,0.04716666667,,0.8595,,,,,,,,,
,4,Y,34,0,0,0,,,,17,11,10,9,x,,0.798,0.865,0.869,0.06733333333,,0.867,,,,,,,,,
,4,Y,35,0,0,0,,,,13,12,12,11,x,,0.869,0.732,0.895,0.01116666667,,0.8135,,,,,,,,,
,4,Y,36,0,0,0,,,,25,12,12,12,x,,0.805,0.881,0.856,0.05716666667,,0.8685,,,,,,,,,
,4,Y,37,0,0,0,,,,23,11,11,9,x,,0.895,0.851,0.809,0.01166666667,,0.83,,,,,,,,,
,4,Y,38,0,0,0,,,,20,14,14,5,x,,0.916,1,0.952,0.047,,0.976,,,,,,,,,
,4,Y,39,0,0,0,,,,16,18,18,18,x,,0.892,0.881,0.894,0.0415,,0.8875,,,,,,,,,
,4,Y,40,0,0,0,,,,23,11,11,11,x,,0.883,0.755,0.923,0.031,,0.839,,,,,,,,,
,4,Y,41,0,0,0,,,,16,10,10,7,x,,0.849,0.787,0.797,-0.019,,0.792,,,,,,,,,
,4,Y,42,0,0,0,,,,18,16,16,0,12,,0.864,0.919,0.865,0.04833333333,,0.892,,,,,,,,,
,4,Y,43,0,0,0,,,,17,13,13,11,x,,0.891,0.91,0.876,0.06533333333,,0.893,,,,,,,,,
,4,Y,44,0,0,0,,,,19,13,13,12,x,,0.912,0.904,0.993,0.06583333333,,0.9485,,,,,,,,,
,4,Y,45,0,0,0,,,,21,10,10,10,x,,0.857,0.879,0.966,0.0855,,0.9225,,,,,,,,,
,4,Y,46,1,1,1,2,2,2,N/A,N/A,N/A,NA,NA,NA,NA,NA,NA,#DIV/0!,,#DIV/0!,,,,,,,,,
,4,Y,47,0,0,0,,,,22,12,12,11,x,,0.824,0.87,0.873,0.05216666667,,0.8715,,,,,,,,,
,4,Y,48,0,0,0,,,,17,11,11,11,x,,0.884,0.837,0.882,0.03983333333,,0.8595,,,,,,,,,
,4,Y,49,1,0,0,3,,,12,11,11,3,x,,0.889,0.898,NA,0.0585,,0.898,,,,,,,,,
,4,Y,50,0,0,0,,,,18,12,12,10,x,,0.907,0.84,0.948,0.038,,0.894,,,,,,,,,
,4,O,1,0,0,0,,,,19,8,8,6,x,,0.723,0.799,0.719,0.003333333333,,0.747,,,,,,,,,
,4,O,2,0,0,0,,,,17,12,12,12,x,,0.806,0.816,0.755,0.001,,0.7923333333,,,,,,,,,
,4,O,3,0,0,0,,,,17,13,13,13,x,,0.616,0.917,0.825,0.002333333333,,0.786,,,,,,,,,
,4,O,4,1,0,0,2,,,14,11,11,11,x,,0.811,0.766,0.756,0.002166666667,,0.7776666667,,,,,,,,,
,4,O,5,0,0,0,,,,21,12,12,12,x,,0.779,0.793,0.845,0.07066666667,,0.8056666667,,,,,,,,,
,4,O,6,0,0,0,,,,21,10,10,10,x,,0.822,0.814,0.764,0.044,,0.8,,,,,,,,,
,4,O,7,0,0,0,,,,19,14,14,14,x,,0.759,0.793,0.889,0.053,,0.8136666667,,,,,,,,,
,4,O,8,0,0,0,,,,16,12,12,12,x,,0.868,0.825,0.844,0.07166666667,,0.8456666667,,,,,,,,,
,4,O,9,0,0,0,,,,15,10,10,10,x,,0.721,0.771,0.704,0.012,,0.732,,,,,,,,,
,4,O,10,0,0,0,,,,16,12,12,5,x,,0.726,0.831,0.759,0.004666666667,,0.772,,,,,,,,,
,4,O,11,0,0,0,,,,22,11,10,10,x,,0.812,0.715,0.798,0.05466666667,,0.775,,,,,,,,,
,4,O,12,0,0,0,,,,25,11,11,11,x,,0.795,0.797,0.788,0.004333333333,,0.7933333333,,,,,,,,,
,4,O,13,0,0,0,,,,18,11,11,11,x,,0.752,0.684,0.766,0.03166666667,,0.734,,,,,,,,,
,4,O,14,0,0,0,,,,18,13,13,12,x,,0.832,0.744,0.645,0.02233333333,,0.7403333333,,,,,,,,,
,4,O,15,0,0,0,,,,21,11,11,11,x,,0.673,0.896,0.724,0.02033333333,,0.7643333333,,,,,,,,,
,4,O,16,0,0,0,,,,24,10,10,10,x,,0.836,0.748,0.846,0.043,,0.81,,,,,,,,,
,4,O,17,0,0,0,,,,15,12,12,12,x,,0.857,0.748,0.833,0.058,,0.8126666667,,,,,,,,,
,4,O,18,0,0,0,,,,22,11,11,11,x,,0.829,0.879,0.788,0.02933333333,,0.832,,,,,,,,,
,4,O,19,0,0,0,,,,16,12,12,11,x,,0.732,0.883,0.794,0.02333333333,,0.803,,,,,,,,,
,4,O,20,0,0,0,,,,24,16,16,15,x,,0.849,0.899,0.896,0.1073333333,,0.8813333333,,,,,,,,,
,4,O,21,0,0,0,,,,15,13,13,12,x,,0.705,0.809,0.761,0.004,,0.7583333333,,,,,,,,,
,4,O,22,0,0,0,,,,20,12,12,11,x,,0.765,0.747,0.765,0.001,,0.759,,,,,,,,,
,4,O,23,0,0,0,,,,18,12,12,11,x,,0.866,0.777,0.796,0.008,,0.813,,,,,,,,,
,4,O,24,0,0,0,,,,29,10,10,9,x,,0.815,0.876,0.854,0.1313333333,,0.8483333333,,,,,,,,,
,4,O,25,0,0,0,,,,18,11,11,11,x,,0.769,0.731,0.766,0.001,,0.7553333333,,,,,,,,,
,4,O,26,0,0,0,,,,17,10,10,10,x,,0.819,0.769,0.703,0.01733333333,,0.7636666667,,,,,,,,,
,4,O,27,0,0,0,,,,21,11,11,10,x,,0.737,0.711,0.788,0.007,,0.7453333333,,,,,,,,,
,4,O,28,1,1,1,2,2,2,NA,NA,NA,NA,NA,NA,N/A,N/A,N/A,#DIV/0!,,#DIV/0!,,,,,,,,,Theres no photos
,4,O,29,0,0,0,,,,15,14,14,14,x,,0.813,0.803,0.787,0.002,,0.801,,,,,,,,,
,4,O,30,0,0,0,,,,14,14,14,12,x,,0.744,0.826,0.759,0.002333333333,,0.7763333333,,,,,,,,,
,4,O,31,1,0,0,4,,,15,12,12,10,x,,0.812,0.814,,0.001666666667,,0.813,,,,,,,,,
,4,O,32,0,0,0,,,,17,11,11,11,x,,0.818,0.873,0.788,0.04233333333,,0.8263333333,,,,,,,,,
,4,O,33,0,0,0,,,,21,12,12,12,x,,0.754,0.779,0.822,0.01966666667,,0.785,,,,,,,,,
,4,O,34,0,0,0,,,,19,8,8,8,x,,0.804,0.792,0.762,0.026,,0.786,,,,,,,,,
,4,O,35,0,0,0,,,,23,9,9,9,x,,0.748,0.702,0.733,0.003,,0.7276666667,,,,,,,,,
,4,O,36,0,0,0,,,,18,10,10,9,x,,0.805,0.801,0.798,0.001,,0.8013333333,,,,,,,,,
,4,O,37,0,0,0,,,,24,11,11,11,x,,0.889,0.735,0.777,0.01666666667,,0.8003333333,,,,,,,,,
,4,O,38,0,0,0,,,,19,15,15,15,x,,0.804,0.768,0.755,0.005333333333,,0.7756666667,,,,,,,,,
,4,O,39,0,0,0,,,,17,15,15,15,x,,0.778,0.788,0.793,0.009,,0.7863333333,,,,,,,,,
,4,O,40,0,0,0,,,,32,13,13,13,x,,0.812,0.787,0.845,0.016,,0.8146666667,,,,,,,,,
,4,O,41,1,0,0,5,,,19,10,10,9,x,,0.776,0.731,0.744,0.04033333333,,0.7503333333,,,,,,,,,
,4,O,42,0,0,0,,,,22,14,14,13,x,,0.799,0.766,0.821,0.003666666667,,0.7953333333,,,,,,,,,
,4,O,43,0,0,0,,,,17,10,10,9,x,,0.862,0.821,0.788,0.02166666667,,0.8236666667,,,,,,,,,
,4,O,44,0,0,0,,,,13,9,5,5,x,,0.755,0.767,0.784,0.02866666667,,0.7686666667,,,,,,,,,
,4,O,45,0,0,0,,,,8,10,10,10,x,,0.811,0.807,0.814,0.02233333333,,0.8106666667,,,,,,,,,
,4,O,46,0,0,0,,,,25,10,10,10,x,,0.761,0.753,0.742,0.001666666667,,0.752,,,,,,,,,
,4,O,47,0,0,0,,,,17,12,12,11,x,,0.757,0.771,0.738,0.002,,0.7553333333,,,,,,,,,
,4,O,48,0,0,0,,,,16,10,10,10,x,,0.776,0.691,0.784,0.01666666667,,0.7503333333,,,,,,,,,
,4,O,49,0,0,0,,,,18,12,12,10,x,,0.785,0.786,0.795,0.004,,0.7886666667,,,,,,,,,
,4,O,50,0,0,0,,,,19,11,11,0,3,,0.833,0.798,0.821,0.069,,0.8173333333,,,,,,,,,
,4,W-1,1,0,0,0,,,,18,17,17,14,x,,0.836,0.937,0.933,0.005666666667,,0.902,,,,,,,,,
,4,W-1,2,0,0,0,,,,14,8,8,8,x,,0.871,0.809,0.85,0.02133333333,,0.8433333333,1,1,,,,,,,
,4,W-1,3,0,0,0,,,,16,17,17,17,x,,0.846,0.827,0.862,0.02266666667,,0.845,,,,,,,,,
,4,W-1,4,0,0,0,,,,12,12,12,12,x,,0.87,0.869,0.793,0.001,,0.844,,1,1,,1,1,,,
,4,W-1,5,0,0,0,,,,20,14,14,11,x,,0.971,0.759,0.853,0.02733333333,,0.861,,,,,,,,,
,4,W-1,6,1,0,0,4,,,10,13,13,13,x,,0.909,0.835,NA,0.044,,0.872,,,,,,,,,
,4,W-1,7,0,0,0,,,,18,16,16,2,x,,0.826,0.922,0.833,0.02266666667,,0.8603333333,,,,,,,,,
,4,W-1,8,0,0,0,,,,14,15,15,3,x,,0.919,0.898,0.826,0.068,,0.881,,,1,,,,,,
,4,W-1,9,0,0,0,,,,17,14,14,9,x,,0.758,0.913,0.899,0.01666666667,,0.8566666667,1,1,1,,1,1,,,
,4,W-1,10,0,0,0,,,,15,10,10,7,x,,0.81,0.877,0.954,0.021,,0.8803333333,1,1,,,,,,,
,4,W-1,11,0,0,0,,,,18,12,12,9,x,,0.877,0.913,0.915,0.07266666667,,0.9016666667,1,1,,,,,,,
,4,W-1,12,0,0,0,,,,20,14,14,12,x,,0.79,0.782,0.855,0.01366666667,,0.809,,,,,,,,,
,4,W-1,13,0,0,0,,,,17,18,18,16,x,,0.961,0.895,0.887,0.06766666667,,0.9143333333,,1,,,,,,,
,4,W-1,14,0,0,0,,,,22,11,11,11,x,,0.882,0.867,0.819,0.03266666667,,0.856,,,,,,,,,
,4,W-1,15,0,0,0,,,,14,12,12,8,x,,0.881,0.942,0.861,0.07666666667,,0.8946666667,,,,,,,,,
,4,W-1,16,0,0,0,,,,19,12,12,12,x,,0.833,0.858,0.899,0.057,,0.8633333333,,,1,,,,,,
,4,W-1,17,0,0,0,,,,15,13,13,11,x,,0.898,0.889,0.819,0.07533333333,,0.8686666667,,,,,,,,,
,4,W-1,18,0,0,0,,,,17,16,16,2,2,,0.892,0.857,0.911,0.006666666667,,0.8866666667,1,1,1,,,,,,
,4,W-1,19,0,0,0,,,,16,12,12,12,x,,0.874,0.85,0.833,0.01,,0.8523333333,,,,,,,,,
,4,W-1,20,0,0,0,,,,14,11,11,10,x,,0.955,0.82,0.901,0.07633333333,,0.892,,,,,,,,,
,4,W-1,21,1,1,0,3,3,,8,15,15,12,x,,0.907,NA,NA,0.052,,0.907,,,,,,,,,
,4,W-1,22,0,0,0,,,,19,15,15,15,x,,0.955,0.82,0.877,0.04433333333,,0.884,,,,,,,,,
,4,W-1,23,0,0,0,,,,16,13,13,8,x,,0.839,0.926,0.849,0.023,,0.8713333333,,1,1,,1,1,,,
,4,W-1,24,0,0,0,,,,14,13,13,12,x,,0.87,0.898,0.837,0.01933333333,,0.8683333333,,,,,,,,,
,4,W-1,25,0,0,0,,,,20,11,11,9,x,,0.732,0.868,0.719,0.02233333333,,0.773,1,,,,,,,,
,4,W-1,26,0,0,0,,,,15,15,15,9,x,,0.947,0.827,0.887,0.054,,0.887,,,,,,,,,
,4,W-1,27,0,0,0,,,,21,11,11,10,x,,0.932,0.809,0.875,0.04566666667,,0.872,,,,,,,,,
,4,W-1,28,0,0,0,,,,18,9,9,9,x,,0.87,0.853,0.941,0.04133333333,,0.888,,,,,,,,,
,4,W-1,29,0,0,0,,,,15,16,16,14,x,,0.953,0.853,0.761,0.0006666666667,,0.8556666667,,,,,,,,,
,4,W-3,1,0,0,0,,,,17,16,16,12,x,,0.906,0.827,0.843,0.03,,0.8586666667,,,,,,,,,
,4,W-3,2,1,0,0,3,,,16,15,15,15,x,,0.808,0.87,NA,0.015,,0.839,1,1,,,,,,,
,4,W-3,3,0,0,0,,,,20,12,12,12,x,,0.879,0.897,0.79,0.018,,0.8553333333,,,,,,,,,
,4,W-3,4,0,0,0,,,,17,9,9,8,x,,0.813,0.837,0.838,0.001,,0.8293333333,1,1,,,,,,,
,4,W-3,5,0,0,0,,,,29,15,15,15,x,,0.942,0.834,0.931,0.024,,0.9023333333,,,,,,,,,
,4,W-3,6,0,0,0,,,,19,8,8,5,x,,0.878,0.903,0.841,0.005666666667,,0.874,,,,,,,,,
,4,W-3,7,0,0,0,,,,19,11,11,11,x,,0.856,0.744,0.907,0.002666666667,,0.8356666667,,,,,,,,,
,4,W-3,8,0,0,0,,,,14,10,10,7,x,,0.88,0.738,0.866,0.02766666667,,0.828,,,,,,,,,
,4,W-3,9,0,0,0,,,,21,13,13,13,x,,0.942,0.885,0.86,0.04133333333,,0.8956666667,,,,,,,,,
,4,W-3,10,0,0,0,,,,25,12,12,7,5,,0.846,0.813,0.829,0.006,,0.8293333333,,,,,,,,,
,4,W-3,11,0,0,0,,,,24,11,11,11,x,,0.788,0.902,0.964,0.02366666667,,0.8846666667,,,1,,,,,,
,4,W-3,12,0,0,0,,,,24,16,16,12,x,,0.889,0.874,0.863,0.01733333333,,0.8753333333,,,,,,,,,
,4,W-3,13,0,0,0,,,,14,12,12,11,x,,0.816,0.925,0.789,0.02066666667,,0.8433333333,,,,,,,,,
,4,W-3,14,0,0,0,,,,16,15,15,8,x,,0.798,0.885,0.925,0.06533333333,,0.8693333333,,,,,,,,,
,4,W-3,15,0,0,0,,,,22,12,12,12,x,,0.812,0.933,0.842,0.01266666667,,0.8623333333,,1,1,,1,1,,,
,4,W-3,16,0,0,0,,,,9,12,12,6,x,,0.936,0.857,0.852,0.015,,0.8816666667,,,,,,,,,
,4,W-3,17,0,0,0,,,,16,10,10,10,x,,0.842,0.866,0.878,0.001,,0.862,1,,,,,,,,
,4,W-3,18,0,0,0,,,,17,12,12,9,x,,0.849,0.99,0.881,0.018,,0.9066666667,,,,,,,,,
,4,W-3,19,0,0,0,,,,24,9,9,9,x,,0.874,0.882,0.896,0.01566666667,,0.884,,,,,,,,,
,4,W-3,20,0,0,0,,,,17,13,13,10,0,,0.849,0.935,0.946,0.03366666667,,0.91,,1,,,,,,,
,4,W-3,21,0,0,0,,,,19,13,13,12,x,,0.847,0.824,0.951,0.03933333333,,0.874,,,,,,,,,
,4,W-3,22,0,0,0,,,,18,14,14,14,x,,0.829,0.863,0.905,0.003333333333,,0.8656666667,1,,,,,,,,
,4,W-3,23,0,0,0,,,,24,10,10,10,x,,0.806,NA,NA,0.021,,0.806,,,,,,,,,
,4,W-3,24,0,0,0,,,,22,11,11,11,x,,0.854,0.891,0.851,0.018,,0.8653333333,,,,,,,,,
,4,W-3,25,0,0,0,,,,20,9,9,7,x,,0.857,0.847,0.939,0.007666666667,,0.881,,,,,,,,,
,4,W-3,26,0,0,0,,,,24,9,9,8,x,,0.955,0.774,0.849,0.008333333333,,0.8593333333,,,,,,,,,
,4,W-3,27,0,0,0,,,,20,12,12,7,x,,0.764,0.974,0.897,0.03066666667,,0.8783333333,,,,,,,,,
,4,W-3,28,0,0,0,,,,28,11,11,10,x,,0.866,0.896,0.916,0.004,,0.8926666667,,,,,,,,,
,4,W-3,29,0,0,0,,,,19,14,14,14,x,,0.915,1.012,0.805,0.04933333333,,0.9106666667,,,,,,,,,
,5,G,1,1,0,0,5,,,7,11,11,11,x,,0.868,0.924,NA,0.05,,0.896,1,1,,1,1,,,,
,5,G,2,0,0,0,,,,7,11,11,0,0,,0.874,0.929,0.868,0.04066666667,,0.8903333333,,,,,,,,,
,5,G,3,0,0,0,,,,6,13,13,11,x,,0.834,0.847,0.833,0.02233333333,,0.838,,,,,,,,,
,5,G,4,0,0,0,,,,20,17,17,16,x,,0.964,0.882,0.939,0.022,,0.9283333333,,,,,,,,,
,5,G,5,0,0,0,,,,15,15,15,15,x,,0.866,0.906,0.949,0.01433333333,,0.907,,,,,,,,,
,5,G,6,0,0,0,,,,13,9,9,9,x,,0.962,0.905,0.889,0.01866666667,,0.9186666667,,1,1,,1,1,,,
,5,G,7,0,0,0,,,,10,10,10,4,x,,0.9,0.838,0.866,0.01033333333,,0.868,,,,,,,,,
,5,G,8,0,0,0,,,,13,14,14,14,x,,0.938,0.903,0.826,0.0003333333333,,0.889,,,,,,,,,
,5,G,9,0,0,0,,,,15,13,13,12,x,,0.813,0.914,0.913,0.04333333333,,0.88,,,,,,,,,
,5,G,10,0,0,0,,,,10,9,9,4,x,,0.805,0.875,0.888,0.0006666666667,,0.856,,,,,,,,,
,5,G,11,0,0,0,,,,16,11,11,0,0,,0.859,0.928,0.861,0.059,,0.8826666667,,1,1,,1,1,,,
,5,G,12,0,0,0,,,,8,12,12,12,x,,0.822,0.901,0.845,0.02866666667,,0.856,,,,,,,,,
,5,G,13,0,0,0,,,,14,13,13,10,x,,0.891,0.886,0.945,0.008666666667,,0.9073333333,,,,,,,,,
,5,G,14,0,0,0,,,,19,9,9,8,x,,1.008,0.901,0.778,0.003,,0.8956666667,,,,,,,,,
,5,G,15,0,0,0,,,,13,12,12,7,x,,0.886,0.917,0.875,0.013,,0.8926666667,,,,,,,,,
,5,G,16,0,0,0,,,,15,12,12,6,x,,0.9,0.928,0.869,0.003666666667,,0.899,,,,,,,,,
,5,G,17,0,0,0,,,,13,9,9,8,x,,0.926,0.739,0.832,0.003666666667,,0.8323333333,,,,,,,,,
,5,G,18,0,0,0,,,,10,12,12,7,1,,0.95,0.963,0.945,0.04233333333,,0.9526666667,,,,,,,,,
,5,G,19,0,0,0,,,,15,11,11,11,x,,0.787,0.891,0.84,-0.006666666667,,0.8393333333,,,,,,,,,
,5,G,20,0,0,0,,,,8,7,7,0,3,,0.859,0.871,0.829,0.007,,0.853,,1,1,,1,1,,,
,5,G,21,0,0,0,,,,8,10,10,7,x,,0.82,0.829,0.861,0.006666666667,,0.8366666667,,,,,,,,,
,5,G,22,0,0,0,,,,8,10,10,10,x,,0.856,0.864,0.886,0.01266666667,,0.8686666667,,,,,,,,,
,5,G,23,0,0,0,,,,10,10,10,10,x,,0.912,0.858,0.88,0.03733333333,,0.8833333333,,,,,,,,,
,5,G,24,1,0,0,5,,,17,11,11,11,x,,0.925,0.804,0.865,0.0006666666667,,0.8646666667,,,,,,,,,
,5,G,25,0,0,0,,,,9,8,8,0,0,,0.972,0.926,0.842,0.01333333333,,0.9133333333,,,,,,,,,
,5,G,26,1,0,0,5,,,13,12,12,1,0,,0.896,0.837,NA,0.007166666667,,0.8665,,,,,,,,,
,5,G,27,0,0,0,,,,13,13,13,8,x,,0.997,0.919,0.961,0.001666666667,,0.959,,1,1,,1,1,,,
,5,G,28,0,0,0,,,,6,9,9,5,x,,0.89,0.808,0.87,0.001,,0.856,,,,,,,,,
,5,G,29,0,0,0,,,,15,8,8,8,x,,0.958,0.917,0.936,0.0003333333333,,0.937,,,,,,,,,
,5,G,30,0,0,0,,,,8,14,14,8,x,,0.934,0.854,0.934,0.062,,0.9073333333,,,,,,,,,
,5,G,31,1,1,0,5,5,,3,8,8,0,0,,0.88,NA,NA,0.01766666667,,0.88,,,,,,,,,
,5,G,32,0,0,0,,,,13,10,10,0,0,,0.84,0.923,0.992,0.01533333333,,0.9183333333,1,,,,,,,,
,5,G,33,0,0,0,,,,14,11,11,11,x,,0.905,0.882,0.908,0.007333333333,,0.8983333333,,,,,,,,,
,5,G,34,1,0,0,4,,,11,8,8,6,x,,0.911,0.901,NA,0.015,,0.906,,,,,,,,,
,5,G,35,0,0,0,,,,13,13,13,13,x,,0.831,0.83,0.914,0.017,,0.8583333333,,1,1,,1,1,,,
,5,G,36,0,0,0,,,,11,9,9,9,x,,0.87,0.787,0.818,0.014,,0.825,,,,,,,,,
,5,G,37,0,0,0,,,,19,14,14,10,x,,0.932,0.887,0.855,0.014,,0.8913333333,,,,,,,,,
,5,G,38,0,0,0,,,,12,11,11,5,3,,0.855,0.932,0.859,0.02333333333,,0.882,,,,,,,,,
,5,G,39,1,0,0,4,,,9,10,10,9,x,,0.967,0.974,NA,0.0675,,0.9705,,,,,,,,,
,5,G,40,0,0,0,,,,11,14,14,5,1,,0.924,0.86,0.883,0,,0.889,1,1,,1,1,,,,
,5,G,41,0,0,0,,,,8,11,11,4,1,,0.903,0.851,0.83,0.02966666667,,0.8613333333,,,,,,,,,
,5,G,42,0,0,0,,,,16,12,12,2,1,,0.926,0.93,0.975,0.0003333333333,,0.9436666667,,,,,,,,,
,5,G,43,0,0,0,,,,11,10,10,1,0,,0.846,0.937,0.829,0.06066666667,,0.8706666667,,1,1,,1,1,,,
,5,G,44,0,0,0,,,,11,9,9,0,0,,0.917,0.957,0.957,0.02766666667,,0.9436666667,,,,,,,,,
,5,G,45,1,0,0,3,,,7,15,15,15,x,,0.887,0.938,NA,0.031,,0.9125,,,,,,,,,
,5,G,46,0,0,0,,,,11,13,13,9,0,,0.78,0.887,0.918,0.015,,0.8616666667,,1,1,,1,1,,,
,5,G,47,0,0,0,,,,15,13,13,1,3,,0.902,0.904,0.865,0.01966666667,,0.8903333333,,,,,,,,,
,5,G,48,0,0,0,,,,4,11,11,9,x,,0.875,0.847,0.885,-0.01833333333,,0.869,,,,,,,,,
,5,G,49,0,0,0,,,,6,9,9,7,x,,0.859,0.879,0.879,0.01033333333,,0.8723333333,,,,,,,,,
,5,G,50,0,0,0,,,,11,13,13,13,x,,0.865,0.898,0.94,0.033,,0.901,,1,1,,1,1,,,
,5,Y,1,0,0,0,,,,12,9,9,9,x,,0.799,0.83,0.854,0.003666666667,,0.8276666667,,,,,,,,,
,5,Y,2,0,0,0,,,,15,10,10,10,x,,0.857,0.861,0.911,-0.01116666667,,0.8763333333,,,,,,,,,
,5,Y,3,0,0,0,,,,12,11,11,11,x,,0.915,0.885,0.87,0.0165,,0.89,,,,,,,,,
,5,Y,4,0,0,0,,,,11,12,12,12,x,,0.924,0.897,0.909,-0.0085,,0.91,,1,1,,1,1,,,
,5,Y,5,1,0,0,5,,,8,11,11,10,x,,1,0.919,NA,0.017,,0.9595,,,,,,,,,
,5,Y,6,0,0,0,,,,4,10,10,7,x,,0.922,0.858,0.878,0.025,,0.886,,,,,,,,,
,5,Y,7,0,0,0,,,,13,12,12,12,x,,0.937,0.833,0.899,0.04166666667,,0.8896666667,,,,,,,,,
,5,Y,8,1,0,0,5,,,10,13,13,10,x,,0.744,0.82,0.842,-0.0185,,0.802,,,,,,,,,
,5,Y,9,0,0,0,,,,12,11,11,11,x,,0.937,0.88,0.835,0.039,,0.884,,,,,,,,,
,5,Y,10,0,0,0,,,,16,12,12,12,x,,0.916,0.938,0.832,0.03983333333,,0.8953333333,,,,,,,,,
,5,Y,11,1,0,0,5,,,12,10,10,8,x,,0.793,0.853,NA,0.0615,,0.823,,,,,,,,,
,5,Y,12,0,0,0,,,,12,12,12,12,x,,0.88,0.952,0.963,0.02316666667,,0.9316666667,,,,,,,,,
,5,Y,13,0,0,0,,,,12,10,10,10,x,,0.982,0.91,0.923,-0.02116666667,,0.9383333333,,,,,,,,,
,5,Y,14,0,0,0,,,,17,10,10,10,x,,0.873,0.889,0.945,-0.002666666667,,0.9023333333,,,,,,,,,
,5,Y,15,0,0,0,,,,10,14,14,14,x,,0.842,0.886,0.767,0.02916666667,,0.8316666667,,,,,,,,,
,5,Y,16,1,0,0,5,,,4,10,10,10,x,,0.946,0.906,NA,0.037,,0.926,,,,,,,,,
,5,Y,17,0,0,0,,,,11,10,10,4,x,,0.938,0.84,0.888,-0.001833333333,,0.8886666667,,,,,,,,,
,5,Y,18,0,0,0,,,,11,12,12,12,x,,0.775,0.838,0.955,-0.014,,0.856,,,,,,,,,
,5,Y,19,1,0,0,5,,,9,13,13,8,x,,0.913,0.915,NA,0.0275,,0.914,,,,,,,,,
,5,Y,20,0,0,0,,,,9,19,19,19,x,,0.835,0.95,0.827,0.06766666667,,0.8706666667,,,,,,,,,
,5,Y,21,0,0,0,,,,11,15,15,15,x,,0.936,0.849,0.91,0.03483333333,,0.8983333333,,1,1,,1,1,,,
,5,Y,22,0,0,0,,,,6,10,10,10,x,,0.858,0.837,0.857,-0.009833333333,,0.8506666667,,,,,,,,,
,5,Y,23,0,0,0,,,,20,12,12,12,x,,0.991,0.858,0.972,0.02283333333,,0.9403333333,,,,,,,,,
,5,Y,24,0,0,0,,,,14,9,9,7,x,,0.837,0.859,0.872,0.009,,0.856,,,,,,,,,
,5,Y,25,1,0,0,5,,,8,11,11,11,x,,0.917,0.9,NA,0.0065,,0.9085,,,,,,,,,
,5,Y,26,0,0,0,,,,18,11,11,11,x,,0.845,0.882,0.979,0.037,,0.902,,,,,,,,,
,5,Y,27,0,0,0,,,,11,10,10,10,x,,0.903,0.905,0.822,-0.001833333333,,0.8766666667,,,,,,,,,
,5,Y,28,0,0,0,,,,11,10,10,10,x,,0.821,0.966,0.922,0.0215,,0.903,,,,,,,,,
,5,Y,29,0,0,0,,,,8,7,7,7,x,,NA,NA,NA,#DIV/0!,,#DIV/0!,,,,,,,,,
,5,Y,30,0,0,0,,,,8,11,11,10,x,,0.933,1.027,0.958,-0.001833333333,,0.9726666667,,,,,,,,,
,5,Y,31,0,0,0,,,,16,10,10,6,x,,0.957,0.848,0.825,0.0001666666667,,0.8766666667,,,,,,,,,
,5,Y,32,0,0,0,,,,10,10,10,10,x,,0.853,0.852,0.927,-0.02066666667,,0.8773333333,,,,,,,,,
,5,Y,33,0,0,0,,,,14,11,11,11,x,,0.842,0.912,0.832,0.0025,,0.862,,,,,,,,,
,5,Y,34,1,0,0,5,,,9,13,13,12,x,,0.88,0.863,NA,0.0045,,0.8715,,,,,,,,,
,5,Y,35,0,0,0,,,,10,11,11,11,x,,0.904,0.86,0.732,0.0185,,0.832,,,,,,,,,
,5,Y,36,0,0,0,,,,9,10,10,10,x,,0.886,0.876,0.812,-0.0105,,0.858,,,,,,,,,
,5,Y,37,0,0,0,,,,10,10,10,10,x,,0.896,0.809,0.852,0.02233333333,,0.8523333333,,,,,,,,,
,5,Y,38,0,0,0,,,,18,18,18,9,x,,0.913,0.945,1.017,-0.01766666667,,0.9583333333,,,,,,,,,
,5,Y,39,0,0,0,,,,7,12,12,11,x,,0.87,0.887,0.915,0.003166666667,,0.8906666667,,,,,,,,,
,5,Y,40,0,0,0,,,,18,14,14,14,x,,0.741,0.927,0.895,0.01533333333,,0.8543333333,,,,,,,,,
,5,Y,41,0,0,0,,,,12,9,9,8,x,,0.791,0.838,0.815,0.02266666667,,0.8146666667,,,,,,,,,
,5,Y,42,0,0,0,,,,14,13,13,9,x,,0.911,0.889,0.887,0.003666666667,,0.8956666667,,,,,,,,,
,5,Y,43,0,0,0,,,,10,9,9,9,x,,0.918,0.908,0.876,0.007666666667,,0.9006666667,,,,,,,,,
,5,Y,44,0,0,0,,,,9,7,7,7,x,,0.911,0.917,0.99,-0.009166666667,,0.9393333333,,,,,,,,,
,5,Y,45,0,0,0,,,,10,14,14,4,1,,0.977,0.894,0.9,0.001166666667,,0.9236666667,,,,,,,,,
,5,Y,46,1,1,1,2,2,2,NA,NA,NA,NA,NA,NA,NA,NA,NA,#DIV/0!,,#DIV/0!,,,,,,,,,
,5,Y,47,0,0,0,,,,10,8,8,8,x,,0.87,0.842,0.862,-0.0135,,0.858,,,,,,,,,
,5,Y,48,0,0,0,,,,10,11,11,10,x,,0.907,0.845,0.911,0.02816666667,,0.8876666667,,,,,,,,,
,5,Y,49,1,0,0,3,,,13,11,11,11,x,,0.92,0.911,NA,0.0175,,0.9155,,,,,,,,,
,5,Y,50,0,0,0,,,,14,13,13,13,x,,0.945,0.873,0.942,0.026,,0.92,,,,,,,,,
,5,O,1,0,0,0,,,,13,13,13,12,x,,0.784,0.779,0.834,0.052,,0.799,,,,,,,,,
,5,O,2,0,0,0,,,,12,13,13,10,x,,0.796,0.791,0.821,0.01033333333,,0.8026666667,1,,1,,,,,,
,5,O,3,0,0,0,,,,9,13,13,0,0,,0.843,0.793,0.755,0.011,,0.797,,,1,,,,,,
,5,O,4,1,1,0,2,5,,6,15,15,14,x,,0.833,0.854,0.826,0.06,,0.8376666667,,,,,,,,,
,5,O,5,0,0,0,,,,7,11,11,9,x,,0.796,0.823,0.856,0.01933333333,,0.825,,,,,,,1,,
,5,O,6,0,0,0,,,,9,13,13,12,x,,0.758,0.829,0.819,0.002,,0.802,,1,1,,,,,,
,5,O,7,0,0,0,,,,13,13,13,13,x,,0.833,0.861,0.873,0.042,,0.8556666667,,,,,,,,,
,5,O,8,1,0,0,5,,,17,17,17,16,x,,0.862,0.797,0.879,0.0003333333333,,0.846,,,,,,,,,
,5,O,9,0,0,0,,,,11,12,12,12,x,,0.844,0.856,0.843,0.1156666667,,0.8476666667,,,,,,,,,
,5,O,10,0,0,0,,,,6,14,14,6,0,,0.776,0.816,0.869,0.04833333333,,0.8203333333,,1,,,,,,,
,5,O,11,0,0,0,,,,10,11,11,11,x,,0.853,0.711,0.789,0.009333333333,,0.7843333333,,,,,,,,,
,5,O,12,1,0,0,5,,,9,16,16,11,x,,0.794,0.824,0.857,0.03166666667,,0.825,1,,,,,,,,
,5,O,13,0,0,0,,,,8,14,14,14,x,,0.836,0.821,0.765,0.07333333333,,0.8073333333,,,,,,,,,
,5,O,14,0,0,0,,,,8,11,11,10,x,,0.873,0.788,0.713,0.051,,0.7913333333,,,,,,,,,
,5,O,15,0,0,0,,,,13,16,16,15,x,,0.785,0.783,0.726,0.0003333333333,,0.7646666667,,,,,,,,,
,5,O,16,0,0,0,,,,20,15,15,11,x,,0.817,0.816,0.81,0.004333333333,,0.8143333333,,,,,,,,,
,5,O,17,0,0,0,,,,11,19,19,19,x,,0.877,0.777,0.843,0.01966666667,,0.8323333333,,,,,,,,,
,5,O,18,0,0,0,,,,12,16,16,9,6,,0.852,0.847,0.866,0.023,,0.855,,,,,,,,,
,5,O,19,0,0,0,,,,21,15,15,13,x,,0.868,0.842,0.793,0.03133333333,,0.8343333333,,,,,,,,,
,5,O,20,0,0,0,,,,17,11,11,0,3,,0.876,0.884,0.889,0.001666666667,,0.883,,,,,,,,,
,5,O,21,0,0,0,,,,6,12,12,12,x,,0.836,0.751,0.731,0.01433333333,,0.7726666667,,,,,,,,,
,5,O,22,1,0,0,5,,,13,12,12,12,x,,0.783,0.749,0.752,0.002333333333,,0.7613333333,,,,,,,,,
,5,O,23,0,0,0,,,,9,19,19,0,0,,0.845,0.865,0.879,0.05,,0.863,,,,,,,,,
,5,O,24,0,0,0,,,,17,16,16,16,x,,0.862,0.855,0.837,0.003,,0.8513333333,,,,,,,,,
,5,O,25,0,0,0,,,,15,13,13,13,x,,0.772,0.755,0.743,0.001333333333,,0.7566666667,,1,1,,1,1,,,
,5,O,26,0,0,0,,,,17,21,21,21,x,,0.816,0.748,0.822,0.03166666667,,0.7953333333,,,,,,,,,
,5,O,27,0,0,0,,,,17,18,18,18,x,,0.746,0.782,0.779,0.02366666667,,0.769,,,,,,,,,
,5,O,28,1,1,1,2,2,2,NA,NA,NA,NA,NA,NA,N/A,N/A,N/A,#DIV/0!,,#DIV/0!,,,,,,,,,
,5,O,29,0,0,0,,,,8,13,13,13,x,,0.847,0.824,0.817,0.02833333333,,0.8293333333,,,,,,,,,
,5,O,30,0,0,0,,,,10,15,15,14,x,,0.783,0.805,0.809,0.02266666667,,0.799,,,1,,,,,,
,5,O,31,1,0,0,4,,,16,14,14,3,6,,0.818,0.859,0.879,0.039,,0.852,,,,,,,,,"No shell debris, snail missing (corrected: snail dead the previous week)"
,5,O,32,0,0,0,,,,6,10,10,10,x,,0.872,0.781,0.829,0.001,,0.8273333333,,,,,,,,,
,5,O,33,0,0,0,,,,21,16,16,13,x,,0.763,0.776,0.857,0.01366666667,,0.7986666667,,,,,,,,,
,5,O,34,1,0,0,5,,,7,9,9,9,x,,0.873,0.715,0.811,0.01366666667,,0.7996666667,,,,,,,,,
,5,O,35,0,0,0,,,,7,11,11,10,x,,0.713,0.831,0.718,0.02633333333,,0.754,,,,,,,,,
,5,O,36,0,0,0,,,,12,12,12,3,4,,0.767,0.796,0.855,0.004666666667,,0.806,1,,1,,,,,,
,5,O,37,0,0,0,,,,17,17,17,17,x,,0.844,0.878,0.849,0.05666666667,,0.857,,,,,,,,,
,5,O,38,0,0,0,,,,9,18,18,16,x,,0.779,0.812,0.803,0.02233333333,,0.798,,,,,,,,,
,5,O,39,0,0,0,,,,11,10,10,10,x,,0.836,0.751,0.893,0.04033333333,,0.8266666667,,,,,,,,,
,5,O,40,1,0,0,5,,,16,12,12,12,x,,0.896,0.874,0.762,0.02933333333,,0.844,1,1,1,,,,,,
,5,O,41,0,0,0,,,,11,10,10,9,x,,0.808,0.731,0.722,0.003333333333,,0.7536666667,,,,,,,,,
,5,O,42,1,0,0,5,,,6,12,12,8,x,,0.798,0.851,0.803,0.022,,0.8173333333,,,,,,,,,
,5,O,43,0,0,0,,,,17,13,12,11,x,,0.816,0.839,0.821,0.001666666667,,0.8253333333,,,,,,,,,
,5,O,44,0,0,0,,,,5,12,12,12,x,,0.742,0.799,0.769,0.001333333333,,0.77,,,,,,,,,
,5,O,45,0,0,0,,,,12,12,12,12,x,,0.842,0.822,0.83,0.02066666667,,0.8313333333,,,,,,,,,
,5,O,46,0,0,0,,,,13,11,11,11,x,,0.783,0.844,0.791,0.054,,0.806,,,,,,,,,
,5,O,47,0,0,0,,,,10,11,11,0,x,,0.732,0.768,0.862,0.032,,0.7873333333,,,,,,,,,
,5,O,48,0,0,0,,,,14,16,16,16,x,,0.748,0.829,0.693,0.006333333333,,0.7566666667,,,,,,,,,
,5,O,49,0,0,0,,,,6,7,7,7,x,,0.854,0.742,0.771,0.0003333333333,,0.789,,,,,,,,,
,5,O,50,0,0,0,,,,11,13,13,13,x,,0.895,0.803,0.782,0.009333333333,,0.8266666667,,,,,,,,,
,5,W-1,1,0,0,0,,,,10,14,14,1,0,,0.967,0.896,0.98,0.04566666667,,0.9476666667,,,,,,,,,
,5,W-1,2,0,0,0,,,,13,10,10,10,x,,0.843,0.911,0.842,0.022,,0.8653333333,,,,,,,,,
,5,W-1,3,0,0,0,,,,15,10,10,5,0,,0.873,0.879,0.878,0.03166666667,,0.8766666667,,,,,,,,,
,5,W-1,4,0,0,0,,,,13,11,11,8,x,,0.787,0.968,0.834,0.019,,0.863,,1,1,,1,1,,,
,5,W-1,5,0,0,0,,,,10,13,13,4,6,,0.781,0.948,0.925,0.02366666667,,0.8846666667,,,,,,,,,
,5,W-1,6,1,0,0,4,,,8,10,10,10,x,,0.9,0.975,NA,0.0655,,0.9375,,,,,,,,,
,5,W-1,7,0,0,0,,,,11,8,8,7,x,,0.82,0.939,0.868,0.01533333333,,0.8756666667,,,,,,,,,
,5,W-1,8,0,0,0,,,,6,12,12,1,0,,0.857,0.92,0.941,0.025,,0.906,,,,,,,,1,
,5,W-1,9,0,0,0,,,,11,12,12,3,0,,0.909,0.916,0.863,0.03933333333,,0.896,,,,,,,,,
,5,W-1,10,0,0,0,,,,10,13,13,0,0,,0.926,0.869,0.898,0.01733333333,,0.8976666667,,,,,,,,,
,5,W-1,11,0,0,0,,,,8,13,13,2,x,,0.909,0.92,0.931,0.01833333333,,0.92,,,,,,,,,
,5,W-1,12,0,0,0,,,,14,8,8,8,x,,0.83,0.843,0.872,0.03933333333,,0.8483333333,,,,,,,,,
,5,W-1,13,0,0,0,,,,11,11,11,11,x,,0.892,0.918,0.939,0.002,,0.9163333333,,,,,,,,,
,5,W-1,14,0,0,0,,,,7,10,10,10,x,,0.881,0.873,0.837,0.007666666667,,0.8636666667,,,,,,,,,
,5,W-1,15,0,0,0,,,,9,18,18,1,12,,0.862,0.84,0.909,-0.02433333333,,0.8703333333,,1,1,,1,1,,,
,5,W-1,16,0,0,0,,,,13,15,15,2,10,,0.878,0.884,0.911,0.02766666667,,0.891,,,,,,,,,
,5,W-1,17,0,0,0,,,,4,9,9,8,x,,0.927,0.823,0.937,0.027,,0.8956666667,,,,,,,,,
,5,W-1,18,0,0,0,,,,14,16,16,11,x,,0.94,0.865,0.922,0.02233333333,,0.909,,,,,,,,,
,5,W-1,19,1,0,0,5,,,5,9,9,9,x,,0.886,0.917,NA,0.04916666667,,0.9015,,,,,,,,,
,5,W-1,20,1,0,0,5,,,10,18,18,1,0,,0.94,0.92,NA,0.038,,0.93,,,,,,,,,
,5,W-1,21,1,1,0,3,3,,7,12,12,4,6,,0.946,NA,NA,0.039,,0.946,,,,,,,,,
,5,W-1,22,0,0,0,,,,14,12,12,9,x,,0.935,0.874,0.843,0,,0.884,,,,,,,,,
,5,W-1,23,0,0,0,,,,10,11,11,3,x,,0.892,0.915,0.895,0.02933333333,,0.9006666667,,,,,,,,,
,5,W-1,24,0,0,0,,,,13,15,15,15,x,,0.911,0.877,0.893,0.02533333333,,0.8936666667,,,,,,,,,
,5,W-1,25,0,0,0,,,,9,13,13,0,2,,0.88,0.642,0.797,0,,0.773,,,,,,,,,
,5,W-1,26,1,0,0,5,,,10,14,14,0,9,,0.839,0.94,NA,0.0025,,0.8895,,,,,,,,,
,5,W-1,27,0,0,0,,,,6,7,7,0,0,,0.879,0.897,0.855,0.005,,0.877,,,,,,,,,
,5,W-1,28,0,0,0,,,,17,14,14,0,8,,0.942,0.911,0.89,0.02633333333,,0.9143333333,,,,,,,,,
,5,W-1,29,0,0,0,,,,6,9,9,0,5,,0.854,0.837,0.975,0.033,,0.8886666667,,,,,,,,,
,5,W-3,1,0,0,0,,,,11,12,12,12,x,,0.823,0.896,0.867,0.003333333333,,0.862,,,,,,,,,
,5,W-3,2,1,0,0,3,,,7,13,13,11,x,,0.892,0.866,NA,0.04,,0.879,,,,,,,,,
,5,W-3,3,0,0,0,,,,10,15,15,13,0,,0.936,0.797,0.922,0.02966666667,,0.885,,1,,,,,,,
,5,W-3,4,0,0,0,,,,5,15,15,0,0,,0.838,0.94,0.909,0.06633333333,,0.8956666667,,,,,,,,,
,5,W-3,5,0,0,0,,,,18,16,16,16,x,,0.955,0.909,0.961,0.03933333333,,0.9416666667,,,,,,,,,
,5,W-3,6,0,0,0,,,,9,13,13,13,x,,0.873,0.898,0.928,0.02566666667,,0.8996666667,,,,,,,,,
,5,W-3,7,0,0,0,,,,11,11,11,0,0,,0.925,0.694,0.865,-0.007666666667,,0.828,,1,1,,1,1,,,
,5,W-3,8,0,0,0,,,,11,10,10,7,x,,0.891,0.868,0.846,0.04033333333,,0.8683333333,,,,,,,,,
,5,W-3,9,0,0,0,,,,14,9,8,8,x,,0.901,0.886,0.953,0.01766666667,,0.9133333333,,,,,,,,,
,5,W-3,10,0,0,0,,,,13,12,12,0,2,,0.857,0.776,0.865,0.003333333333,,0.8326666667,,,,,,,,,
,5,W-3,11,0,0,0,,,,9,16,16,1,0,,0.822,0.956,0.958,0.02733333333,,0.912,,,,,,,,,
,5,W-3,12,0,0,0,,,,2,11,11,10,x,,0.856,0.881,0.892,0.001,,0.8763333333,,,,,,,,,
,5,W-3,13,0,0,0,,,,3,8,8,0,0,,0.877,0.951,0.846,0.048,,0.8913333333,,,,,,,,,
,5,W-3,14,0,0,0,,,,10,16,16,0,3,,0.909,0.865,0.859,0.008333333333,,0.8776666667,,,,,,,,,
,5,W-3,15,1,0,0,5,,,7,12,12,12,x,,0.855,NA,0.932,0.03116666667,,0.8935,,,,,,,,,
,5,W-3,16,0,0,0,,,,12,13,13,8,x,,0.896,0.973,0.92,0.048,,0.9296666667,,,,,,,,,
,5,W-3,17,0,0,0,,,,7,11,11,7,x,,0.904,0.897,0.891,0.03533333333,,0.8973333333,,,,,,,,,
,5,W-3,18,0,0,0,,,,10,22,22,0,0,,0.918,0.852,1.011,0.02033333333,,0.927,,,,,,,,,
,5,W-3,19,0,0,0,,,,15,10,10,0,0,,0.864,0.942,0.872,0.008666666667,,0.8926666667,,,,,,,bleeding,,
,5,W-3,20,0,0,0,,,,17,17,17,11,x,,0.861,0.958,0.987,0.02533333333,,0.9353333333,,1,1,,1,1,,,
,5,W-3,21,1,0,0,5,,,3,15,15,8,x,,0.941,0.847,NA,0.02,,0.894,,,,,,,,,
,5,W-3,22,0,0,0,,,,7,11,11,0,0,,0.918,0.934,0.797,0.01733333333,,0.883,,1,1,,1,1,,,
,5,W-3,23,0,0,0,,,,9,15,15,13,x,,0.822,0.806,0.823,0.011,,0.817,,,,,,,,,
,5,W-3,24,1,0,0,5,,,10,15,15,14,x,,0.899,0.887,0.895,0.02833333333,,0.8936666667,,,,,,,,,
,5,W-3,25,0,0,0,,,,9,13,13,0,0,,0.938,0.848,0.857,0,,0.881,,,,,,,,,
,5,W-3,26,0,0,0,,,,15,12,12,0,11,,0.822,0.967,0.883,0.03133333333,,0.8906666667,,,,,,,,,
,5,W-3,27,0,0,0,,,,12,12,12,0,10,,0.962,0.884,0.792,0.001,,0.8793333333,,,,,,,,,
,5,W-3,28,1,0,0,5,,,7,10,10,0,8,,0.944,NA,NA,0.05133333333,,0.944,,1,1,,1,1,,,
,5,W-3,29,0,0,0,,,,13,12,12,0,12,,1.016,0.918,0.806,0.002666666667,,0.9133333333,,,,,,,,,
,6,G,1,1,0,0,5,,,6,10,10,10,x,,0.899,0.902,NA,0.0045,,0.9005,1,1,,,,,,,
,6,G,2,0,0,0,,,,9,11,11,0,0,,0.88,0.935,0.86,0.001333333333,,0.8916666667,,,1,,,,,,
,6,G,3,1,0,0,6,,,8,9,9,6,0,,0.875,0.837,NA,0.018,,0.856,,,,,,,,,
,6,G,4,0,0,0,,,,16,16,16,3,1,,0.972,0.91,0.954,0.017,,0.9453333333,,,,,,,,,
,6,G,5,0,0,0,,,,12,11,11,6,0,,0.953,0.888,0.914,0.01133333333,,0.9183333333,,,,,,,,,
,6,G,6,1,0,0,6,,,7,9,9,9,x,,0.928,0.868,NA,-0.02066666667,,0.898,,,,,,,,,
,6,G,7,0,0,0,,,,14,16,16,14,x,,0.878,0.832,0.865,-0.009666666667,,0.8583333333,,,1,,,,,,
,6,G,8,0,0,0,,,,13,12,12,2,1,,0.867,0.953,0.84,-0.002333333333,,0.8866666667,1,1,,,,,,,
,6,G,9,0,0,0,,,,15,14,14,13,x,,0.792,0.904,0.946,0.0006666666667,,0.8806666667,1,,,,,,,,
,6,G,10,1,0,0,6,,,2,9,9,1,0,,0.774,0.882,NA,-0.028,,0.828,1,1,,,,,,,
,6,G,11,0,0,0,,,,13,15,15,13,x,,0.876,0.865,0.825,-0.02733333333,,0.8553333333,,1,1,,,,,,
,6,G,12,0,0,0,,,,7,9,9,9,x,,0.89,0.731,0.836,-0.037,,0.819,,1,1,,,,,,
,6,G,13,0,0,0,,,,11,14,14,14,x,,0.823,0.853,0.947,-0.033,,0.8743333333,1,1,1,,,,,,
,6,G,14,0,0,0,,,,14,9,9,9,x,,0.942,0.971,0.712,-0.02066666667,,0.875,,1,1,,,,,,
,6,G,15,0,0,0,,,,14,13,13,6,x,,0.942,0.901,0.911,0.02533333333,,0.918,,,1,,,,,,
,6,G,16,0,0,0,,,,11,11,11,0,0,,0.855,0.852,0.94,-0.01666666667,,0.8823333333,,1,,,,,,,
,6,G,17,0,0,0,,,,7,9,9,5,x,,0.702,0.913,0.862,-0.006666666667,,0.8256666667,1,1,,,,,,,
,6,G,18,0,0,0,,,,12,16,16,0,0,,0.967,0.97,0.93,0.003,,0.9556666667,,1,1,,,,,,
,6,G,19,0,0,0,,,,17,11,11,11,x,,0.822,0.87,0.774,-0.01733333333,,0.822,1,1,1,,,,,,
,6,G,20,0,0,0,,,,9,10,10,7,x,,0.842,0.817,0.856,-0.01466666667,,0.8383333333,,1,1,,,,,,
,6,G,21,0,0,0,,,,9,8,8,8,x,,0.863,0.797,0.808,-0.014,,0.8226666667,,1,1,,,,,,
,6,G,22,0,0,0,,,,16,12,12,11,x,,0.906,0.911,0.869,0.02666666667,,0.8953333333,,,1,,,,,,
,6,G,23,0,0,0,,,,10,13,13,13,x,,0.898,0.871,0.928,0.01566666667,,0.899,,,,,,,,,
,6,G,24,1,0,0,6,,,5,9,9,6,x,,0.911,0.812,NA,-0.003166666667,,0.8615,1,1,,,,,,,1 Missing Snail? (corrected)
,6,G,25,0,0,0,,,,25,15,15,0,0,,0.799,0.992,0.956,0.002333333333,,0.9156666667,1,1,,,,,,,
,6,G,26,1,0,0,5,,,13,13,13,13,x,,0.822,0.789,NA,-0.061,,0.8055,1,1,,,,,,,
,6,G,27,0,0,0,,,,7,15,13,8,1,,1.023,0.912,0.997,0.01833333333,,0.9773333333,,1,,,,,,,
,6,G,28,0,0,0,,,,18,9,9,8,0,,0.905,0.834,0.805,-0.008,,0.848,,1,1,,,,,,
,6,G,29,0,0,0,,,,17,11,8,4,x,,0.917,0.872,0.93,-0.03066666667,,0.9063333333,1,1,1,,,,,,
,6,G,30,0,0,0,,,,15,17,17,10,0,,0.87,0.917,0.858,-0.02566666667,,0.8816666667,1,1,,,,,,,
,6,G,31,1,1,0,5,5,,9,11,11,9,x,,0.917,NA,NA,0.037,,0.917,,,,,,,,,
,6,G,32,1,0,0,6,,,5,11,11,9,0,,0.98,0.889,NA,0.01616666667,,0.9345,1,,,,,,,,
,6,G,33,0,0,0,,,,12,10,10,10,x,,0.925,0.89,0.893,0.004333333333,,0.9026666667,,,,,,,,,
,6,G,34,1,0,0,4,,,6,15,15,5,0,,0.865,0.867,NA,-0.04,,0.866,1,1,,,,,,,
,6,G,35,0,0,0,,,,14,10,10,10,x,,0.853,0.891,0.794,-0.01233333333,,0.846,1,,1,,,,,,
,6,G,36,1,1,0,6,6,,6,9,9,9,x,,0.907,NA,NA,0.082,,0.907,1,,,,,,,,
,6,G,37,0,0,0,,,,13,15,15,0,0,,0.956,0.91,0.849,0.01366666667,,0.905,,1,1,,,,,,
,6,G,38,0,0,0,,,,6,10,10,9,x,,0.842,0.803,0.918,-0.02766666667,,0.8543333333,1,1,,,,,,,
,6,G,39,1,0,0,4,,,7,13,11,11,x,,0.991,0.947,NA,-0.0015,,0.969,,,,,,,,,
,6,G,40,0,0,0,,,,9,10,10,10,x,,0.839,0.908,0.877,-0.01433333333,,0.8746666667,1,,,,,,,,
,6,G,41,1,0,0,6,,,16,15,8,8,x,,0.892,0.814,NA,-0.008333333333,,0.853,1,1,,,,,,,
,6,G,42,0,0,0,,,,11,10,10,10,x,,0.939,0.884,0.966,-0.014,,0.9296666667,,1,,,,,,,
,6,G,43,0,0,0,,,,14,15,15,9,0,,0.945,0.86,0.81,0.001,,0.8716666667,1,,1,,,,,,
,6,G,44,0,0,0,,,,11,15,15,13,0,,0.882,0.882,0.952,-0.03833333333,,0.9053333333,1,1,,,,,,,
,6,G,45,1,0,0,3,,,10,10,10,10,x,,0.892,0.949,NA,0.008,,0.9205,1,,,,,,,,
,6,G,46,0,0,0,,,,17,15,15,3,0,,0.773,0.911,0.871,-0.01,,0.8516666667,,1,,,,,,,
,6,G,47,0,0,0,,,,18,13,13,0,2,,0.867,0.894,0.825,-0.02833333333,,0.862,1,,1,,,,,,
,6,G,48,0,0,0,,,,12,15,9,9,x,,0.836,0.826,0.918,-0.009,,0.86,,1,,,,,,,
,6,G,49,0,0,0,,,,14,8,8,7,x,,0.88,0.895,0.853,0.003666666667,,0.876,1,1,1,,,,,,
,6,G,50,0,0,0,,,,12,12,12,10,x,,0.849,0.91,0.859,-0.02833333333,,0.8726666667,,1,,,,,,,
,6,Y,1,1,0,0,6,,,16,11,11,11,x,,0.822,0.839,NA,0.002833333333,,0.8305,1,,,,,,,,
,6,Y,2,1,0,0,6,,,3,8,8,0,0,,0.913,0.841,NA,0.0006666666667,,0.877,,,,,,,,,
,6,Y,3,0,0,0,,,,15,10,10,8,x,,0.908,0.874,0.93,-0.016,,0.874,,1,1,,,,,,
,6,Y,4,0,0,0,,,,13,11,11,11,x,,0.88,0.883,0.943,-0.008,,0.902,1,1,,,,,,,
,6,Y,5,1,0,0,5,,,8,11,11,4,0,,0.936,0.93,NA,-0.0265,,0.933,1,1,,,,,,,
,6,Y,6,0,0,0,,,,11,12,12,12,x,,0.863,0.936,0.885,0.008666666667,,0.8946666667,,,,,,,,,
,6,Y,7,0,0,0,,,,16,5,5,4,x,,0.929,0.943,0.833,0.012,,0.9016666667,,,1,,,,,,
,6,Y,8,1,0,0,6,,,2,10,10,0,10,,0.758,0.877,NA,0.0155,,0.8175,1,,,,,,,,
,6,Y,9,0,0,0,,,,15,13,13,12,x,,0.94,0.846,0.836,-0.038,,0.846,,1,1,,,,,,
,6,Y,10,0,0,0,,,,12,13,13,13,x,,0.853,0.893,0.917,-0.002333333333,,0.893,1,1,1,,,,,,
,6,Y,11,1,0,0,5,,,6,7,7,6,x,,0.859,0.817,NA,0.015,,0.838,,,,,,,,,
,6,Y,12,0,0,0,,,,9,13,13,0,0,,0.846,0.91,1.003,-0.02166666667,,0.91,1,,,,,,,,
,6,Y,13,0,0,0,,,,8,13,13,13,x,,0.932,0.904,0.905,-0.03433333333,,0.904,,1,1,,,,,,
,6,Y,14,0,0,0,,,,11,10,10,9,x,,0.896,0.922,0.863,0.01966666667,,0.922,1, ,1,,,,,,
,6,Y,15,0,0,0,,,,17,10,10,10,x,,0.818,0.854,0.879,0.02233333333,,0.854,,,1,,,,,,
,6,Y,16,1,0,0,5,,,8,11,11,0,4,,0.919,0.93,NA,-0.0015,,0.9245,,1,,,,,,,
,6,Y,17,0,0,0,,,,9,12,12,6,1,,0.827,0.815,0.947,-0.02566666667,,0.863,1,1,,,,,,,
,6,Y,18,0,0,0,,,,6,15,15,15,x,,0.838,0.907,0.836,0.004333333333,,0.8603333333,,1,,,,,,,
,6,Y,19,1,0,0,5,,,12,15,15,0,13,,0.907,0.993,NA,0.036,,0.95,,1,,,,,,,
,6,Y,20,0,0,0,,,,12,10,10,10,x,,0.941,0.826,0.847,-0.04466666667,,0.826,,1,,,,,,,
,6,Y,21,0,0,0,,,,22,13,13,12,x,,0.822,0.85,0.936,-0.04833333333,,0.85,,1,1,,,,,,
,6,Y,22,0,0,0,,,,4,7,7,0,x,,0.874,0.887,0.838,0.03633333333,,0.887,,,,,,,,,
,6,Y,23,1,0,0,6,,,6,16,16,0,0,,0.977,0.999,NA,0.04766666667,,0.988,,,,,,,,,
,6,Y,24,0,0,0,,,,5,9,9,7,x,,0.899,0.818,0.887,0.012,,0.868,,1,,,,,,,
,6,Y,25,1,0,0,5,,,9,9,9,9,x,,0.943,0.916,NA,0.021,,0.9295,,1,,,,,,,
,6,Y,26,0,0,0,,,,11,11,11,10,x,,0.873,0.879,1.01,0.01866666667,,0.9206666667,1,1,,,,,,,
,6,Y,27,0,0,0,,,,10,10,10,10,x,,0.795,0.906,0.85,0.001333333333,,0.878,1,,1,,,,,,
,6,Y,28,0,0,0,,,,6,16,16,16,x,,0.831,0.91,0.935,-0.011,,0.892,1,1,1,,,,,,
,6,Y,29,0,0,0,,,,10,15,15,13,x,,0.86,0.789,0.91,#DIV/0!,,0.853,1,1,1,,,,,,
,6,Y,30,0,0,0,,,,8,7,7,7,x,,0.863,0.985,0.867,-0.06766666667,,0.905,1,1,1,,,,,,
,6,Y,31,0,0,0,,,,22,12,12,10,2,,0.946,0.846,0.867,0.009666666667,,0.8863333333,1,,1,,,,,,
,6,Y,32,0,0,0,,,,7,6,6,1,4,,0.832,0.827,0.832,-0.047,,0.8303333333,1,1,1,,,,,,
,6,Y,33,0,0,0,,,,14,14,14,13,x,,0.847,0.816,0.899,-0.008,,0.854,1,1,1,,,,,,
,6,Y,34,1,0,0,5,,,6,12,12,12,x,,0.888,0.859,NA,0.002,,0.8735,,1,,,,,,,
,6,Y,35,0,0,0,,,,6,8,8,8,x,,0.922,0.825,0.722,-0.0585,,0.7735,,,1,,,,,,
,6,Y,36,0,0,0,,,,13,13,13,13,x,,0.886,0.777,0.873,-0.01266666667,,0.8453333333,1,1,1,,,,,,
,6,Y,37,0,0,0,,,,18,10,10,4,3,,0.909,0.886,0.78,0.006,,0.8583333333,,,1,,,,,,
,6,Y,38,0,0,0,,,,15,13,13,8,1,,0.912,0.945,1.02,0.0006666666667,,0.959,1,,,,,,,,
,6,Y,39,0,0,0,,,,11,11,11,3,4,,0.804,0.879,0.934,-0.01166666667,,0.879,1,1,,,,,,,
,6,Y,40,0,0,0,,,,14,8,8,8,x,,0.902,0.72,0.898,-0.1343333333,,0.72,1,1,,,,,,,
,6,Y,41,0,0,0,,,,6,10,10,9,x,,0.782,0.828,0.863,0.009666666667,,0.8243333333,1,1,1,,,,,,
,6,Y,42,0,0,0,,,,15,11,11,9,x,,0.907,0.904,0.889,0.008333333333,,0.904,1,,,,,,,,
,6,Y,43,1,0,0,6,,,8,14,14,0,0,,0.903,0.949,NA,0.02533333333,,0.926,,,,,,,,,
,6,Y,44,0,0,0,,,,14,12,12,2,0,,0.938,0.943,1.04,0.03433333333,,0.9736666667,,,,,,,,,
,6,Y,45,0,0,0,,,,10,16,16,0,0,,0.931,0.9,0.853,-0.029,,0.8946666667,1,1,1,,,,,,
,6,Y,46,1,1,1,2,2,2,NA,NA,NA,NA,NA,NA,NA,NA,NA,#DIV/0!,,#DIV/0!,,,,,,,,,
,6,Y,47,0,0,0,,,,8,11,11,11,x,,0.827,0.824,0.882,-0.01366666667,,0.8443333333,1,1,,,,,,,
,6,Y,48,0,0,0,,,,22,14,14,14,x,,0.876,0.842,0.927,-0.04566666667,,0.842,1,1,,,,,,,
,6,Y,49,1,0,0,3,,,8,7,7,2,x,,0.875,0.946,NA,-0.005,,0.9105,1,,,,,,,,
,6,Y,50,0,0,0,,,,11,12,12,11,x,,0.908,0.905,0.885,-0.015,,0.905,1,1,,,,,,,
,6,O,1,0,0,0,,,,15,17,17,0,0,,0.867,0.889,0.912,0.09033333333,,0.8893333333,1,,1,,,,,,
,6,O,2,0,0,0,,,,14,10,10,10,x,,0.903,0.871,0.833,0.06633333333,,0.869,1,1,,,,,,,
,6,O,3,0,0,0,,,,24,11,11,11,x,,0.798,0.899,0.937,0.081,,0.878,1,,,,,,,,
,6,O,4,1,1,0,2,6,,9,10,10,10,x,,0.943,n/a,n/a,0.1053333333,,0.943,1,,,,,,,,
,6,O,5,0,0,0,,,,18,10,10,10,x,,0.902,0.799,0.858,0.028,,0.853,,1,,,,,,,
,6,O,6,0,0,0,,,,12,15,15,0,0,,0.818,0.896,0.902,0.07,,0.872,,1,,,,,,,
,6,O,7,0,0,0,,,,9,16,16,15,x,,0.856,0.901,0.897,0.029,,0.8846666667,,1,,,,,,,
,6,O,8,0,0,0,,,,12,13,13,15,0,,0.849,0.9,0.825,0.012,,0.858,,1,,,,,,,
,6,O,9,0,0,0,,,,12,12,12,11,x,,0.845,0.876,0.848,0.008666666667,,0.8563333333,,1,,,,,,,
,6,O,10,0,0,0,,,,7,16,16,0,0,,0.899,0.841,0.905,0.06133333333,,0.8816666667,1,1,1,,,,,,
,6,O,11,0,0,0,,,,15,17,17,16,x,,0.789,0.93,0.822,0.06266666667,,0.847,,,,,,,,,
,6,O,12,1,0,0,6,,,12,16,16,16,x,,0.945,0.893,n/a,0.094,,0.919,1,1,,,,,,,
,6,O,13,0,0,0,,,,18,15,15,15,x,,0.804,0.799,0.826,0.002333333333,,0.8096666667,1,,1,,,,,,
,6,O,14,0,0,0,,,,18,14,14,14,x,,0.824,0.877,0.809,0.04533333333,,0.8366666667,1,1,1,,,,,,
,6,O,15,0,0,0,,,,18,18,18,18,x,,0.766,0.831,0.914,0.07233333333,,0.837,,1,,,,,,,
,6,O,16,0,0,0,,,,26,10,10,8,0,,0.921,0.844,0.936,0.086,,0.9003333333,1,,1,,,,,,
,6,O,17,0,0,0,,,,16,16,16,14,x,,0.897,0.819,0.866,0.02833333333,,0.8606666667,1,1,,,,,,,
,6,O,18,0,0,0,,,,18,13,13,13,x,,0.901,0.825,0.927,0.02933333333,,0.8843333333,1,1,1,,,,,,
,6,O,19,0,0,0,,,,13,12,12,0,0,,0.937,0.855,0.888,0.059,,0.8933333333,1,1,1,,,,,,
,6,O,20,0,0,0,,,,18,18,18,17,x,,0.859,0.889,0.919,0.006,,0.889,,,1,,,,,,
,6,O,21,0,0,0,,,,11,10,10,10,x,,0.816,0.854,0.836,0.06266666667,,0.8353333333,,1,,,,,,,
,6,O,22,0,0,0,,,,15,16,16,16,x,,0.878,0.776,0.804,0.058,,0.8193333333,,,,,,,,,
,6,O,23,0,0,0,,,,16,11,11,11,x,,0.839,0.903,0.904,0.019,,0.882,1,1,1,,,,,,
,6,O,24,0,0,0,,,,17,15,15,0,0,,0.899,0.811,0.883,0.013,,0.8643333333,1,1,1,,,,,,
,6,O,25,0,0,0,,,,13,11,11,9,x,,0.855,0.843,0.881,0.103,,0.8596666667,1,,,,,,,,
,6,O,26,0,0,0,,,,21,13,13,12,x,,0.981,0.811,0.932,0.1126666667,,0.908,,1,1,,,,,,
,6,O,27,0,0,0,,,,18,11,11,11,x,,0.713,0.829,0.807,0.014,,0.783,1,1,1,,,,,,
,6,O,28,1,1,1,2,2,2,N/A,N/A,N/A,NA,NA,NA,N/A,N/A,N/A,#DIV/0!,,#DIV/0!,,,,,,,,,
,6,O,29,0,0,0,,,,5,14,14,14,x,,0.875,0.909,0.934,0.07666666667,,0.906,,,,,,,,,
,6,O,30,0,0,0,,,,11,15,15,15,x,,0.804,0.837,0.921,0.055,,0.854,,,,,,,,,
,6,O,31,1,0,0,4,,,10,13,13,10,2,,0.944,0.892,N/A,0.066,,0.918,1,1,,,,,,,
,6,O,32,0,0,0,,,,18,12,12,12,x,,0.857,0.887,0.873,0.045,,0.8723333333,,1,,,,,,,
,6,O,33,0,0,0,,,,23,9,9,5,0,,0.846,0.839,0.742,0.01033333333,,0.809,1,1,,,,,,,
,6,O,34,0,0,0,,,,15,14,14,14,x,,0.911,0.913,0.776,0.067,,0.8666666667,,1,,,,,,,
,6,O,35,0,0,0,,,,21,15,15,15,x,,0.759,0.901,0.815,0.071,,0.825,1,,1,,,,,,
,6,O,36,0,0,0,,,,20,17,17,17,x,,0.91,0.871,0.884,0.08233333333,,0.8883333333,,1,,,,,,,
,6,O,37,0,0,0,,,,20,17,17,17,x,,0.859,0.862,0.998,0.04933333333,,0.9063333333,1,1,,,,,,,
,6,O,38,0,0,0,,,,17,12,12,11,x,,0.829,0.939,0.771,0.04833333333,,0.8463333333,1,1,1,,,,,,
,6,O,39,0,0,0,,,,17,11,11,11,x,,0.855,0.832,0.924,0.04366666667,,0.8703333333,1,1,1,,,,,,
,6,O,40,1,0,0,6,,,11,15,15,14,x,,0.889,0.908,N/A,0.0545,,0.8985,1,1,,,,,,,
,6,O,41,0,0,0,,,,22,9,9,8,x,,0.792,0.793,0.803,0.04233333333,,0.796,1,1,,,,,,,
,6,O,42,1,0,0,5,,,12,11,11,11,x,,0.901,0.817,N/A,0.04166666667,,0.859,1,1,,,,,,,
,6,O,43,0,0,0,,,,10,13,13,13,x,,0.922,0.831,0.857,0.04466666667,,0.87,1,1,,,,,,,
,6,O,44,0,0,0,,,,14,12,12,12,x,,0.789,0.827,0.743,0.01633333333,,0.7863333333,1,1,,,,,,,
,6,O,45,0,0,0,,,,20,12,12,12,x,,0.862,0.916,0.835,0.03966666667,,0.871,,,1,,,,,,
,6,O,46,0,0,0,,,,13,15,15,15,x,,0.812,0.813,0.899,0.03533333333,,0.8413333333,,1,,,,,,,
,6,O,47,0,0,0,,,,12,12,12,11,x,,0.856,0.792,0.782,0.02266666667,,0.81,,,,,,,,,
,6,O,48,0,0,0,,,,19,16,16,16,x,,0.776,0.789,0.899,0.06466666667,,0.8213333333,,1,,,,,,,
,6,O,49,0,0,0,,,,15,10,10,10,x,,0.893,0.772,0.803,0.03366666667,,0.8226666667,,1,1,,,,,,
,6,O,50,0,0,0,,,,12,15,15,15,x,,0.855,0.804,0.827,0.002,,0.8286666667,1,1,1,,,,,,
,6,W-1,1,0,0,0,,,,15,11,11,6,2,,0.876,0.937,0.927,-0.03433333333,,0.9133333333,1,1,1,,,,,,
,6,W-1,2,1,0,0,6,,,12,11,11,11,x,,0.88,0.814,NA,-0.01833333333,,0.847,,1,,,,,,,
,6,W-1,3,1,0,0,6,,,12,14,14,14,x,,0.897,0.812,NA,-0.02216666667,,0.8545,1,1,1,,,,,,
,6,W-1,4,1,0,0,6,,,8,9,9,9,x,,0.883,0.902,NA,0.0295,,0.8925,1,1,,,,,,,
,6,W-1,5,0,0,0,,,,10,11,11,3,3,,0.84,0.975,0.802,-0.01233333333,,0.8723333333,1,,,,,,,,
,6,W-1,6,1,0,0,4,,,5,11,11,0,2,,0.9,1.004,NA,0.0145,,0.952,1,,,,,,,,
,6,W-1,7,0,0,0,,,,8,15,15,15,x,,0.867,0.746,0.92,-0.03133333333,,0.8443333333,,1,1,,,,,,
,6,W-1,8,0,0,0,,,,15,14,14,13,x,,0.86,0.789,0.895,-0.058,,0.848,1,,1,,,,,,
,6,W-1,9,0,0,0,,,,16,16,16,4,0,,0.834,0.842,0.878,-0.04466666667,,0.8513333333,,,,,,,,,
,6,W-1,10,0,0,0,,,,16,20,20,14,0,,0.955,0.854,0.892,0.002666666667,,0.9003333333,,1,1,,,,,,
,6,W-1,11,0,0,0,,,,15,14,14,6,1,,0.951,0.939,0.885,0.005,,0.925,,,1,,,,,,
,6,W-1,12,0,0,0,,,,12,14,14,13,x,,0.86,0.783,0.852,-0.01666666667,,0.8316666667,,1,,,,,,,
,6,W-1,13,0,0,0,,,,6,10,10,7,x,,0.845,0.866,0.942,-0.032,,0.8843333333,1,1,,,,,,,
,6,W-1,14,0,0,0,,,,8,9,9,9,x,,0.829,0.777,0.913,-0.024,,0.8396666667,,1,,,,,,,
,6,W-1,15,0,0,0,,,,7,10,10,1,2,,0.808,0.784,0.846,-0.05766666667,,0.8126666667,1,1,,,,,,,
,6,W-1,16,0,0,0,,,,16,13,13,0,0,,0.856,0.9,0.924,0.002333333333,,0.8933333333,1,,,,,,,,
,6,W-1,17,0,0,0,,,,3,14,14,8,x,,0.874,0.915,0.804,-0.03133333333,,0.8643333333,1,,,,,,,,
,6,W-1,18,0,0,0,,,,15,15,15,0,1,,0.929,0.925,0.844,-0.009666666667,,0.8993333333,,1,1,,,,,,
,6,W-1,19,1,0,0,5,,,8,13,13,13,x,,0.839,0.859,NA,-0.0525,,0.849,1,1,,,,,,,
,6,W-1,20,1,0,0,5,,,12,11,11,10,x,,0.939,0.887,NA,-0.017,,0.913,,1,,,,,,,
,6,W-1,21,1,1,0,3,3,,3,11,11,11,x,,1.019,NA,NA,0.073,,1.019,,,,,,,,,
,6,W-1,22,0,0,0,,,,6,14,14,8,4,,0.985,0.871,0.881,0.02833333333,,0.9123333333,,,1,,,,,,
,6,W-1,23,0,0,0,,,,18,12,12,6,0,,0.923,0.864,0.853,-0.02066666667,,0.88,,,1,,,,,,
,6,W-1,24,1,0,0,6,,,4,11,11,11,x,,0.867,0.896,NA,-0.01216666667,,0.8815,1,,,,,,,,
,6,W-1,25,1,0,0,6,,,8,10,10,8,x,,0.767,0.863,NA,0.042,,0.815,1,1,,,,,,,
,6,W-1,26,1,0,0,5,,,9,8,8,8,x,,0.908,0.814,NA,-0.0285,,0.861,1,1,,,,,,,
,6,W-1,27,0,0,0,,,,12,12,12,8,0,,0.894,0.935,0.889,0.029,,0.906,,1,,,,,,,
,6,W-1,28,0,0,0,,,,10,12,12,12,x,,0.889,0.902,0.88,-0.024,,0.8903333333,1,1,,,,,,,
,6,W-1,29,0,0,0,,,,12,13,13,10,x,,0.953,0.856,0.935,0.026,,0.9146666667,1,1,1,,,,,,
,6,W-3,1,0,0,0,,,,12,13,13,13,x,,0.795,0.803,0.817,-0.057,,0.805,1,1,1,,,,,,
,6,W-3,2,1,0,0,3,,,6,11,11,0,0,,0.839,0.891,NA,-0.014,,0.865,1,,,,,,,,
,6,W-3,3,0,0,0,,,,18,12,12,1,0,,0.819,0.865,0.847,-0.04133333333,,0.8436666667,1,1,1,,,,,,
,6,W-3,4,0,0,0,,,,16,12,12,11,x,,0.941,0.928,0.804,-0.004666666667,,0.891,,,1,,,,,,
,6,W-3,5,1,0,0,6,,,14,17,17,17,x,,0.917,0.753,NA,-0.1066666667,,0.835,1,1,,,,,,,
,6,W-3,6,0,0,0,,,,10,12,12,12,x,,0.913,0.915,0.932,0.02033333333,,0.92,,1,1,,,,,,
,6,W-3,7,0,0,0,,,,12,10,10,10,x,,0.848,0.759,0.892,0.005,,0.833,1,1,,,,,,,
,6,W-3,8,0,0,0,,,,6,10,10,0,0,,0.947,0.919,0.878,0.04633333333,,0.9146666667,,,1,,,,,,
,6,W-3,9,0,0,0,,,,9,12,12,5,1,,0.959,0.909,0.91,0.01266666667,,0.926,1,1,1,,,,,,
,6,W-3,10,1,0,0,6,,,10,14,14,0,0,,0.851,0.823,NA,0.004333333333,,0.837,1,1,,,,,,,
,6,W-3,11,0,0,0,,,,17,13,13,12,x,,0.99,0.971,0.803,0.009333333333,,0.9213333333,,,,,,,,,
,6,W-3,12,0,0,0,,,,11,13,13,0,0,,0.89,0.908,0.95,0.03966666667,,0.916,1,1,1,,,,,,
,6,W-3,13,0,0,0,,,,13,14,14,14,x,,0.992,0.798,0.911,0.009,,0.9003333333,,1,,,,,,,
,6,W-3,14,0,0,0,,,,12,13,13,12,x,,0.957,0.87,0.847,0.01366666667,,0.8913333333,,1,1,,,,,,
,6,W-3,15,1,0,0,5,,,9,16,16,16,x,,0.893,0.945,NA,0.0255,,0.919,,1,,,,,,,
,6,W-3,16,0,0,0,,,,19,13,13,13,x,,0.939,0.891,0.863,-0.032,,0.8976666667,1,,,,,,,,
,6,W-3,17,0,0,0,,,,15,16,16,16,x,,0.899,0.923,0.87,0,,0.8973333333,1,1,1,,,,,,
,6,W-3,18,0,0,0,,,,12,22,22,14,4,,0.893,0.919,0.975,0.002,,0.929,1,,1,,,,,,
,6,W-3,19,0,0,0,,,,16,15,15,6,0,,0.834,0.864,0.939,-0.01366666667,,0.879,1,,1,,,,,,"4 snails in one jar (solved: week 6 W19-3-1 is the additional snail, do the other 3 snail measurements)"
,6,W-3,20,0,0,0,,,,16,15,15,0,0,,0.947,0.901,0.93,-0.009333333333,,0.926,1,1,1,,,,,,
,6,W-3,21,1,0,0,5,,,8,16,16,9,0,,0.995,0.848,NA,0.0275,,0.9215,1,1,,,,,,,
,6,W-3,22,0,0,0,,,,8,11,11,11,x,,0.828,0.927,0.873,-0.007,,0.876,1,1,1,,,,,,
,6,W-3,23,1,1,1,6,6,6,10,17,17,0,0,,NA,NA,NA,#DIV/0!,,#DIV/0!,,,,,,,,,
,6,W-3,24,1,0,0,5,,,11,12,12,12,x,,0.872,0.878,NA,-0.01866666667,,0.875,1,1,,,,,,,
,6,W-3,25,1,0,0,6,,,6,11,11,0,0,,0.874,0.945,NA,0.0285,,0.9095,1,1,,,,,,,
,6,W-3,26,0,0,0,,,,17,13,13,3,1,,0.99,0.847,0.856,0.007,,0.8976666667,,,1,,,,,,
,6,W-3,27,0,0,0,,,,7,10,10,10,x,,0.892,0.884,0.817,-0.015,,0.8643333333,,1,,,,,,,
,6,W-3,28,1,0,0,5,,,14,13,13,13,x,,1.044,0.954,NA,0.055,,0.999,,,,,,,,,
,6,W-3,29,0,0,0,,,,5,22,22,0,0,,0.956,0.83,0.87,-0.028,,0.8853333333,1,,1,,,,,,
,7,G,1,1,0,0,5,,,7,12,12,5,0,,0.924,0.947,,0.035,,0.9355,1,1,,1,1,,,,
,7,G,2,0,0,0,,,,8,12,12,0,0,,0.865,0.887,0.934,0.003666666667,,0.8953333333,,,1,,,,,,
,7,G,3,1,0,0,6,,,12,9,9,1,0,,0.873,0.883,,0.022,,0.878,,,,,,,,,
,7,G,4,0,0,0,,,,17,15,15,15,x,,0.943,0.967,0.873,-0.01766666667,,0.9276666667,,,,,,,,,
,7,G,5,0,0,0,,,,12,15,15,1,0,,0.855,0.95,0.886,-0.02133333333,,0.897,,,,,,,,,
,7,G,6,1,0,0,6,,,6,12,12,0,0,,0.886,0.994,,0.042,,0.94,,,,,,,,,
,7,G,7,0,0,0,,,,12,10,10,0,0,,0.882,0.904,0.795,0.002,,0.8603333333,,1,,,,,,,
,7,G,8,0,0,0,,,,6,8,8,0,0,,0.786,0.895,0.936,-0.01433333333,,0.8723333333,,,,,,,,,
,7,G,9,0,0,0,,,,11,15,15,13,x,,0.934,0.828,0.892,0.004,,0.8846666667,,,,,,,,,
,7,G,10,1,1,0,6,7,,18,11,11,7,0,,0.937,,,0.109,,0.937,,,,,,,,,
,7,G,11,0,0,0,,,,8,12,12,3,0,,0.878,0.868,0.902,0.02733333333,,0.8826666667,,,,,,,,,
,7,G,12,1,0,0,6,,,1,0,0,NA,NA,NA,0.901,0.886,,0.0745,,0.8935,,,,,,,,,
,7,G,13,0,0,0,,,,5,13,13,0,0,,0.909,0.959,0.893,0.046,,0.9203333333,,,,,,,,,
,7,G,14,0,0,0,,,,5,13,13,0,0,,0.913,0.7,0.993,-0.006333333333,,0.8686666667,,,,,,,,,
,7,G,15,0,0,0,,,,17,12,12,10,x,,0.926,0.915,0.954,0.01366666667,,0.9316666667,,,,,,,,,
,7,G,16,1,0,0,6,,,1,12,12,0,0,,0.935,0.887,,0.02866666667,,0.911,,,,,,,,,
,7,G,17,0,0,0,,,,8,8,8,0,0,,0.867,0.941,0.712,0.01433333333,,0.84,,,,,,,,,
,7,G,18,0,0,0,,,,12,13,13,13,x,,0.989,0.936,0.964,0.007333333333,,0.963,,,,,,,,,
,7,G,19,1,0,0,7,,,6,13,13,2,0,,0.886,0.85,,0.046,,0.868,,,,,,,,,
,7,G,20,0,0,0,,,,8,13,13,7,0,,0.885,0.858,0.872,0.03333333333,,0.8716666667,,,,,,,,,
,7,G,21,0,0,0,,,,6,11,11,1,0,,0.872,0.839,0.844,0.029,,0.8516666667,,,,,,,,,
,7,G,22,1,0,0,7,,,7,15,15,1,0,,0.956,0.896,0.912,0.026,,0.9213333333,,,,,,,,,missing dead body? (corrected)
,7,G,23,0,0,0,,,,18,12,12,4,3,,0.915,0.884,0.993,0.03166666667,,0.9306666667,,1,1,,,,,,
,7,G,24,1,0,0,7,,,10,16,16,15,x,,0.86,0.892,,0.0145,,0.876,,,,,,,,,
,7,G,25,1,0,0,6,,,10,13,13,0,0,,0.939,1.029,,0.06833333333,,0.984,,,,,,,,,
,7,G,26,1,0,0,5,,,12,10,10,0,0,,0.811,0.922,,0.061,,0.8665,,,,,,,,,
,7,G,27,0,0,0,,,,10,13,13,2,1,,0.929,1.011,0.985,-0.002333333333,,0.975,,,,,,,,,
,7,G,28,0,0,0,,,,14,8,8,5,0,,0.887,0.875,0.862,0.02666666667,,0.8746666667,,,,,,,,,
,7,G,29,0,0,0,,,,2,9,9,0,0,,0.943,0.966,0.989,0.05966666667,,0.966,,,,,,,,,
,7,G,30,0,0,0,,,,12,14,14,14,x,,0.902,0.93,0.844,0.01033333333,,0.892,,,,,,,,,
,7,G,31,1,1,0,5,5,,7,9,9,9,x,,0.966,,,0.049,,0.966,,,,,,,,,
,7,G,32,1,0,0,6,,,7,12,12,5,x,,0.946,1.028,,0.0525,,0.987,,,,,,,,,
,7,G,33,0,0,0,,,,11,15,15,0,0,,0.94,0.923,0.923,0.026,,0.9286666667,,,,,,,,,
,7,G,34,1,0,0,4,,,10,8,8,5,0,,0.98,0.953,,0.1005,,0.9665,,,,,,,,,
,7,G,35,0,0,0,,,,8,11,11,0,0,,0.9,0.864,0.869,0.03166666667,,0.8776666667,,,,,,,,,
,7,G,36,1,1,0,6,6,,2,7,7,7,x,,0.933,,,0.026,,0.933,,,,,,,,,
,7,G,37,0,0,0,,,,19,17,17,11,x,,0.889,0.919,0.944,0.01233333333,,0.9173333333,,,,,,,,,
,7,G,38,0,0,0,,,,10,12,12,12,x,,0.854,0.899,0.854,0.01466666667,,0.869,,,,,,,,,
,7,G,39,1,0,0,4,,,9,12,12,9,x,,0.958,0.993,,0.0065,,0.9755,,,,,,,1,,
,7,G,40,0,0,0,,,,6,5,5,0,0,,0.871,0.895,0.871,0.004333333333,,0.879,,,,,,,,,
,7,G,41,1,0,0,6,,,7,11,11,0,0,,0.962,0.87,,0.063,,0.916,,,,,,,,,
,7,G,42,0,0,0,,,,9,13,13,4,1,,0.976,0.905,0.929,0.007,,0.9366666667,,,,,,,,,
,7,G,43,0,0,0,,,,12,11,11,8,x,,0.877,0.934,0.842,0.01266666667,,0.8843333333,,,,,,,,,
,7,G,44,0,0,0,,,,10,14,14,14,x,,0.942,0.957,0.936,0.03966666667,,0.945,,,,,,,,,
,7,G,45,1,0,0,3,,,5,8,8,0,0,,0.869,0.949,,-0.0115,,0.909,,,,,,,,,
,7,G,46,0,0,0,,,,7,8,8,0,0,,0.88,0.905,0.781,0.003666666667,,0.8553333333,,,,,,,,,
,7,G,47,0,0,0,,,,12,15,15,14,x,,0.918,0.925,0.897,0.05133333333,,0.9133333333,,,,,,,,,
,7,G,48,0,0,0,,,,13,11,11,10,x,,0.805,0.873,0.888,-0.004666666667,,0.8553333333,,,,,,,,,
,7,G,49,0,0,0,,,,9,9,9,2,0,,0.83,0.911,0.938,0.017,,0.893,,,,,,,,,
,7,G,50,0,0,0,,,,12,11,11,1,0,,0.944,0.853,0.87,0.01633333333,,0.889,,,,,,,,,
,7,Y,1,1,0,0,6,,,10,9,9,8,x,,0.876,0.835,NA,0.025,,0.8555,1,1,,1,1,,,,"1 missing snail not recorded (corrected), additional algae growth on the bottom"
,7,Y,2,1,0,0,6,,,11,12,12,12,x,,0.878,0.997,NA,0.0605,,0.9375,,,,,,,,,1 missing snail not recorded (corrected)
,7,Y,3,0,0,0,,,,16,12,12,7,x,,0.93,0.923,0.968,0.06633333333,,0.9403333333,,,1,,,,,,
,7,Y,4,0,0,0,,,,9,13,13,13,x,,0.918,0.957,0.933,0.034,,0.936,,,1,,,,,,
,7,Y,5,1,0,0,5,,,11,10,10,7,x,,0.988,0.925,NA,0.0235,,0.9565,,,,,,,,,
,7,Y,6,0,0,0,,,,10,11,11,6,x,,0.931,0.896,0.882,0.008333333333,,0.903,,1,,,,,,,
,7,Y,7,0,0,0,,,,18,9,9,9,x,,0.992,0.937,0.872,0.032,,0.9336666667,,1,1,,,,,,
,7,Y,8,1,0,0,6,,,9,18,18,18,x,,0.901,0.796,NA,0.031,,0.8485,,1,,,,,,,1 missing snail not recorded (corrected )
,7,Y,9,0,0,0,,,,22,13,13,13,x,,0.837,0.952,0.89,0.047,,0.893,1,1,1,,,,,,
,7,Y,10,0,0,0,,,,9,6,6,6,x,,0.921,0.837,0.941,0.006666666667,,0.8996666667,,,,,,,,,
,7,Y,11,1,0,0,5,,,17,8,8,8,x,,0.892,0.858,NA,0.037,0.858,0.875,,1,,,,,,,
,7,Y,12,0,0,0,,,,21,12,12,12,x,,0.888,0.86,1.024,0.014,,0.924,1,1,1,,,,,,algae
,7,Y,13,0,0,0,,,,14,9,9,9,x,,0.922,0.938,0.981,0.043,,0.947,1,1,1,,,,,,
,7,Y,14,0,0,0,,,,17,11,11,11,x,,0.889,0.913,0.893,-0.02366666667,,0.8983333333,,1,1,,,,,,
,7,Y,15,0,0,0,,,,13,8,8,8,x,,0.879,0.815,0.925,0.019,,0.873,,,1,,,,,,
,7,Y,16,1,0,0,5,,,18,10,10,8,x,,0.986,0.919,NA,0.028,,0.9525,,,,,,,,,
,7,Y,17,0,0,0,,,,12,13,13,13,x,,0.98,0.916,0.86,0.05566666667,,0.9186666667,,1,1,,,,,,algae
,7,Y,18,0,0,0,,,,18,12,12,10,x,,0.788,0.946,0.852,0.001666666667,,0.862,1,1,1,,,,,,algae
,7,Y,19,1,0,0,5,,,10,13,13,13,x,,0.967,0.959,NA,0.013,,0.963,,,,,,,,,
,7,Y,20,0,0,0,,,,19,11,11,11,x,,0.873,0.938,0.878,0.07033333333,,0.8963333333,1,,,,,,,,algae
,7,Y,21,1,1,0,7,7,,4,6,2,2,x,,0.985,NA,NA,0.135,,0.985,,,,,,,,,
,7,Y,22,0,0,0,,,,11,12,12,9,x,,0.921,0.872,0.963,0.03166666667,,0.9186666667,,1,1,,1,1,,,
,7,Y,23,1,1,0,6,7,,13,15,15,15,x,,1.026,NA,NA,0.038,,1.026,,,,,,,,,
,7,Y,24,0,0,0,,,,19,12,12,12,x,,0.911,0.857,0.864,0.009333333333,,0.8773333333,,1,,,,,,,algae
,7,Y,25,1,0,0,5,,,10,8,8,8,x,,0.93,0.977,NA,0.024,,0.9535,,,,,,,,,algae
,7,Y,26,0,0,0,,,,19,15,15,15,x,,1.042,0.886,0.931,0.03233333333,,0.953,,1,1,,,,,,
,7,Y,27,0,0,0,,,,19,10,10,10,x,,0.913,0.839,0.898,0.005333333333,,0.8833333333,,,,,,,,,
,7,Y,28,0,0,0,,,,15,11,11,11,x,,0.833,0.945,0.956,0.01933333333,,0.9113333333,,,,,,,,,
,7,Y,29,0,0,0,,,,15,14,14,14,x,,0.926,0.769,0.898,0.01133333333,,0.8643333333,1,1,1,,,,,,
,7,Y,30,0,0,0,,,,16,11,11,11,x,,0.92,0.957,1.021,0.061,,0.966,,,,,,,,,algae
,7,Y,31,0,0,0,,,,19,12,12,12,x,,0.954,0.87,0.836,0.0003333333333,,0.8866666667,,,,,,,,,
,7,Y,32,0,0,0,,,,19,11,11,11,x,,0.9,0.937,0.954,0.1,,0.9303333333,,,1,,,,,,algae
,7,Y,33,0,0,0,,,,23,10,10,10,x,,0.955,0.894,0.879,0.05533333333,,0.9093333333,,,,,,,,,algae
,7,Y,34,1,0,0,5,,,8,9,9,9,x,,0.896,0.894,NA,0.0215,,0.895,,1,,,,,,,
,7,Y,35,1,0,0,7,,,16,9,9,8,x,,0.82,0.973,NA,0.123,,0.8965,1,1,,,,,,,algae
,7,Y,36,0,0,0,,,,7,11,11,10,x,,0.926,0.924,0.783,0.03233333333,,0.8776666667,,1,1,,,,,,
,7,Y,37,0,0,0,,,,19,10,10,10,x,,0.9,0.788,0.919,0.01066666667,,0.869,,,,,,,,,algae
,7,Y,38,0,0,0,,,,14,10,10,10,x,,0.929,0.975,1.034,0.02033333333,,0.9793333333,1,,1,,,,,,
,7,Y,39,0,0,0,,,,11,12,12,12,x,,0.842,0.909,0.912,0.008666666667,,0.8876666667,,,1,,,,,,
,7,Y,40,0,0,0,,,,14,11,11,10,x,,0.946,0.759,0.936,0.1603333333,,0.8803333333,,1,,,,,,,
,7,Y,41,0,0,0,,,,11,11,11,11,x,,0.775,0.82,0.926,0.016,,0.8403333333,1,1,,,,,,,
,7,Y,42,0,0,0,,,,18,12,12,12,x,,0.868,0.957,0.877,-0.003333333333,,0.9006666667,1,1,,,,,,,algae
,7,Y,43,1,0,0,6,,,15,8,8,4,x,,0.962,0.982,NA,0.046,,0.972,,1,,,,,,,
,7,Y,44,0,0,0,,,,18,17,17,15,x,,1.037,0.995,0.936,0.01566666667,,0.9893333333,,,,,,,,,
,7,Y,45,0,0,0,,,,11,21,21,14,x,,0.975,0.938,0.958,0.06233333333,,0.957,,1,,,,,,,
,7,Y,46,1,1,1,2,2,2,NA,NA,NA,NA,NA,NA,NA,NA,NA,#DIV/0!,,#DIV/0!,,,,,,,,,
,7,Y,47,1,0,0,7,,,7,11,11,11,x,,0.902,0.858,NA,0.03566666667,,0.88,1,1,,1,1,,,,
,7,Y,48,0,0,0,,,,14,10,10,8,x,,0.891,0.936,0.848,0.04966666667,,0.8916666667,,,,,,,,,
,7,Y,49,1,0,0,3,,,11,11,11,0,0,,0.995,0.926,NA,0.05,,0.9605,,,,,,,,,
,7,Y,50,0,0,0,,,,16,9,9,8,x,,0.991,0.975,0.912,0.05433333333,,0.9593333333,1,1,1,,,,,,algae
,7,O,1,0,0,0,,,,16,9,12,8,x,,0.893,0.902,0.976,0.03433333333,,0.9236666667,1,1,1,,,,,,
,7,O,2,0,0,0,,,,20,12,12,12,x,,0.915,0.994,0.919,0.07366666667,,0.9426666667,,1,1,,,,,,
,7,O,3,0,0,0,,,,20,12,12,11,x,,0.791,0.939,0.949,0.015,,0.893,,,,,,,,,
,7,O,4,1,1,0,2,6,,15,11,11,10,x,,0.998,NA,NA,0.055,,0.998,,,,,,,,,missing dead body (corrected)
,7,O,5,0,0,0,,,,14,11,11,11,x,,0.914,0.948,0.899,0.06733333333,,0.9203333333,,1,1,,,,,,
,7,O,6,0,0,0,,,,14,13,13,13,x,,0.899,0.935,0.921,0.04633333333,,0.9183333333,,,1,,,,,,
,7,O,7,0,0,0,,,,13,12,12,12,x,,0.911,0.878,0.866,0.0003333333333,,0.885,1,,1,,,,,,
,7,O,8,1,0,0,7,,,15,13,13,13,x,,0.899,0.999,NA,0.091,,0.949,,1,,,,,,,
,7,O,9,0,0,0,,,,15,8,8,8,x,,0.877,0.839,,0.001666666667,,0.858,,,,,,,,,missing dead body (not missing? corrected)
,7,O,10,0,0,0,,,,14,14,14,14,x,,0.869,0.933,0.856,0.004333333333,,0.886,,,1,,,,,,
,7,O,11,0,0,0,,,,18,10,10,9,x,,0.942,0.815,0.857,0.02433333333,,0.8713333333,,,1,,,,,,
,7,O,12,1,0,0,6,,,17,15,15,15,x,,0.999,0.887,NA,0.024,,0.943,,,,,,,,,dead body missing (corrected)
,7,O,13,0,0,0,,,,15,10,10,10,x,,0.909,0.799,0.817,0.032,,0.8416666667,,1,1,,,,,,
,7,O,14,0,0,0,,,,12,11,11,11,x,,0.892,0.874,0.814,0.02333333333,,0.86,1,1,1,,,,,,
,7,O,15,0,0,0,,,,21,14,14,14,x,,0.869,0.859,0.804,0.007,,0.844,,,1,,,,,,
,7,O,16,0,0,0,,,,12,9,9,3,0,,0.983,0.903,0.974,0.053,,0.9533333333,1,1,1,,,,,,
,7,O,17,0,0,0,,,,15,15,15,15,x,,0.917,0.795,0.994,0.04133333333,,0.902,1,1,,,,,,,
,7,O,18,0,0,0,,,,12,11,11,11,x,,0.998,0.885,0.941,0.057,,0.9413333333,,,,,,,,,
,7,O,19,0,0,0,,,,14,12,12,12,x,,0.995,0.895,0.872,0.02733333333,,0.9206666667,,,,,,,,,
,7,O,20,0,0,0,,,,21,11,11,11,x,,0.901,0.883,0.884,0.0003333333333,,0.8893333333,1,,1,,,,,,
,7,O,21,0,0,0,,,,21,10,10,10,x,,0.798,0.958,0.861,0.037,,0.8723333333,1,1,,,,,,,
,7,O,22,0,0,0,,,,16,15,15,15,x,,0.957,0.799,0.914,0.07066666667,,0.89,,1,,,,,,,
,7,O,23,0,0,0,,,,14,10,10,7,3,,0.913,0.922,0.814,0.001,,0.883,,,1,,,,,,
,7,O,24,0,0,0,,,,21,13,13,12,x,,0.922,0.881,0.826,0.012,,0.8763333333,1,1,1,,,,,,
,7,O,25,0,0,0,,,,12,11,11,10,x,,0.903,0.846,0.861,0.01033333333,,0.87,1,,,,,,,,
,7,O,26,0,0,0,,,,13,10,10,10,x,,0.911,0.909,0.915,0.003666666667,,0.9116666667,,1,1,,,,,,
,7,O,27,0,0,0,,,,11,9,9,9,x,,0.888,0.814,0.799,0.05066666667,,0.8336666667,,1,1,,,,,,
,7,O,28,1,1,1,2,2,2,NA,NA,NA,NA,NA,NA,NA,NA,NA,#DIV/0!,,#DIV/0!,,,,,,,,,
,7,O,29,0,0,0,,,,21,13,13,12,x,,0.925,0.916,0.907,0.01,,0.916,,,1,,,,,,
,7,O,30,0,0,0,,,,6,14,14,2,x,,0.937,0.933,0.962,0.09,,0.944,,1,1,,,,,,
,7,O,31,1,0,0,4,,,9,11,11,9,x,,0.961,0.915,NA,0.02,,0.938,1,1,,,,,,,
,7,O,32,0,0,0,,,,9,12,12,12,x,,0.876,0.959,0.91,0.04266666667,,0.915,1,,,,,,,,
,7,O,33,1,0,0,7,,,13,11,11,10,x,,0.921,0.889,NA,0.096,,0.905,,,,,,,,,
,7,O,34,0,0,0,,,,9,10,10,9,x,,0.969,0.904,0.879,0.05066666667,,0.9173333333,,1,,,,,,,
,7,O,35,0,0,0,,,,19,9,9,9,x,,0.927,0.821,0.789,0.02066666667,,0.8456666667,1,1,1,,,,,,
,7,O,36,0,0,0,,,,18,9,9,8,x,,0.858,0.958,0.906,0.019,,0.9073333333,1,,,,,,,,
,7,O,37,0,0,0,,,,25,11,11,10,x,,0.932,0.934,0.894,0.01366666667,,0.92,,,,,,,,,
,7,O,38,0,0,0,,,,22,10,10,8,x,,0.994,0.834,0.917,0.06866666667,,0.915,,1,,,,,,,
,7,O,39,1,0,0,7,,,4,9,9,8,x,,0.892,1.03,NA,0.09066666667,,0.961,,,,,,,,,
,7,O,40,1,0,0,6,,,17,10,10,10,x,,0.908,0.913,NA,0.012,,0.9105,,,,,,,,,missing dead body (corrected)
,7,O,41,0,0,0,,,,15,8,8,8,x,,0.803,0.863,0.881,0.053,,0.849,1,,1,,,,,,
,7,O,42,1,0,0,5,,,17,9,9,6,x,,0.999,0.944,NA,0.1125,,0.9715,,1,,,,,,,
,7,O,43,0,0,0,,,,13,9,9,9,x,,0.924,0.879,0.941,0.04466666667,,0.9146666667,,1,1,,,,,,
,7,O,44,0,0,0,,,,15,10,10,8,x,,0.882,0.802,0.905,0.07666666667,,0.863,,,,,,,,,
,7,O,45,0,0,0,,,,15,11,11,10,x,,0.951,0.913,0.899,0.05,,0.921,,,1,,,,,,
,7,O,46,0,0,0,,,,26,10,10,9,x,,0.899,0.875,0.919,0.05633333333,,0.8976666667,1,,1,,,,,,
,7,O,47,0,0,0,,,,19,10,10,8,x,,0.918,0.816,0.904,0.06933333333,,0.8793333333,1,,,,,,,,
,7,O,48,0,0,0,,,,14,15,15,15,x,,0.827,0.888,0.778,0.009666666667,,0.831,,,,,,,,,
,7,O,49,0,0,0,,,,16,8,8,8,x,,0.892,0.931,0.901,0.08533333333,,0.908,,,,,,,,,
,7,O,50,0,0,0,,,,18,9,9,9,x,,0.829,0.876,0.803,0.007333333333,,0.836,,,1,,,,,,
,7,W-1,1,0,0,0,,,,10,9,9,5,1,,0.917,0.998,0.969,0.048,,0.9613333333,1,,,,,,,,
,7,W-1,2,1,0,0,6,,,8,14,14,14,x,,0.907,0.906,NA,0.0595,,0.9065,,,,,,,,,dead body missing (corrected)
,7,W-1,3,1,0,0,6,,,11,10,10,7,x,,0.883,0.855,NA,0.0145,,0.869,1,1,,,,,,,
,7,W-1,4,1,0,0,6,,,7,12,12,6,0,,0.947,1.009,NA,0.0855,,0.978,,,,,,,,,dead body missing (corrected)
,7,W-1,5,0,0,0,,,,10,12,12,12,x,,0.839,0.935,0.989,0.04866666667,,0.921,,,,,,,,,
,7,W-1,6,1,0,0,4,,,7,13,13,13,x,,0.893,0.994,NA,-0.0085,,0.9435,1,,,,,,,,
,7,W-1,7,0,0,0,,,,8,9,9,0,0,,0.891,0.77,0.897,0.008333333333,,0.8526666667,1,1,1,,,,,,
,7,W-1,8,0,0,0,,,,20,11,11,11,x,,0.925,0.8,0.994,0.05833333333,,0.9063333333,,,,,,,,,
,7,W-1,9,0,0,0,,,,13,15,15,0,0,,0.944,0.945,0.892,0.07566666667,,0.927,,,1,,,,,,
,7,W-1,10,0,0,0,,,,11,11,11,0,0,,0.954,0.951,0.892,0.032,,0.9323333333,,1,1,,,,,,
,7,W-1,11,1,0,0,7,,,11,12,12,12,x,,0.962,0.908,NA,0.01,,0.935,,1,,,,,,,dead body missing (not? corrected)
,7,W-1,12,0,0,0,,,,9,7,7,6,x,,0.859,0.86,0.839,0.021,,0.8526666667,,1,,,,,,,
,7,W-1,13,0,0,0,,,,11,10,10,8,x,,0.962,0.935,0.941,0.06166666667,,0.946,,,,,,,,,
,7,W-1,14,0,0,0,,,,13,15,15,3,0,,0.881,0.902,0.797,0.02033333333,,0.86,,1,1,,,,,,
,7,W-1,15,0,0,0,,,,13,11,11,3,0,,0.946,0.878,0.908,0.098,,0.9106666667,1,,1,,,,,,
,7,W-1,16,0,0,0,,,,13,11,11,10,x,,0.949,0.921,0.956,0.04866666667,,0.942,,,,,,,,,
,7,W-1,17,1,0,0,7,,,6,13,13,8,x,,0.969,0.932,NA,0.08616666667,,0.9505,1,1,,,,,,,
,7,W-1,18,0,0,0,,,,9,10,10,0,0,,0.926,0.945,0.832,0.001666666667,,0.901,,1,1,,,,,,
,7,W-1,19,1,0,0,5,,,11,11,11,10,x,,0.85,0.959,NA,0.0555,,0.9045,1,,,,,,,,
,7,W-1,20,1,0,0,5,,,7,9,9,9,x,,0.895,0.996,NA,0.0325,,0.9455,1,,,,,,,,
,7,W-1,21,1,1,0,3,3,,6,16,16,6,0,,1.023,NA,NA,0.004,,1.023,1,,,,,,,,
,7,W-1,22,0,0,0,,,,14,10,10,10,x,,0.839,0.924,1.02,0.01533333333,,0.9276666667,1,,,,,,,,
,7,W-1,23,0,0,0,,,,15,8,8,8,x,,0.881,0.957,0.827,0.008333333333,,0.8883333333,1,,1,,,,,,
,7,W-1,24,1,1,0,6,7,,9,10,10,10,x,,0.922,NA,NA,0.0405,,0.922,1,,,,,,,,snail 1 dead body missing (corrected)
,7,W-1,25,1,0,0,6,,,9,8,6,5,x,,0.903,0.872,NA,0.0725,,0.8875,,,,,,,,,dead body missing (corrected)
,7,W-1,26,1,0,0,5,,,10,12,12,7,x,,0.901,0.886,NA,0.0325,,0.8935,1,,,,,,,,
,7,W-1,27,0,0,0,,,,12,11,11,2,0,,0.915,0.917,0.975,0.02966666667,,0.9356666667,1,,,,,,,,
,7,W-1,28,0,0,0,,,,10,3,3,2,0,,0.922,0.966,0.897,0.038,,0.9283333333,,1,,,,,,,
,7,W-1,29,0,0,0,,,,11,9,9,0,4,,1.006,0.914,0.834,0.003333333333,,0.918,,1,1,,,,,,
,7,W-3,1,0,0,0,,,,12,11,11,11,x,,0.856,0.852,0.863,0.052,,0.857,1,1,1,,,,,,
,7,W-3,2,1,0,0,3,,,8,15,15,14,x,,0.89,0.915,NA,0.0375,,0.9025,1,,,,,,,,
,7,W-3,3,0,0,0,,,,4,14,14,13,x,,0.881,0.934,0.854,0.046,,0.8896666667,1,,,,,,,,
,7,W-3,4,0,0,0,,,,14,15,15,14,x,,0.934,0.831,0.963,0.01833333333,,0.9093333333,1,1,,,,,,,
,7,W-3,5,1,1,0,6,7,,3,6,6,0,0,,1.027,NA,NA,0.192,,1.027,,,,,,,,,snail 1 dead body missing (corrected)
,7,W-3,6,0,0,0,,,,22,8,8,7,x,,0.939,0.92,0.994,0.031,,0.951,,,,,,,,,
,7,W-3,7,1,0,0,7,,,7,0,0,NA,NA,NA,0.906,0.79,NA,0.015,,0.848,1,1,,,,,,,
,7,W-3,8,0,0,0,,,,13,10,10,9,x,,0.959,0.904,0.886,0.001666666667,,0.9163333333,,,,,,,,,
,7,W-3,9,0,0,0,,,,20,17,17,14,0,,0.891,0.979,0.929,0.007,,0.933,,,,,,,,,
,7,W-3,10,1,0,0,6,,,16,10,10,10,x,,0.846,0.874,NA,0.023,,0.86,1,1,,,,,one snail is bleeding,,
,7,W-3,11,0,0,0,,,,9,8,8,8,x,,0.912,0.898,0.838,-0.03866666667,,0.8826666667,1,1,,,,,,,
,7,W-3,12,0,0,0,,,,15,15,15,0,0,,0.915,0.937,0.958,0.02066666667,,0.9366666667,1,1,,,,,,,
,7,W-3,13,1,0,0,7,,,8,12,12,12,x,,0.988,0.946,NA,0.06666666667,,0.967,,,,,,,,,
,7,W-3,14,0,0,0,,,,4,7,7,0,0,,0.969,0.866,0.906,0.02233333333,,0.9136666667,,1,,,,,,,
,7,W-3,15,1,0,0,5,,,7,13,13,7,0,,0.945,0.905,NA,0.006,,0.925,,,,,,,,,
,7,W-3,16,0,0,0,,,,14,9,9,6,x,,0.865,0.92,0.998,0.03,,0.9276666667,,,,,,,,,
,7,W-3,17,0,0,0,,,,12,15,15,11,1,,0.976,0.919,0.9,0.03433333333,,0.9316666667,,1,1,,,,,,
,7,W-3,18,0,0,0,,,,15,19,19,0,0,,0.934,0.905,1.051,0.03433333333,,0.9633333333,,1,,,,,,,
,7,W-3,19,0,0,0,,,,17,11,11,11,x,,0.856,0.963,0.935,0.039,,0.918,,1,,,,,,,the additional snail removed this week
,7,W-3,20,0,0,0,,,,18,16,16,1,0,,0.983,0.867,0.949,0.007,,0.933,1,,1,,,,,,
,7,W-3,21,1,0,0,5,,,11,13,13,11,x,,1.08,0.837,NA,0.037,,0.9585,,1,,,,,,,
,7,W-3,22,0,0,0,,,,19,18,18,11,x,,0.92,0.932,0.954,0.05933333333,,0.9353333333,1,,1,,,,,,
,7,W-3,23,0,0,0,,,,19,16,16,15,x,,0.928,0.942,0.884,#DIV/0!,,0.918,,,1,,,,,,
,7,W-3,24,1,0,0,5,,,15,10,10,7,,,0.912,0.87,NA,0.016,,0.891,,1,,,,,,,
,7,W-3,25,1,0,0,6,,,3,5,5,0,0,,0.989,0.895,NA,0.0325,,0.942,,1,,,,,,,dead body missing (corrected)
,7,W-3,26,0,0,0,,,,12,13,13,1,0,,0.807,0.858,1.012,-0.005333333333,,0.8923333333,1,,,,,,,,
,7,W-3,27,0,0,0,,,,12,12,12,7,0,,0.809,0.982,0.865,0.021,,0.8853333333,1,,1,,,,,,
,7,W-3,28,1,1,0,5,7,,8,9,9,4,1,,0.993,NA,NA,-0.006,,0.993,,,,,,,,,
,7,W-3,29,0,0,0,,,,16,15,15,8,1,,0.822,0.904,1.027,0.03233333333,,0.9176666667,,,,,,,,,
125,8,G,1,1,0,0,5,,,4,11,11,0,x,,0.961,0.902,NA,-0.004,,0.9315,,,,,,,,,
,8,G,2,0,0,0,,,,9,14,14,0,x,,0.947,0.898,0.872,0.01033333333,,0.9056666667,,,,,,,,,highlighted ones are still alive at the end of check point
,8,G,3,1,1,0,6,8,,10,15,15,1,x,,0.92,,,0.042,,0.92,,,,,,,,,
,8,G,4,0,0,0,,,,3,4,4,0,x,,0.942,0.897,0.983,0.013,,0.9406666667,,,,,,,,,
,8,G,5,1,0,0,8,,,5,10,10,0,x,,0.878,0.97,,0.027,,0.924,,,,,,,,,
,8,G,6,1,0,0,6,,,8,15,15,0,1,,0.905,0.976,,0.0005,,0.9405,,,,,,,,,
,8,G,7,0,0,0,,,,9,9,9,0,x,,0.79,0.818,0.974,0.0003333333333,,0.8606666667,,,,,,,,,
,8,G,8,0,0,0,,,,6,13,13,0,x,,0.946,0.915,0.757,0.0003333333333,,0.8726666667,,,,,,,,,
,8,G,9,0,0,0,,,,10,17,17,1,3,,0.938,0.928,0.791,0.001,,0.8856666667,,,,,,,,,
,8,G,10,1,1,0,6,7,,5,12,12,3,x,,0.977,,,0.04,,0.977,,,,,,,,,
,8,G,11,0,0,0,,,,9,14,14,0,x,,0.868,0.883,0.9,0.001,,0.8836666667,,,,,,,,,
,8,G,12,1,0,0,6,,,4,14,14,13,x,,0.861,0.913,,-0.0065,,0.887,,,,,,,,,
,8,G,13,0,0,0,,,,12,10,10,0,x,,0.894,0.975,0.895,0.001,,0.9213333333,,,,,,,,,
,8,G,14,0,0,0,,,,5,8,8,0,1,,0.933,1.042,,0.1188333333,,0.9875,,,,,,,,,dead body missing
,8,G,15,0,0,0,,,,4,10,10,0,x,,0.92,0.891,0.94,-0.01466666667,,0.917,,,,,,,,,
,8,G,16,1,0,0,6,,,12,10,10,0,x,,0.934,0.992,,0.052,,0.963,,,,,,,,,
,8,G,17,0,0,0,,,,4,16,16,0,x,,0.86,0.95,0.712,0.0006666666667,,0.8406666667,,,,,,,,,
,8,G,18,0,0,0,,,,6,NA,NA,NA,NA,NA,0.925,0.988,0.982,0.002,,0.965,,,,,,,,,
,8,G,19,1,1,0,7,8,,7,14,14,0,1,,0.912,,,0.044,,0.912,,,,,,,,,
,8,G,20,0,0,0,,,,5,5,5,0,x,,0.836,0.908,0.9,0.009666666667,,0.8813333333,,,,,,,,,
,8,G,21,0,0,0,,,,5,7,7,3,1,,0.825,0.895,0.843,0.002666666667,,0.8543333333,,,,,,,,,
,8,G,22,1,0,0,7,,,10,6,6,3,x,,0.89,0.932,0.9,-0.014,,0.9073333333,,,,,,,,,
,8,G,23,0,0,0,,,,12,15,15,0,x,,0.916,0.98,0.897,0.0003333333333,,0.931,,,,,,,,,
,8,G,24,1,0,0,7,,,10,11,11,0,x,,0.942,0.865,,0.0275,,0.9035,,,,,,,,,
,8,G,25,1,0,0,6,,,11,14,11,11,x,,1.021,0.948,,0.0005,,0.9845,,,,,,,,,
,8,G,26,1,0,0,5,,,15,12,12,12,x,,0.932,0.802,,0.0005,,0.867,,,,,,,,,
,8,G,27,0,0,0,,,,11,14,14,0,x,,0.926,1.006,1.001,0.002666666667,,0.9776666667,,1,1,,1,1,,,
,8,G,28,0,0,0,,,,7,8,8,0,3,,0.856,0.923,0.85,0.001666666667,,0.8763333333,,,,,,,,,
,8,G,29,0,0,0,,,,20,14,14,12,x,,0.968,0.987,0.945,0.0006666666667,,0.9666666667,,,,,,,,,
,8,G,30,0,0,0,,,,7,7,7,1,1,,0.835,0.945,0.906,0.003333333333,,0.8953333333,,,,,,,,,
,8,G,31,1,1,0,5,5,,9,16,16,1,x,,1.048,,,0.082,,1.048,,,,,,,,,
,8,G,32,1,0,0,6,,,4,15,15,2,x,,0.986,1.012,,0.012,,0.999,,,,,,,,,
,8,G,33,0,0,0,,,,5,5,5,0,x,,0.928,0.933,0.936,0.003666666667,,0.9323333333,,,,,,,,,
,8,G,34,1,0,0,4,,,6,13,13,0,x,,0.924,0.913,,-0.048,,0.9185,,,,,,,,,
,8,G,35,0,0,0,,,,6,10,10,0,x,,0.855,0.904,0.88,0.002,,0.8796666667,,,,,,,,,
,8,G,36,1,1,0,6,6,,1,5,5,0,x,,0.944,,,0.011,,0.944,,,,,,,,,
,8,G,37,0,0,0,,,,10,9,9,0,x,,0.905,0.945,0.891,-0.003666666667,,0.9136666667,,,,,,,,,
,8,G,38,1,0,0,8,,,3,5,5,0,x,,0.869,0.907,,0.019,,0.888,,,,,,,,,
,8,G,39,1,0,0,4,,,6,9,9,0,x,,0.975,1.004,,0.014,,0.9895,,,,,,,,,
,8,G,40,0,0,0,,,,11,10,10,0,x,,0.896,0.872,0.935,0.022,,0.901,,,,,,,,,
,8,G,41,1,0,0,6,,,6,8,8,0,x,,0.854,0.964,,-0.007,,0.909,,,,,,,,,
,8,G,42,0,0,0,,,,10,14,14,0,2,,0.917,0.963,0.947,0.005666666667,,0.9423333333,,,,,,,,,
,8,G,43,0,0,0,,,,14,14,6,6,x,,0.852,0.952,0.889,0.01333333333,,0.8976666667,,,,,,,,,
,8,G,44,0,0,0,,,,12,16,16,5,2,,0.95,0.975,0.98,0.02333333333,,0.9683333333,,,,,,,,,
,8,G,45,1,0,0,3,,,8,10,10,8,x,,0.867,0.952,,0.0005,,0.9095,,,,,,,,,
,8,G,46,0,0,0,,,,24,12,12,3,2,,0.858,0.769,0.916,-0.007666666667,,0.8476666667,,,,,,,,,
,8,G,47,0,0,0,,,,1,13,13,2,x,,0.93,0.901,0.91,0.0003333333333,,0.9136666667,,,,,,,,,
,8,G,48,0,0,0,,,,1,7,7,0,x,,0.826,0.888,0.923,0.02366666667,,0.879,,,,,,,,,
,8,G,49,0,0,0,,,,11,8,8,0,0,,0.799,0.924,0.961,0.001666666667,,0.8946666667,,,,,,,,,
,8,G,50,0,0,0,,,,8,5,5,0,0,,0.829,0.855,0.94,-0.01433333333,,0.8746666667,,,,,,,,,
126,8,Y,1,1,0,0,6,,,11,9,9,9,x,,0.858,0.857,NA,0.002,,0.8575,,,,,,,,,
,8,Y,2,1,0,0,6,,,6,9,9,9,x,,0.914,0.982,NA,0.0105,,0.948,,,,,,,,,
,8,Y,3,0,0,0,,,,14,12,12,12,x,,0.961,0.957,0.904,0.0003333333333,,0.9406666667,,,,,,,,,
,8,Y,4,0,0,0,,,,21,10,10,10,x,,0.94,0.955,0.915,0.0006666666667,,0.9366666667,,,,,,,,,
,8,Y,5,1,0,0,5,,,5,10,10,10,x,,0.916,1.014,NA,0.0085,,0.965,,,,,,,,,
,8,Y,6,0,0,0,,,,11,12,12,11,x,,0.89,0.896,0.932,0.003,,0.906,,,,,,,,,
,8,Y,7,0,0,0,,,,15,10,10,10,x,,0.883,0.921,0.997,0,,0.9336666667,,,,,,,,,
,8,Y,8,1,0,0,6,,,5,12,12,5,x,,0.952,0.806,NA,0.0305,,0.879,1,1,,1,1,,,,
,8,Y,9,0,0,0,,,,12,9,9,8,x,,0.848,0.955,0.907,0.01033333333,,0.9033333333,,,,,,,,,
,8,Y,10,0,0,0,,,,9,10,10,10,x,,0.967,0.831,0.903,0.0006666666667,,0.9003333333,,,,,,,,,
,8,Y,11,1,0,0,5,,,10,10,10,4,3,,0.862,0.921,NA,0.0165,,0.8915,,,,,,,,,
,8,Y,12,1,0,0,8,,,12,9,9,9,x,,1.019,0.936,NA,0.0535,,0.9775,,,,,,,,,
,8,Y,13,0,0,0,,,,5,6,6,0,x,,0.922,0.944,0.999,0.008,,0.955,,1,1,,1,1,,,
,8,Y,14,0,0,0,,,,5,8,8,0,x,,0.947,0.914,0.937,0.03433333333,,0.9326666667,,,,,,,,,
,8,Y,15,1,1,0,8,8,,7,7,7,7,x,,0.876,0.813,0.947,0.005666666667,,0.8786666667,,,,,,,,,two living snails
,8,Y,16,1,0,0,5,,,7,9,9,9,x,,0.984,0.927,NA,0.003,,0.9555,,,,,,,,,
,8,Y,17,0,0,0,,,,2,7,7,6,x,,0.899,0.97,0.899,0.004,,0.9226666667,,,,,,,,,
,8,Y,18,0,0,0,,,,5,9,9,9,x,,0.838,0.978,0.774,0.001333333333,,0.8633333333,,,,,,,,,
,8,Y,19,1,0,0,5,,,13,19,19,19,x,,0.983,0.943,NA,0,,0.963,,,,,,,,,
,8,Y,20,0,0,0,,,,5,11,11,11,x,,0.936,0.881,0.877,0.001666666667,,0.898,,,,,,,,,
,8,Y,21,1,1,0,8,8,,1,11,11,10,x,,1.026,NA,NA,0.041,,1.026,,,,,,,,,no dead bodies
,8,Y,22,0,0,0,,,,12,9,9,9,x,,0.932,0.936,0.888,0,,0.9186666667,,,,,,,,,
,8,Y,23,1,1,0,6,7,,6,13,13,13,x,,1.041,NA,NA,0.015,,1.041,,,,,,,,,
,8,Y,24,0,0,0,,,,1,0,0,NA,NA,NA,0.906,0.858,0.884,0.005333333333,,0.8826666667,,,,,,,,,
,8,Y,25,1,0,0,5,,,5,5,5,5,x,,0.991,0.941,NA,0.0125,,0.966,,,,,,,,,
,8,Y,26,0,0,0,,,,7,12,12,12,x,,1.071,0.934,0.909,0.01833333333,,0.9713333333,,,,,,,,,
,8,Y,27,0,0,0,,,,5,11,11,0,x,,0.823,0.915,0.921,0.003,,0.8863333333,,,,,,,,,
,8,Y,28,0,0,0,,,,12,11,11,10,x,,0.826,0.978,0.971,0.01366666667,,0.925,,,,,,,,,
,8,Y,29,0,0,0,,,,18,18,18,17,x,,0.768,0.905,0.941,0.007,,0.8713333333,,,,,,,,,
,8,Y,30,0,0,0,,,,8,9,9,9,x,,0.958,1.026,0.924,0.003333333333,,0.9693333333,,,,,,,,,
,8,Y,31,0,0,0,,,,12,9,9,8,x,,0.976,0.815,0.871,0.0006666666667,,0.8873333333,,,,,,,,,
,8,Y,32,1,0,0,8,,,12,12,12,12,x,,0.947,0.928,NA,0.007166666667,,0.9375,,,,,,,,,
,8,Y,33,0,0,0,,,,7,10,10,8,x,,0.884,0.904,0.948,0.002666666667,,0.912,,,,,,,,,
,8,Y,34,1,0,0,5,,,7,11,11,11,x,,0.911,0.908,NA,0.0145,,0.9095,,,,,,,,,
,8,Y,35,1,0,0,7,,,7,13,13,13,x,,0.975,0.866,NA,0.024,,0.9205,,,,,,,,,
,8,Y,36,0,0,0,,,,3,0,0,NA,NA,NA,0.905,0.941,0.792,0.001666666667,,0.8793333333,,,,,,,,,
,8,Y,37,0,0,0,,,,9,7,7,6,x,,0.815,0.899,0.924,0.01033333333,,0.8793333333,,,,,,,,,
,8,Y,38,0,0,0,,,,19,14,14,11,x,,0.996,0.951,1.019,0.009333333333,,0.9886666667,,,,,,,,,
,8,Y,39,0,0,0,,,,5,7,7,2,x,,0.905,0.945,0.883,0.02333333333,,0.911,,,,,,,,,
,8,Y,40,0,0,0,,,,9,10,10,10,x,,0.938,0.96,0.748,0.001666666667,,0.882,,,,,,,,,
,8,Y,41,0,0,0,,,,10,11,11,9,x,,0.94,0.789,0.847,0.01833333333,,0.8586666667,,1,1,,1,1,,,
,8,Y,42,0,0,0,,,,8,10,10,0,x,,0.897,0.979,0.893,0.02233333333,,0.923,,,,,,,,,
,8,Y,43,1,0,0,6,,,10,16,16,13,x,,0.991,0.955,NA,0.001,,0.973,,,,,,,,,
,8,Y,44,0,0,0,,,,11,11,11,9,x,,0.94,1.054,0.98,0.002,,0.9913333333,,,,,,,,,
,8,Y,45,0,0,0,,,,12,11,11,6,x,,1.009,1.004,0.906,0.016,,0.973,,,,,,,,,
,8,Y,46,1,1,1,2,2,2,NA,NA,NA,NA,NA,NA,NA,NA,NA,#DIV/0!,,#DIV/0!,,,,,,,,,
,8,Y,47,1,0,0,7,,,8,12,12,11,x,,0.914,0.855,NA,0.0045,,0.8845,,,,,,,,,
,8,Y,48,0,0,0,,,,10,12,12,8,x,,0.909,0.909,0.857,0,,0.8916666667,,,,,,,,,
,8,Y,49,1,0,0,3,,,2,7,7,2,0,,1.001,0.938,NA,0.009,,0.9695,,,,,,,,,
,8,Y,50,0,0,0,,,,12,11,11,7,x,,0.927,0.961,1.002,0.004,,0.9633333333,,,,,,,,,
135,8,O,1,0,0,0,,,,8,8,8,8,x,,0.912,0.926,0.955,0.007333333333,,0.931,,,,,,,,,
,8,O,2,0,0,0,,,,14,9,9,9,x,,0.964,0.933,1.02,0.02966666667,,0.9723333333,,,,,,,,,
,8,O,3,0,0,0,,,,16,9,9,9,x,,0.95,0.808,0.929,0.002666666667,,0.8956666667,,,,,,,,,
,8,O,4,1,1,0,2,6,,8,6,4,3,x,,1.03,,,0.032,,1.03,,,,,,,,,
,8,O,5,0,0,0,,,,11,11,11,10,x,,0.885,0.959,0.918,0.0003333333333,,0.9206666667,,,,,,,,,
,8,O,6,0,0,0,,,,10,11,11,11,x,,0.912,0.935,0.909,0.0003333333333,,0.9186666667,,,,,,,,,
,8,O,7,0,0,0,,,,13,9,9,9,x,,0.971,0.896,0.928,0.04666666667,,0.9316666667,,,,,,,,,
,8,O,8,1,0,0,7,,,17,13,13,11,x,,1.035,0.914,,0.0255,,0.9745,,,,,,,,,
,8,O,9,0,0,0,,,,22,13,13,11,x,,0.936,0.951,0.853,0.05533333333,,0.9133333333,,,,,,,,,
,8,O,10,0,0,0,,,,16,12,12,11,x,,0.91,0.891,0.865,0.002666666667,,0.8886666667,,,,,,,,,
,8,O,11,0,0,0,,,,12,8,8,8,x,,0.825,0.853,0.967,0.01033333333,,0.8816666667,,,,,,,,,
,8,O,12,1,0,0,6,,,10,17,17,17,x,,0.962,1.026,,0.051,,0.994,,,,,,,,,
,8,O,13,0,0,0,,,,11,14,14,14,x,,0.861,0.881,0.797,0.004666666667,,0.8463333333,,,,,,,,,
,8,O,14,0,0,0,,,,16,8,8,8,x,,0.935,0.944,0.852,0.05033333333,,0.9103333333,,,,,,,,,
,8,O,15,0,0,0,,,,15,9,9,9,x,,0.91,0.849,0.909,0.04533333333,,0.8893333333,,,,,,,,,
,8,O,16,0,0,0,,,,18,7,7,2,x,,1,0.995,0.869,0.001333333333,,0.9546666667,,,,,,,,,
,8,O,17,0,0,0,,,,15,9,9,9,x,,1.01,0.991,0.929,0.07466666667,,0.9766666667,,,,,,,,,
,8,O,18,1,0,0,8,,,6,19,19,17,x,,0.966,0.997,,0.04016666667,,0.9815,,,,,,,,,
,8,O,19,0,0,0,,,,15,17,17,15,x,,0.972,0.967,0.967,0.048,,0.9686666667,,,,,,,,,
,8,O,20,0,0,0,,,,13,9,9,8,x,,0.896,0.925,0.859,0.004,,0.8933333333,,,,,,,,,
,8,O,21,0,0,0,,,,17,12,12,12,x,,0.998,0.9,0.905,0.062,,0.9343333333,,,,,,,,,
,8,O,22,1,0,0,8,,,7,9,9,9,x,,1.013,0.832,,0.0325,,0.9225,,,,,,,,,
,8,O,23,0,0,0,,,,8,11,11,7,x,,0.929,0.861,0.969,0.03666666667,,0.9196666667,,,,,,,,,
,8,O,24,0,0,0,,,,19,8,7,7,x,,1.013,0.881,0.942,0.069,,0.9453333333,,,,,,,,,
,8,O,25,0,0,0,,,,7,10,10,10,x,,0.809,0.923,0.955,0.02566666667,,0.8956666667,,,,,,,,,
,8,O,26,0,0,0,,,,7,6,6,6,x,,1,0.934,0.888,0.029,,0.9406666667,,,,,,,,,
,8,O,27,0,0,0,,,,18,8,8,8,x,,0.834,0.879,0.806,0.006,,0.8396666667,,,,,,,,,
,8,O,28,1,1,1,2,2,2,NA,NA,NA,NA,NA,NA,,,,#DIV/0!,,#DIV/0!,,,,,,,,,
,8,O,29,0,0,0,,,,9,7,7,6,x,,0.951,0.935,0.892,0.01,,0.926,,,,,,,,,
,8,O,30,0,0,0,,,,12,11,11,11,x,,0.999,0.911,0.923,0.0003333333333,,0.9443333333,,,,,,,,,
,8,O,31,1,0,0,4,,,13,14,14,0,x,,0.969,1.003,,0.048,,0.986,,,,,,,,,
,8,O,32,0,0,0,,,,4,9,9,7,x,,0.965,0.889,0.921,0.01,,0.925,,,,,,,,,
,8,O,33,1,0,0,7,,,8,9,9,7,x,,0.914,0.903,,0.0035,,0.9085,,,,,,,,,
,8,O,34,1,0,0,8,,,7,11,11,8,x,,0.954,0.949,,0.03416666667,,0.9515,,,,,,,,,
,8,O,35,0,0,0,,,,11,10,10,10,x,,0.817,0.97,0.811,0.02033333333,,0.866,,,,,,,,,
,8,O,36,0,0,0,,,,19,14,14,12,x,,0.851,0.927,0.96,0.005333333333,,0.9126666667,,,,,,,,,
,8,O,37,0,0,0,,,,9,15,15,12,x,,0.913,0.904,0.944,0.0003333333333,,0.9203333333,,,,,,,,,
,8,O,38,0,0,0,,,,10,12,12,12,x,,0.954,0.915,0.99,0.038,,0.953,,,,,,,,,
,8,O,39,1,0,0,7,,,6,8,8,7,x,,1.082,0.944,,0.052,,1.013,,,,,,,,,
,8,O,40,1,0,0,6,,,10,10,10,0,x,,1.012,0.911,,0.051,,0.9615,,,,,,,,,
,8,O,41,0,0,0,,,,11,9,9,9,x,,0.92,0.856,0.868,0.03233333333,,0.8813333333,,,,,,,,,
,8,O,42,1,0,0,5,,,13,11,11,10,x,,0.983,1.007,,0.0235,,0.995,,,,,,,,,
,8,O,43,0,0,0,,,,13,12,12,11,x,,1.008,0.924,0.952,0.04666666667,,0.9613333333,,,,,,,,,
,8,O,44,0,0,0,,,,12,12,12,9,x,,0.849,0.789,0.962,0.003666666667,,0.8666666667,,,,,,,,,
,8,O,45,0,0,0,,,,12,14,14,14,x,,0.894,0.928,0.973,0.01066666667,,0.9316666667,,,,,,,,,
,8,O,46,0,0,0,,,,15,13,13,4,x,,0.909,0.955,0.868,0.013,,0.9106666667,,,,,,,,,
,8,O,47,0,0,0,,,,8,13,13,13,x,,0.855,0.939,0.899,0.01833333333,,0.8976666667,,,,,,,,,
,8,O,48,0,0,0,,,,16,13,13,12,x,,0.811,0.941,0.807,0.022,,0.853,,,,,,,,,
,8,O,49,0,0,0,,,,7,12,12,10,x,,0.885,0.962,0.935,0.01933333333,,0.9273333333,,1,1,,1,1,,,
,8,O,50,0,0,0,,,,18,13,13,13,x,,0.959,0.919,0.854,0.07466666667,,0.9106666667,,,,,,,,,
,8,W-1,1,0,0,0,,,,13,11,11,0,x,,0.956,0.947,0.987,0.002,,0.9633333333,,,,,,,,,
,8,W-1,2,1,0,0,6,,,9,12,12,4,3,,0.933,0.882,NA,0.001,,0.9075,,,,,,,,,
,8,W-1,3,1,0,0,6,,,9,11,11,11,x,,0.918,0.851,NA,0.0155,,0.8845,,,,,,,,,
,8,W-1,4,1,0,0,6,,,10,11,11,6,2,,1.012,0.958,NA,0.007,,0.985,,,,,,,,,
,8,W-1,5,0,0,0,,,,12,16,16,7,x,,0.836,0.967,0.93,-0.01,,0.911,,1,1,,1,1,,,
,8,W-1,6,1,0,0,4,,,6,11,11,11,x,,0.93,0.986,NA,0.0145,,0.958,,,,,,,,,
,8,W-1,7,0,0,0,,,,22,9,9,9,x,,0.792,0.864,0.946,0.01466666667,,0.8673333333,,,,,,,,,
,8,W-1,8,1,0,0,8,,,5,8,8,6,1,,0.931,0.992,NA,0.05516666667,,0.9615,,,,,,,,,
,8,W-1,9,0,0,0,,,,10,8,8,2,x,,0.975,0.904,0.911,0.003,,0.93,,,,,,,,,
,8,W-1,10,0,0,0,,,,13,8,8,6,1,,0.952,0.955,0.912,0.007333333333,,0.9396666667,,,,,,,,,
,8,W-1,11,1,0,0,7,,,12,9,9,7,x,,0.958,0.939,NA,0.0135,,0.9485,,,,,,,,,
,8,W-1,12,0,0,0,,,,20,11,11,5,x,,0.872,0.849,0.865,0.009333333333,,0.862,,,,,,,,,
,8,W-1,13,0,0,0,,,,9,12,12,6,x,,0.956,0.919,0.944,-0.006333333333,,0.9396666667,,,,,,,,,
,8,W-1,14,0,0,0,,,,14,9,9,0,x,,0.846,0.911,0.85,0.009,,0.869,,,,,,,,,
,8,W-1,15,0,0,0,,,,14,15,15,0,2,,0.955,0.874,0.936,0.011,,0.9216666667,,,,,,,,,
,8,W-1,16,0,0,0,,,,18,14,14,0,x,,0.956,0.911,0.952,-0.002333333333,,0.9396666667,,,,,,,,,
,8,W-1,17,1,0,0,7,,,10,11,11,0,1,,0.983,0.984,NA,0.033,,0.9835,,,,,,,,,
,8,W-1,18,0,0,0,,,,17,11,11,7,x,,0.957,0.846,0.927,0.009,,0.91,,,,,,,,,
,8,W-1,19,1,0,0,5,,,11,12,12,1,x,,0.911,0.949,NA,0.0255,,0.93,,,,,,,,,
,8,W-1,20,1,0,0,5,,,8,15,15,3,x,,0.96,0.975,NA,0.022,,0.9675,,,,,,,,,
,8,W-1,21,1,1,0,3,3,,8,8,8,0,x,,1.037,NA,NA,0.014,,1.037,,,,,,,,,
,8,W-1,22,0,0,0,,,,15,13,13,5,x,,1.016,0.818,0.953,0.001333333333,,0.929,,,,,,,,,
,8,W-1,23,1,0,0,8,,,3,8,8,8,x,,0.892,0.943,NA,0.02916666667,,0.9175,,,,,,,,,
,8,W-1,24,1,1,0,6,7,,3,12,12,5,2,,1.006,NA,NA,0.084,,1.006,,,,,,,,,
,8,W-1,25,1,0,0,6,,,7,10,10,10,x,,0.888,0.915,NA,0.014,,0.9015,,,,,,,,,
,8,W-1,26,1,0,0,5,,,6,11,11,0,1,,0.937,0.878,NA,0.014,,0.9075,,,,,,,,,
,8,W-1,27,0,0,0,,,,14,10,10,9,x,,0.941,0.95,0.925,0.003,,0.9386666667,,,,,,,,,
,8,W-1,28,0,0,0,,,,22,14,14,7,x,,1.032,0.94,0.894,0.027,,0.9553333333,,,,,,,,,
,8,W-1,29,0,0,0,,,,18,9,9,8,1,,0.905,0.932,0.965,0.016,,0.934,,,,,,,,,
,8,W-3,1,1,0,0,8,,,7,8,8,0,x,,0.896,0.906,NA,0.044,,0.901,,,,,,,,,
,8,W-3,2,1,0,0,3,,,10,13,13,11,x,,0.923,0.919,NA,0.0185,,0.921,,,,,,,,,
,8,W-3,3,0,0,0,,,,12,11,11,2,x,,0.897,0.978,0.924,0.04333333333,,0.933,,,,,,,,,
,8,W-3,4,0,0,0,,,,6,12,12,12,x,,0.906,0.945,0.943,0.022,,0.9313333333,,,,,,,,,
,8,W-3,5,1,1,0,6,7,,7,8,8,8,x,,1.03,NA,NA,0.003,,1.03,,,,,,,,,
,8,W-3,6,0,0,0,,,,19,14,14,0,1,,0.943,0.952,0.945,-0.004333333333,,0.9466666667,,,,,,,,,
,8,W-3,7,1,0,0,7,,,20,9,9,3,x,,0.774,0.906,NA,-0.008,,0.84,,,,,,,,,
,8,W-3,8,0,0,0,,,,19,9,9,0,x,,0.904,0.975,0.894,0.008,,0.9243333333,,1,1,,1,1,,,
,8,W-3,9,0,0,0,,,,12,8,8,1,x,,0.868,0.96,0.989,0.006,,0.939,,,,,,,,,
,8,W-3,10,1,0,0,6,,,9,10,10,3,x,,0.913,0.81,NA,0.0015,,0.8615,,,,,,,,,
,8,W-3,11,0,0,0,,,,10,12,12,10,x,,0.958,0.958,0.851,0.03966666667,,0.9223333333,,,,,,,,,
,8,W-3,12,0,0,0,,,,13,11,11,2,x,,0.957,0.945,0.956,0.016,,0.9526666667,,,,,,,,,
,8,W-3,13,1,0,0,7,,,6,8,8,7,x,,0.94,0.997,NA,0.0015,,0.9685,,,,,,,,,
,8,W-3,14,0,0,0,,,,19,15,15,0,x,,0.894,0.973,0.887,0.004333333333,,0.918,,,,,,,,,
,8,W-3,15,1,0,0,5,,,10,10,10,4,x,,0.968,0.891,NA,0.0045,,0.9295,,,,,,,,,
,8,W-3,16,0,0,0,,,,10,7,7,7,x,,0.929,0.973,0.849,-0.01066666667,,0.917,,1,1,,1,1,,,
,8,W-3,17,0,0,0,,,,12,12,12,11,x,,0.963,0.931,0.953,0.01733333333,,0.949,,,,,,,,,
,8,W-3,18,0,0,0,,,,13,9,9,1,1,,1.058,0.948,0.908,0.008,,0.9713333333,,,,,,,,,
,8,W-3,19,0,0,0,,,,13,12,12,8,x,,0.866,0.964,0.911,-0.004333333333,,0.9136666667,,,,,,,,,
,8,W-3,20,0,0,0,,,,11,13,13,0,x,,0.955,0.864,1.039,0.01966666667,,0.9526666667,,,,,,,,,
,8,W-3,21,1,1,0,5,8,,4,14,14,0,x,,1.08,NA,NA,0.1215,,1.08,,,,,,,,,
,8,W-3,22,0,0,0,,,,8,12,12,0,x,,0.971,0.942,0.907,0.004666666667,,0.94,,,,,,,,,
,8,W-3,23,0,0,0,,,,15,13,13,12,x,,0.936,0.939,0.916,0.01233333333,,0.9303333333,,,,,,,,,
,8,W-3,24,1,0,0,5,,,8,11,11,7,x,,0.918,0.877,NA,0.0065,,0.8975,,,,,,,,,
,8,W-3,25,1,0,0,6,,,15,14,14,14,x,,0.98,0.974,NA,0.035,,0.977,,,,,,,,,
,8,W-3,26,0,0,0,,,,22,9,9,0,x,,0.852,0.974,0.867,0.005333333333,,0.8976666667,,,,,,,,,
,8,W-3,27,0,0,0,,,,4,12,12,8,x,,0.818,0.935,0.984,0.027,,0.9123333333,,,,,,,,,
,8,W-3,28,1,1,0,5,7,,6,12,12,0,x,,0.951,NA,NA,-0.042,,0.951,,,,,,,,,
,8,W-3,29,0,0,0,,,,10,11,11,0,1,,0.853,1.037,0.891,0.009333333333,,0.927,,,,,,,,,
117,9,G,1,1,0,0,5,,,14,13,13,13,x,,0.978,0.956,,0.0355,,0.967,1,,,,,,,,
,9,G,2,0,0,0,,,,17,10,10,2,0,,0.977,0.891,0.906,0.019,,0.9246666667,1,1,,,,,,,
,9,G,3,1,1,0,6,8,,9,8,8,0,0,,0.938,,,0.018,,0.938,1,,,,,,,,
,9,G,4,0,0,0,,,,8,8,8,0,0,,0.878,0.954,0.951,-0.013,,0.9276666667,1,1,1,,,,,,
,9,G,5,1,0,0,8,,,8,15,15,15,x,,0.852,0.947,,-0.0245,,0.8995,1,1,1,,,,,,
,9,G,6,1,0,0,6,,,7,14,14,9,1,,0.988,0.894,,0.0005,,0.941,,,,,,,,,
,9,G,7,0,0,0,,,,13,12,12,0,0,,0.798,0.906,0.905,0.009,,0.8696666667,,1,1,,,,,,
,9,G,8,1,0,0,9,,,12,10,10,10,x,,0.945,0.96,,0.07983333333,,0.9525,1,,,,,,,,
,9,G,9,0,0,0,,,,17,11,11,0,0,,0.778,0.9,0.954,-0.008333333333,,0.8773333333,1,1,1,,,,,,
,9,G,10,1,1,0,6,7,,6,6,6,0,0,,0.985,,,0.008,,0.985,1,,,,,,,,
,9,G,11,0,0,0,,,,13,16,16,0,0,,0.912,0.908,0.905,0.02466666667,,0.9083333333,1,1,,,,,,,
,9,G,12,1,0,0,6,,,2,10,10,10,x,,0.917,0.92,,0.0315,,0.9185,,,,,,,,,
,9,G,13,0,0,0,,,,14,12,12,1,0,,0.881,0.911,0.995,0.007666666667,,0.929,,,1,,,,,,
,9,G,14,0,0,0,,,,13,11,11,0,0,,0.922,1.094,,0.0205,,1.008,1,1,,,,,,,dead body missing
,9,G,15,1,0,0,9,,,6,13,13,0,0,,0.946,0.918,,0.015,,0.932,1,1,,,,,,,
,9,G,16,1,0,0,6,,,12,8,8,0,0,,0.986,0.895,,-0.0225,,0.9405,1,,,,,,,,
,9,G,17,0,0,0,,,,14,13,13,0,0,,0.708,0.986,0.908,0.02666666667,,0.8673333333,,1,,,,,,,
,9,G,18,0,0,0,,,,14,15,15,7,0,,0.97,0.962,0.972,0.003,,0.968,1,,1,,,,,,
,9,G,19,1,1,0,7,8,,6,13,13,0,0,,0.885,,,-0.027,,0.885,1,,,,,,,,
,9,G,20,1,0,0,9,,,4,14,14,0,0,,0.929,0.95,,0.05816666667,,0.9395,1,,,,,,,,
,9,G,21,0,0,0,,,,5,13,13,0,0,,0.863,0.809,0.876,-0.005,,0.8493333333,,1,1,,,,,,
,9,G,22,1,0,0,7,,,10,12,12,0,7,,0.973,0.917,0.976,0.048,,0.9553333333,,,,,,,,,
,9,G,23,0,0,0,,,,10,11,11,0,0,,1.016,0.937,0.888,0.016,,0.947,1,,,,,,,,
,9,G,24,1,0,0,7,,,9,9,9,0,0,,0.902,0.803,,-0.051,,0.8525,1,1,,,,,,,
,9,G,25,1,0,0,6,,,6,10,10,0,0,,0.912,1.059,,0.001,,0.9855,,1,,,,,,,
,9,G,26,1,0,0,5,,,12,10,10,8,1,,0.918,0.77,,-0.023,,0.844,1,1,,,,,,,
,9,G,27,0,0,0,,,,8,13,13,3,0,,1.088,0.922,0.993,0.02333333333,,1.001,1,1,,,,,,,
,9,G,28,1,0,0,9,,,3,10,10,9,x,,0.882,0.909,,0.01916666667,,0.8955,1,1,,,,,,,
,9,G,29,0,0,0,,,,10,13,13,0,0,,1.015,0.922,0.903,-0.02,,0.9466666667,1,1,,,,,,,
,9,G,30,0,0,0,,,,11,11,11,1,1,,0.946,0.881,0.933,0.02466666667,,0.92,,,1,,,,,,
,9,G,31,1,1,0,5,5,,5,11,11,0,0,,1.055,,,0.007,,1.055,1,,,,,,,,
,9,G,32,1,0,0,6,,,9,18,18,8,0,,0.966,0.965,,-0.0335,,0.9655,1,1,,,,,,,
,9,G,33,0,0,0,,,,4,11,11,0,0,,0.976,0.968,0.954,0.03366666667,,0.966,,,,,,,,,
,9,G,34,1,0,0,4,,,5,13,13,0,0,,0.95,0.975,,0.044,,0.9625,,1,,,,,,,
,9,G,35,1,0,0,9,,,12,9,9,0,0,,0.889,0.919,,0.02433333333,,0.904,,1,,,,,,,
,9,G,36,1,1,0,6,6,,5,12,12,12,x,,0.941,,,-0.003,,0.941,1,,,,,,,,
,9,G,37,0,0,0,,,,12,13,13,3,0,,0.917,0.89,0.943,0.003,,0.9166666667,1,1,1,,,,,,
,9,G,38,1,0,0,8,,,11,14,14,0,0,,0.838,0.909,,-0.0145,,0.8735,1,1,,,,,,,
,9,G,39,1,0,0,4,,,10,20,20,7,1,,0.99,0.941,,-0.024,,0.9655,1,1,,,,,,,
,9,G,40,0,0,0,,,,24,9,9,3,0,,0.853,0.924,0.86,-0.022,,0.879,1,1,1,,,,,,
,9,G,41,1,0,0,6,,,6,12,12,1,0,,0.997,0.844,,0.0115,,0.9205,1,,,,,,,,
,9,G,42,0,0,0,,,,13,14,14,0,2,,0.985,0.94,0.93,0.009333333333,,0.9516666667,1,,1,,,,,,
,9,G,43,0,0,0,,,,10,11,11,10,x,,0.808,0.934,0.927,-0.008,,0.8896666667,1,,1,,,,,,
,9,G,44,0,0,0,,,,11,0,0,NA,NA,NA,0.904,0.982,0.933,-0.02866666667,,0.9396666667,1,1,1,,,,,,
,9,G,45,1,0,0,3,,,8,8,8,8,x,,0.916,0.864,,-0.0195,,0.89,1,1,,,,,,,
,9,G,46,1,0,0,9,,,12,2,2,0,0,,0.909,0.803,,0.008333333333,,0.856,,1,,,,,,,
,9,G,47,1,0,0,9,,,11,12,12,4,1,,0.925,0.941,,0.01933333333,,0.933,,,,,,,,,
,9,G,48,0,0,0,,,,17,10,10,8,0,,0.895,0.851,0.926,0.01166666667,,0.8906666667,,1,1,,,,,,
,9,G,49,1,0,0,9,,,3,6,6,6,x,,0.938,0.907,,0.02783333333,,0.9225,1,,,,,,,,
,9,G,50,0,0,0,,,,9,11,11,0,0,,0.869,0.971,0.853,0.023,,0.8976666667,1,,1,,,,,50-3 looks dead,
123,9,Y,1,1,0,0,6,,,6,11,11,11,x,,0.838,0.864,NA,-0.0065,,0.851,1,,,,,,,,
,9,Y,2,1,0,0,6,,,14,18,18,17,x,,0.899,1.008,NA,0.0055,,0.9535,1,1,,,,,,,
,9,Y,3,0,0,0,,,,8,10,10,10,x,,0.973,0.886,0.917,-0.01533333333,,0.9253333333,1,1,1,,,,,,
,9,Y,4,0,0,0,,,,6,12,12,2,2,,0.927,0.926,0.957,0,,0.9366666667,1,1,,,,,,,
,9,Y,5,1,0,0,5,,,9,16,16,15,x,,0.989,0.943,NA,0.001,,0.966,1,1,,,,,,,
,9,Y,6,1,0,0,9,,,11,12,12,12,x,,0.896,0.922,NA,0.003,,0.909,1,1,,,,,,,
,9,Y,7,0,0,0,,,,3,8,8,5,x,,0.943,0.868,0.878,-0.03733333333,,0.8963333333,1,1,,,,,,,
,9,Y,8,1,0,0,6,,,9,18,18,17,x,,0.795,0.915,NA,-0.024,,0.855,1,1,,,,,,,
,9,Y,9,0,0,0,,,,7,5,5,0,0,,0.842,0.981,0.933,0.01533333333,,0.9186666667,1,1,,,,,,,
,9,Y,10,0,0,0,,,,3,2,2,0,0,,0.983,0.825,0.956,0.021,,0.9213333333,,1,,,,,,,
,9,Y,11,1,0,0,5,,,15,8,8,6,0,,0.946,0.886,NA,0.0245,,0.916,,,,,,,,,
,9,Y,12,1,0,0,8,,,10,9,9,9,x,,1.01,0.926,NA,-0.0095,,0.968,1,,,,,,,,
,9,Y,13,0,0,0,,,,10,15,15,10,1,,0.923,0.932,0.979,-0.01033333333,,0.9446666667,1,1,1,,,,,,
,9,Y,14,0,0,0,,,,14,14,14,14,x,,0.899,0.89,0.986,-0.007666666667,,0.925,1,1,,,,,,,
,9,Y,15,0,0,0,7,7,,18,10,10,10,x,,0.827,0.91,0.92,0.007,,0.8856666667,1,1,1,,,,,,two living snails
,9,Y,16,1,0,0,5,,,9,8,8,6,1,,0.986,0.925,NA,0,,0.9555,,,,,,,,,
,9,Y,17,0,0,0,,,,21,8,8,6,x,,0.974,0.93,0.889,0.008333333333,,0.931,1,,,,,,,,
,9,Y,18,0,0,0,,,,17,9,9,9,x,,0.754,0.944,0.815,-0.02566666667,,0.8376666667,1,1,1,,,,,,
,9,Y,19,1,0,0,5,,,10,13,13,13,x,,0.927,0.972,NA,-0.0135,,0.9495,1,1,,,,,,,
,9,Y,20,0,0,0,,,,10,10,10,10,x,,0.988,0.865,0.858,0.005666666667,,0.9036666667,,1,1,,,,,,
,9,Y,21,1,1,0,8,8,,4,9,9,8,x,,0.994,NA,NA,-0.032,,0.994,1,,,,,,,,no dead bodies
,9,Y,22,0,0,0,,,,7,11,11,11,x,,0.912,0.91,0.945,0.003666666667,,0.9223333333,,1,,,,,,,
,9,Y,23,1,1,0,6,7,,7,8,8,3,0,,1.009,NA,NA,-0.032,,1.009,1,,,,,,,,
,9,Y,24,0,0,0,,,,15,10,10,10,x,,0.88,0.878,0.9,0.003333333333,,0.886,,,1,,,,,,
,9,Y,25,1,0,0,5,,,10,12,12,11,x,,0.964,0.922,NA,-0.023,,0.943,1,1,,,,,,,
,9,Y,26,0,0,0,,,,8,13,13,13,x,,0.956,0.912,0.937,-0.03633333333,,0.935,1,1,1,,,,,,
,9,Y,27,0,0,0,,,,13,18,18,18,x,,0.827,0.9,0.915,-0.005666666667,,0.8806666667,1,1,1,,,,,,
,9,Y,28,0,0,0,,,,11,13,13,13,x,,0.961,0.8,0.966,-0.016,,0.909,1,1,1,,,,,,
,9,Y,29,0,0,0,,,,12,13,13,6,1,,0.916,0.923,0.75,-0.008333333333,,0.863,1,1,,,,,,,
,9,Y,30,1,0,0,9,,,4,14,14,13,x,,1.017,0.996,NA,0.03716666667,,1.0065,1,,,,,,,,
,9,Y,31,1,0,0,9,,,7,9,9,0,0,,0.881,1.001,NA,0.05366666667,,0.941,,,,,,,,,
,9,Y,32,1,0,0,8,,,9,9,9,8,x,,0.931,0.977,NA,0.0165,,0.954,1,,,,,,,,
,9,Y,33,0,0,0,,,,11,13,13,5,2,,0.882,0.952,0.904,0.0006666666667,,0.9126666667,1,1,1,,,,,,
,9,Y,34,1,0,0,5,,,5,12,12,11,x,,0.882,0.922,NA,-0.0075,,0.902,1,,,,,,,,
,9,Y,35,1,0,0,7,,,10,13,12,10,x,,0.887,1.007,NA,0.0265,,0.947,,,,,,,,,
,9,Y,36,0,0,0,,,,14,10,10,10,x,,0.923,0.92,0.716,-0.02633333333,,0.853,1,1,1,,,,,,
,9,Y,37,0,0,0,,,,14,13,13,11,x,,0.907,0.931,0.808,0.002666666667,,0.882,1,1,1,,,,,,
,9,Y,38,0,0,0,,,,15,11,11,7,1,,1.004,0.957,0.951,-0.018,,0.9706666667,1,1,1,,,,,,
,9,Y,39,0,0,0,,,,9,11,11,11,x,,0.889,0.831,0.885,-0.04266666667,,0.8683333333,1,1,1,,,,,,
,9,Y,40,0,0,0,,,,4,11,6,5,x,,0.985,0.966,0.777,0.02733333333,,0.9093333333,1,,,,,,,,
,9,Y,41,1,0,0,9,,,17,12,12,10,x,,0.873,0.949,NA,0.05233333333,,0.911,,1,,,,,,,
,9,Y,42,0,0,0,,,,9,7,7,3,1,,0.956,0.916,0.841,-0.01866666667,,0.9043333333,1,1,1,,,,,,
,9,Y,43,1,0,0,6,,,5,11,11,10,x,,0.976,0.939,NA,-0.0155,,0.9575,1,1,,,,,,,
,9,Y,44,0,0,0,,,,4,1,1,0,0,,0.922,0.991,1.009,-0.01733333333,,0.974,1,,1,,,,,,
,9,Y,45,1,0,0,9,,,4,6,6,1,0,,0.99,0.962,NA,0.003,,0.976,1,1,,,,,,,
,9,Y,46,1,1,1,2,2,2,NA,NA,NA,NA,NA,NA,NA,NA,NA,#DIV/0!,,#DIV/0!,,,,,,,,,
,9,Y,47,1,0,0,7,,,14,14,14,14,x,,0.874,0.917,NA,0.011,,0.8955,1,1,,,,,,,
,9,Y,48,0,0,0,,,,11,7,7,7,x,,0.856,0.879,0.922,-0.006,,0.8856666667,,1,,,,,,,
,9,Y,49,1,0,0,3,,,10,16,16,13,x,,0.928,0.967,NA,-0.022,,0.9475,,1,,,,,,,
,9,Y,50,0,0,0,,,,17,11,11,8,x,,0.951,0.939,0.94,-0.02,,0.9433333333,1,,1,,,,,,
135,9,O,1,0,0,0,,,,11,3,3,0,1,,0.985,0.966,0.959,0.039,,0.97,,,,,,,,,"egg mass are mostly blob and unhatchable, hence NA"
,9,O,2,0,0,0,,,,8,10,10,0,0,,0.955,1.072,1.029,0.04633333333,,1.018666667,,,,,,,,,
,9,O,3,0,0,0,,,,10,9,9,9,x,,0.926,0.864,0.949,0.01733333333,,0.913,1,,1,,,,,,
,9,O,4,1,1,0,2,6,,9,9,9,9,x,,0.984,,,-0.046,,0.984,1,,,,,,,,
,9,O,5,0,0,0,,,,16,11,11,9,x,,0.916,0.896,0.886,-0.02133333333,,0.8993333333,1,1,1,,,,,,
,9,O,6,0,0,0,,,,3,0,0,NA,NA,NA,0.928,0.969,0.863,0.001333333333,,0.92,1,,1,,,,,,
,9,O,7,0,0,0,,,,15,14,14,0,0,,0.908,0.877,0.905,-0.035,,0.8966666667,1,1,1,,,,,,
,9,O,8,1,0,0,7,,,14,16,16,16,x,,0.887,1.009,,-0.0265,,0.948,1,1,,,,,,,
,9,O,9,0,0,0,,,,7,11,11,11,x,,0.887,0.922,0.879,-0.01733333333,,0.896,1,1,,,,,,,
,9,O,10,0,0,0,,,,6,9,9,0,1,,0.858,0.943,0.907,0.014,,0.9026666667,1,,,,,,,,
,9,O,11,0,0,0,,,,10,10,10,10,x,,0.832,0.994,0.77,-0.01633333333,,0.8653333333,1,1,1,,,,,,
,9,O,12,1,0,0,6,,,11,14,14,10,0,,0.923,1.029,,-0.018,,0.976,1,1,,,,,,,
,9,O,13,0,0,0,,,,7,9,9,9,x,,0.925,0.883,0.77,0.013,,0.8593333333,,,1,,,,,,
,9,O,14,0,0,0,,,,8,10,10,9,x,,0.884,0.953,0.823,-0.02366666667,,0.8866666667,1,,1,,,,,,
,9,O,15,0,0,0,,,,10,15,15,15,x,,0.881,0.911,0.879,0.001,,0.8903333333,1,1,,,,,,,
,9,O,16,0,0,0,,,,6,0,0,NA,NA,NA,0.814,0.94,1.012,-0.03266666667,,0.922,1,1,,,,,,,
,9,O,17,0,0,0,,,,10,17,17,16,x,,0.887,0.968,0.94,-0.045,,0.9316666667,1,1,,,,,,,
,9,O,18,1,0,0,8,,,4,13,13,13,x,,0.93,0.957,,-0.038,,0.9435,1,1,,,,,,,
,9,O,19,0,0,0,,,,6,0,0,NA,NA,NA,0.985,0.982,0.956,0.005666666667,,0.9743333333,,,1,,,,,,
,9,O,20,0,0,0,,,,7,0,0,NA,NA,NA,0.894,0.893,0.903,0.003333333333,,0.8966666667,1,1,,,,,,,
,9,O,21,0,0,0,,,,11,15,15,13,x,,0.896,0.885,0.98,-0.014,,0.9203333333,1,1,1,,,,,,
,9,O,22,1,0,0,8,,,9,8,8,7,x,,1.05,0.797,,0.001,,0.9235,,1,,,,,,,
,9,O,23,0,0,0,,,,7,7,7,8,x,,0.873,0.936,0.879,-0.02366666667,,0.896,1,1,1,,,,,,
,9,O,24,0,0,0,,,,11,0,0,NA,NA,NA,0.952,0.941,0.894,-0.01633333333,,0.929,1,,,,,,,,
,9,O,25,0,0,0,,,,13,15,15,15,x,,0.914,0.825,0.918,-0.01,,0.8856666667,1,1,1,,,,,,
,9,O,26,0,0,0,,,,9,13,13,10,x,,1.012,0.909,0.976,0.025,,0.9656666667,,,,,,,,,
,9,O,27,0,0,0,,,,3,0,0,NA,NA,NA,0.85,0.824,0.864,0.006333333333,,0.846,,1,,,,,,,
,9,O,28,1,1,1,2,2,2,NA,NA,NA,NA,NA,NA,,,,#DIV/0!,,#DIV/0!,,,,,,,,,
,9,O,29,0,0,0,,,,11,14,14,2,1,,0.966,0.911,0.918,0.005666666667,,0.9316666667,,1,,,,,,,
,9,O,30,0,0,0,,,,4,0,0,NA,NA,NA,0.899,1.032,0.897,-0.001666666667,,0.9426666667,1,1,1,,,,,,
,9,O,31,1,0,0,4,,,11,10,9,8,x,,1.059,0.999,,0.043,,1.029,,,,,,,,,
,9,O,32,0,0,0,,,,5,6,6,3,x,,0.931,0.896,0.927,-0.007,,0.918,1,1,,,,,,,
,9,O,33,1,0,0,7,,,6,10,10,4,0,,0.922,0.967,,0.036,,0.9445,,,,,,,,,
,9,O,34,1,0,0,8,,,9,10,10,7,0,,0.969,0.983,,0.0245,,0.976,,,,,,,,,
,9,O,35,0,0,0,,,,10,10,10,7,x,,0.814,0.778,0.963,-0.01433333333,,0.8516666667,1,1,1,,,,,,
,9,O,36,0,0,0,,,,5,0,0,NA,NA,NA,0.953,0.855,0.97,0.01333333333,,0.926,1,1,,,,,,,
,9,O,37,0,0,0,,,,15,11,11,11,x,,0.843,0.858,0.906,-0.05133333333,,0.869,1,1,1,,,,,,
,9,O,38,0,0,0,,,,3,0,0,NA,NA,NA,0.873,0.932,0.932,-0.04066666667,,0.9123333333,1,1,,,,,,,
,9,O,39,1,0,0,7,,,3,3,3,3,x,,1.045,0.884,,-0.0485,,0.9645,1,1,,,,,,,
,9,O,40,1,0,0,6,,,8,10,10,10,x,,0.883,1.042,,0.001,,0.9625,1,,,,,,,,
,9,O,41,0,0,0,,,,4,0,0,NA,NA,NA,0.85,0.84,0.924,-0.01,,0.8713333333,1,1,1,,,,,,
,9,O,42,1,0,0,5,,,14,13,13,11,x,,0.955,1.013,,-0.011,,0.984,1,,,,,,,,
,9,O,43,0,0,0,,,,7,8,8,0,0,,0.96,1.032,0.98,0.02933333333,,0.9906666667,,,,,,,,,
,9,O,44,0,0,0,,,,9,10,10,7,0,,0.918,0.76,0.841,-0.027,,0.8396666667,1,1,1,,,,,,
,9,O,45,0,0,0,,,,2,0,0,NA,NA,NA,0.866,0.951,0.96,-0.006,,0.9256666667,1,1,,,,,,,
,9,O,46,0,0,0,,,,9,6,6,5,x,,0.926,0.92,0.907,0.007,,0.9176666667,1,,,,,,,,
,9,O,47,0,0,0,,,,3,0,0,NA,NA,NA,0.878,0.917,0.865,-0.011,,0.8866666667,,1,1,,,,,,
,9,O,48,0,0,0,,,,19,12,12,12,x,,0.825,0.841,0.966,0.02433333333,,0.8773333333,1,1,,,,,,,
,9,O,49,0,0,0,,,,9,9,9,8,x,,0.844,0.892,,-0.05933333333,,0.868,1,1,,,,,,,
,9,O,50,0,0,0,,,,12,8,8,8,x,,0.894,0.92,0.845,-0.02433333333,,0.8863333333,1,1,,,,,,,
138,9,W-1,1,0,0,0,,,,17,13,13,0,0,,0.942,0.938,0.931,-0.02633333333,,0.937,1,1,,,,,,,55% wrong orientation rate
,9,W-1,2,1,0,0,6,,,14,9,9,7,1,,0.889,0.955,NA,0.0145,,0.922,1,,,,,,,,
,9,W-1,3,1,0,0,6,,,10,9,9,0,0,,0.859,0.898,NA,-0.006,,0.8785,1,1,,,,,,,
,9,W-1,4,1,0,0,6,,,5,11,11,2,1,,0.992,0.968,NA,-0.005,,0.98,,1,,,,,,,
,9,W-1,5,0,0,0,,,,8,14,14,0,0,,0.823,0.901,0.858,-0.05033333333,,0.8606666667,1,1,1,,,,,,
,9,W-1,6,1,0,0,4,,,6,12,12,5,0,,0.96,0.904,NA,-0.026,,0.932,1,1,,,,,,,
,9,W-1,7,0,0,0,,,,6,8,8,4,1,,0.793,0.901,0.994,0.02866666667,,0.896,1,,,,,,,,
,9,W-1,8,1,0,0,8,,,6,12,12,8,0,,0.916,1.031,NA,0.012,,0.9735,1,,,,,,,,
,9,W-1,9,0,0,0,,,,18,17,17,2,0,,0.967,0.88,0.885,-0.01933333333,,0.9106666667,1,1,1,,,,,,
,9,W-1,10,0,0,0,,,,13,7,7,0,0,,0.983,0.934,0.956,0.018,,0.9576666667,,,,,,,,,
,9,W-1,11,1,0,0,7,,,8,12,12,12,x,,0.959,0.956,NA,0.009,,0.9575,1,,,,,,,,
,9,W-1,12,1,0,0,9,,,5,17,17,0,2,,0.841,0.854,NA,-0.0145,,0.8475,1,1,,,,,,,
,9,W-1,13,0,0,0,,,,3,9,9,0,0,,0.93,0.914,0.908,-0.02233333333,,0.9173333333,1,,1,,,,,,
,9,W-1,14,0,0,0,,,,8,6,6,0,0,,0.891,0.873,0.896,0.01766666667,,0.8866666667,,1,1,,,,,,
,9,W-1,15,0,0,0,,,,15,15,15,0,0,,0.932,0.971,0.956,0.03133333333,,0.953,,1,1,,,,,,
,9,W-1,16,0,0,0,,,,12,16,16,0,0,,0.902,0.996,0.92,-0.0003333333333,,0.9393333333,1,,1,,,,,,
,9,W-1,17,1,0,0,7,,,15,20,20,20,x,,1.044,0.942,NA,0.0095,,0.993,,1,,,,,,,
,9,W-1,18,0,0,0,,,,17,14,14,0,0,,0.914,0.856,0.928,-0.01066666667,,0.8993333333,1,,,,,,,,
,9,W-1,19,1,0,0,5,,,21,11,11,2,0,,0.907,0.912,NA,-0.0205,,0.9095,1,1,,,,,,,
,9,W-1,20,1,0,0,5,,,12,18,18,13,0,,0.969,0.957,NA,-0.0045,,0.963,1,1,,,,,,,
,9,W-1,21,1,1,0,3,3,,6,11,11,11,x,,1.001,NA,NA,-0.036,,1.001,1,,,,,,,,
,9,W-1,22,1,0,0,9,,,6,12,12,5,1,,1.023,0.937,NA,0.051,,0.98,1,1,,,,,,,
,9,W-1,23,1,1,0,8,9,,3,7,7,0,0,,0.955,NA,NA,0.0375,,0.955,1,,,,,,,,
,9,W-1,24,1,1,0,6,7,,6,9,9,1,0,,0.941,NA,NA,-0.065,,0.941,1,,,,,,,,
,9,W-1,25,1,0,0,6,,,8,7,7,0,1,,0.923,0.845,NA,-0.0175,,0.884,,1,,,,,,,
,9,W-1,26,1,0,0,5,,,9,10,10,10,x,,0.946,0.898,NA,0.0145,,0.922,1,,,,,,,,
,9,W-1,27,0,0,0,,,,5,9,9,0,0,,0.942,0.893,0.967,-0.004666666667,,0.934,1,1,,,,,,,
,9,W-1,28,0,0,0,,,,12,8,8,0,0,,0.928,0.839,1.066,-0.011,,0.9443333333,1,1,1,,,,,,
,9,W-1,29,0,0,0,,,,1,6,6,0,0,,1.009,0.873,0.896,-0.008,,0.926,1,1,,,,,,,
,9,W-3,1,1,0,0,8,,,13,15,15,15,x,,0.943,0.905,NA,0.023,,0.924,,1,,,,,,,
,9,W-3,2,1,0,0,3,,,5,11,11,1,0,,0.919,0.883,NA,-0.02,,0.901,1,1,,,,,,,
,9,W-3,3,0,0,0,,,,3,16,16,0,0,,0.911,0.921,0.961,-0.002,,0.931,1,1,,,,,,,
,9,W-3,4,0,0,0,,,,14,13,13,12,x,,0.911,0.886,0.969,-0.009333333333,,0.922,1,1,1,,,,,,
,9,W-3,5,1,1,0,6,7,,11,12,12,11,x,,1.023,NA,NA,-0.007,,1.023,,,,,,,,,
,9,W-3,6,0,0,0,,,,20,12,12,10,x,,0.892,0.948,0.907,-0.031,,0.9156666667,1,1,1,,,,,,
,9,W-3,7,1,0,0,7,,,3,8,8,1,1,,0.91,0.785,NA,0.0075,,0.8475,1,,,,,,,,
,9,W-3,8,0,0,0,,,,20,9,9,2,0,,0.892,0.874,0.929,-0.026,,0.8983333333,1,1,1,,,,,,
,9,W-3,9,1,0,0,9,,,7,12,12,0,0,,0.894,0.915,NA,-0.0345,,0.9045,1,1,,,,,,,
,9,W-3,10,1,0,0,6,,,8,12,12,7,0,,0.899,0.803,NA,-0.0105,,0.851,1,,,,,,,,
,9,W-3,11,0,0,0,,,,6,13,13,0,1,,0.865,0.948,1.019,0.02166666667,,0.944,1,1,1,,,,,,
,9,W-3,12,0,0,0,,,,19,11,11,0,0,,0.914,0.945,0.977,-0.007333333333,,0.9453333333,1,1,1,,,,,,
,9,W-3,13,1,0,0,7,,,9,8,8,0,2,,1.004,0.952,NA,0.0095,,0.978,1,1,,,,,,,
,9,W-3,14,0,0,0,,,,13,10,10,0,0,,0.876,0.922,0.937,-0.006333333333,,0.9116666667,1,,1,,,,,,
,9,W-3,15,1,0,0,5,,,16,15,15,0,0,,0.865,0.907,NA,-0.0435,,0.886,1,1,,,,,,,
,9,W-3,16,1,0,0,9,,,3,3,3,0,0,,0.895,0.996,0.92,0.02,,0.937,1,,,,,,,,
,9,W-3,17,0,0,0,,,,5,5,5,0,0,,1.042,0.927,NA,0.0355,,0.9845,,,1,,,,,,
,9,W-3,18,0,0,0,,,,8,14,14,0,0,,0.895,0.87,0.926,-0.07433333333,,0.897,1,,1,,,,,,
,9,W-3,19,0,0,0,,,,8,14,14,13,x,,0.893,0.906,NA,-0.01416666667,,0.8995,1,1,1,,,,,,
,9,W-3,20,0,0,0,,,,14,15,15,14,x,,0.964,0.96,NA,0.009333333333,,0.962,1,,,,,,,,
,9,W-3,21,1,1,0,5,8,,7,17,17,11,0,,1,NA,NA,-0.08,,1,1,,,,,,,,
,9,W-3,22,0,0,0,,,,13,7,7,0,0,,1.022,0.937,NA,0.0395,,0.9795,1,1,1,,,,,,
,9,W-3,23,0,0,0,,,,12,11,11,0,0,,0.941,NA,NA,0.01066666667,,0.941,1,1,,,,,,,
,9,W-3,24,1,0,0,5,,,8,7,7,6,x,,0.954,NA,NA,0.0565,,0.954,,,,,,,,,
,9,W-3,25,1,0,0,6,,,9,12,12,12,x,,0.962,0.851,NA,-0.0705,,0.9065,1,1,,,,,,,
,9,W-3,26,0,0,0,,,,8,8,8,0,0,,0.942,0.895,NA,0.02083333333,,0.9185,1,,,,,,,,
,9,W-3,27,0,0,0, ,,,13,9,9,8,x,,0.951,0.886,0.963,0.021,,0.9333333333,,1,,,,,,,
,9,W-3,28,1,1,0,5,7,,8,10,10,3,0,,0.928,0.846,1.063,-0.005333333333,,0.9456666667,,,,,,,,,
,9,W-3,29,1,0,0,9,,,13,17,17,6,0,,1.015,0.867,0.887,-0.004,,0.923,,,,,,,,,
112,10,G,1,1,0,0,5,,,10,11,11,0,0,,0.935,0.965,,-0.017,,0.95,1,1,,,,,,,
,10,G,2,0,0,0,,,,1,0,0,NA,NA,NA,0.96,0.904,0.91,0,,0.9246666667,1,1,1,,,,,,
,10,G,3,1,1,0,6,8,,5,0,0,NA,NA,NA,0.93,,,-0.008,,0.93,1,,,,,,,,
,10,G,4,0,0,0,,,,2,5,5,0,1,,0.958,0.941,0.99,0.03533333333,,0.963,1,1,,,,,,,
,10,G,5,1,0,0,8,,,1,0,0,NA,NA,NA,0.867,0.98,,0.024,,0.9235,1,1,,,,,,,
,10,G,6,1,0,0,6,,,7,14,14,0,0,,0.967,0.979,,0.032,,0.973,1,,,,,,,,
,10,G,7,1,0,0,10,,,6,12,12,0,1,,0.899,0.902,,0.03083333333,,0.9005,1,1,,,,,,,
,10,G,8,1,0,0,9,,,11,5,5,0,0,,0.926,0.882,,-0.0485,,0.904,1,1,,,,,,,
,10,G,9,0,0,0,,,,2,0,0,NA,NA,NA,0.96,0.753,0.991,0.024,,0.9013333333,1,1,,,,,,,
,10,G,10,1,1,0,6,7,,8,10,10,0,0,,1.025,,,0.04,,1.025,,,,,,,,,
,10,G,11,0,0,0,,,,11,0,0,NA,NA,NA,0.87,0.911,0.888,-0.01866666667,,0.8896666667,1,1,1,,,,,,
,10,G,12,1,0,0,6,,,2,12,12,2,0,,0.921,0.938,,0.011,,0.9295,,1,,,,,,,
,10,G,13,1,0,0,10,,,0,NA,NA,NA,NA,NA,1.032,0.909,,0.0415,,0.9705,1,,,,,,,,
,10,G,14,0,0,0,,,,2,0,0,NA,NA,NA,1.072,0.903,,-0.0205,,0.9875,1,1,,,,,,,dead body missing
,10,G,15,1,0,0,9,,,7,2,2,0,0,,0.977,0.947,,0.03,,0.962,1,,,,,,,,
,10,G,16,1,0,0,6,,,8,0,0,NA,NA,NA,0.919,0.965,,0.0015,,0.942,1,1,,,,,,,
,10,G,17,0,0,0,,,,4,21,21,0,0,,0.685,0.858,0.961,-0.03266666667,,0.8346666667,,1,1,,,,,,
,10,G,18,0,0,0,,,,7,11,11,0,0,,0.987,0.947,0.968,-0.0006666666667,,0.9673333333,1,,1,,,,,,
,10,G,19,1,1,0,7,8,,1,0,0,NA,NA,NA,0.939,,,0.054,,0.939,,,,,,,,,
,10,G,20,1,0,0,9,,,8,10,10,0,0,,0.909,0.928,,-0.021,,0.9185,1,1,,,,,,,
,10,G,21,0,0,0,,,,3,10,10,2,1,,0.879,0.817,0.802,-0.01666666667,,0.8326666667,1,1,1,,,,,,
,10,G,22,1,0,0,7,,,4,3,3,0,0,,0.928,0.902,0.919,-0.039,,0.9163333333,1,1,,,,,,,
,10,G,23,0,0,0,,,,5,0,0,NA,NA,NA,0.931,0.887,0.994,-0.009666666667,,0.9373333333,1,1,,,,,,,
,10,G,24,1,1,0,7,10,,2,0,0,NA,NA,NA,0.946,,,0.0935,,0.946,1,,,,,,,,
,10,G,25,1,0,0,6,,,1,0,0,NA,NA,NA,0.945,1.029,,0.0015,,0.987,1,,,,,,,,
,10,G,26,1,1,0,5,10,,2,0,0,NA,NA,NA,0.95,,,0.106,,0.95,1,,,,,,,,
,10,G,27,0,0,0,,,,1,0,0,NA,NA,NA,0.955,0.997,0.982,-0.023,,0.978,1,1,,,,,,,
,10,G,28,1,0,0,9,,,8,12,12,6,0,,0.887,0.953,,0.0245,,0.92,1,1,,,,,,,
,10,G,29,0,0,0,,,,8,0,0,NA,NA,NA,0.99,0.916,0.964,0.01,,0.9566666667,1,1,1,,,,,,
,10,G,30,0,0,0,,,,6,8,8,8,x,,0.932,0.854,0.915,-0.01966666667,,0.9003333333,1,1,1,,,,,,
,10,G,31,1,1,0,5,5,,3,0,0,NA,NA,NA,1.022,,,-0.033,,1.022,1,,,,,,,,
,10,G,32,1,0,0,6,,,7,14,14,1,1,,0.994,0.978,,0.0205,,0.986,1,1,,,,,,,
,10,G,33,0,0,0,,,,3,0,0,NA,NA,NA,0.931,0.939,0.951,-0.02566666667,,0.9403333333,1,1,1,,,,,,
,10,G,34,1,0,0,4,,,8,11,11,0,0,,0.973,0.923,,-0.0145,,0.948,1,1,,,,,,,
,10,G,35,1,0,0,9,,,1,0,0,NA,NA,NA,0.924,0.952,,0.034,,0.938,,,,,,,,,
,10,G,36,1,1,0,6,6,,4,5,5,3,0,,0.945,,,0.004,,0.945,1,,,,,,,,
,10,G,37,0,0,0,,,,5,0,0,NA,NA,NA,0.893,0.922,0.933,-0.0006666666667,,0.916,,1,1,,,,,,
,10,G,38,1,0,0,8,,,6,16,16,16,x,,0.829,0.926,,0.004,,0.8775,1,1,,,,,,,
,10,G,39,1,0,0,4,,,2,0,0,NA,NA,NA,0.988,0.937,,-0.003,,0.9625,1,1,,,,,,,
,10,G,40,0,0,0,,,,10,0,0,NA,NA,NA,0.845,0.836,0.955,-0.0003333333333,,0.8786666667,1,1,,,,,,,
,10,G,41,1,0,0,6,,,4,10,10,0,0,,0.852,0.947,,-0.021,,0.8995,1,1,,,,,,,
,10,G,42,0,0,0,,,,6,11,11,0,0,,0.978,0.92,0.933,-0.008,,0.9436666667,1,1,1,,1,1,,,
,10,G,43,0,0,0,,,,3,0,0,NA,NA,NA,0.989,0.946,0.771,0.01233333333,,0.902,1,,,,,,,,
,10,G,44,0,0,0,,,,1,0,0,NA,NA,NA,0.997,0.986,0.94,0.03466666667,,0.9743333333,1,1,1,,,,,,
,10,G,45,1,0,0,3,,,7,0,0,NA,NA,NA,0.877,0.933,,0.015,,0.905,1,,,,,,,,
,10,G,46,1,0,0,9,,,4,0,0,NA,NA,NA,0.977,0.804,,0.0345,,0.8905,,1,,,,,,,
,10,G,47,1,0,0,9,,,5,13,13,0,0,,0.884,0.918,,-0.032,,0.901,1,1,,,,,,,
,10,G,48,0,0,0,,,,3,14,14,0,0,,0.902,0.942,0.881,0.01766666667,,0.9083333333,1,,,,,,,,
,10,G,49,1,0,0,9,,,1,0,0,NA,NA,NA,0.945,0.982,,0.041,,0.9635,,1,,,,,,,
,10,G,50,1,0,0,10,,,1,0,0,NA,NA,NA,0.995,0.9,,0.04983333333,,0.9475,1,,,,,,,,
120,10,Y,1,1,0,0,6,,,5,14,14,14,x,,0.829,0.813,NA,-0.03,,0.821,1,1,,,,,,,
,10,Y,2,1,0,0,6,,,9,10,10,10,x,,1.049,0.924,NA,0.033,,0.9865,,,,,,,,,
,10,Y,3,0,0,0,,,,6,5,5,1,2,,0.912,0.929,1.005,0.02333333333,,0.9486666667,1,1,,,,,,,
,10,Y,4,0,0,0,,,,10,3,3,0,0,,0.963,0.911,0.927,-0.003,,0.9336666667,1,1,1,,,,,,
,10,Y,5,1,0,0,5,,,9,12,12,12,x,,1.003,0.919,NA,-0.005,,0.961,1,1,,,,,,,
,10,Y,6,1,0,0,9,,,11,14,14,12,x,,0.942,0.92,NA,0.022,,0.931,,1,,,,,,,
,10,Y,7,1,0,0,10,,,7,11,11,11,x,,0.972,0.904,NA,0.04166666667,,0.938,1,1,,,,,,,
,10,Y,8,1,0,0,6,,,11,12,12,11,x,,0.908,0.807,NA,0.0025,,0.8575,1,1,,,,,,,
,10,Y,9,0,0,0,,,,16,15,15,15,x,,0.993,0.945,0.83,0.004,,0.9226666667,1,,,,,,,,
,10,Y,10,0,0,0,,,,8,12,12,12,x,,0.944,0.968,0.805,-0.01566666667,,0.9056666667,,1,1,,,,,,
,10,Y,11,1,0,0,5,,,17,13,13,9,0,,0.911,0.87,NA,-0.0255,,0.8905,1,1,,,,,,,
,10,Y,12,1,0,0,8,,,2,0,0,NA,NA,,0.926,1.107,NA,0.0485,,1.0165,1,,,,,,,,
,10,Y,13,0,0,0,,,,13,15,15,15,x,,0.952,0.998,0.963,0.02633333333,,0.971,1,1,1,,,,,,
,10,Y,14,0,0,0,,,,19,8,6,6,x,,0.875,0.93,0.921,-0.01633333333,,0.9086666667,1,,1,,,,,,
,10,Y,15,0,0,0,,,,6,7,7,7,x,,0.92,0.83,0.956,0.01633333333,,0.902,,,,,,,,,
,10,Y,16,1,0,0,5,,,3,12,12,10,0,,0.914,0.989,NA,-0.004,,0.9515,,,,,,,,,
,10,Y,17,0,0,0,,,,4,4,4,2,x,,0.967,0.924,0.908,0.002,,0.933,1,,,,,,,,
,10,Y,18,0,0,0,,,,11,7,7,7,x,,0.772,0.982,0.843,0.028,,0.8656666667,1,1,1,,,,,,
,10,Y,19,1,0,0,5,,,7,7,7,7,x,,0.966,0.93,NA,-0.0015,,0.948,1,1,,,,,,,
,10,Y,20,0,0,0,,,,5,0,0,NA,NA,,0.911,0.868,0.865,-0.02233333333,,0.8813333333,1,1,1,,,,,,
,10,Y,21,1,1,0,8,8,,7,8,8,8,x,,0.997,NA,NA,0.003,,0.997,1,,,,,,,,
,10,Y,22,0,0,0,,,,2,0,0,NA,NA,,0.921,0.888,0.932,-0.008666666667,,0.9136666667,,1,,,,,,,
,10,Y,23,1,1,0,6,7,,7,9,9,9,x,,1.002,NA,NA,-0.007,,1.002,1,,,,,,,,
,10,Y,24,0,0,0,,,,16,13,13,13,x,,0.861,0.929,0.808,-0.02,,0.866,,1,1,,1,1,,,
,10,Y,25,1,0,0,5,,,10,15,15,15,x,,0.948,0.992,NA,0.027,,0.97,1,1,,,,,,,
,10,Y,26,0,0,0,,,,6,5,5,1,0,,1.057,0.954,0.949,0.05166666667,,0.9866666667,1,1,,,,,,,
,10,Y,27,0,0,0,,,,10,7,7,7,x,,0.897,0.818,0.964,0.01233333333,,0.893,1,,,,,,,,
,10,Y,28,0,0,0,,,,4,0,0,NA,NA,,0.988,0.956,0.782,-0.0003333333333,,0.9086666667,1,1,1,,,,,,
,10,Y,29,1,0,0,10,,,8,0,0,NA,NA,,0.939,0.936,NA,0.0745,,0.9375,1,1,,,,,,,
,10,Y,30,1,0,0,9,,,3,9,9,9,x,,1.046,1.015,NA,0.024,,1.0305,1,1,,,,,,,
,10,Y,31,1,0,0,9,,,12,14,14,14,x,,0.909,1.008,NA,0.0175,,0.9585,1,1,,1,1,,,,
,10,Y,32,1,0,0,8,,,7,8,8,8,x,,0.936,0.985,NA,0.0065,,0.9605,1,,,,,,,,
,10,Y,33,0,0,0,,,,16,7,5,5,x,,0.902,0.939,0.981,0.028,,0.9406666667,1,1,,,,,,,
,10,Y,34,1,0,0,5,,,10,18,18,18,x,,0.932,0.954,NA,0.041,,0.943,,,,,,,,,
,10,Y,35,1,0,0,7,,,4,12,12,9,x,,1.022,0.851,NA,-0.0105,,0.9365,,1,,,,,,,
,10,Y,36,1,0,0,10,,,7,12,12,11,x,,0.94,0.91,NA,0.072,,0.925,1,1,,,,,,,
,10,Y,37,0,0,0,,,,10,0,0,NA,NA,,0.828,0.953,0.921,0.01866666667,,0.9006666667,1,,,,,,,,
,10,Y,38,0,0,0,,,,4,0,0,NA,NA,,0.984,1.015,0.958,0.015,,0.9856666667,1,1,1,,,,,,
,10,Y,39,0,0,0,,,,7,4,4,4,x,,0.954,0.947,0.858,0.05133333333,,0.9196666667,,,1,,,,,,
,10,Y,40,0,0,0,,,,13,17,17,16,x,,0.933,0.944,0.772,-0.02633333333,,0.883,1,1,1,,,,,,
,10,Y,41,1,0,0,9,,,9,14,14,14,x,,0.987,0.847,NA,0.006,,0.917,,,,,,,,,
,10,Y,42,0,0,0,,,,9,16,16,16,x,,0.955,0.868,1.002,0.03733333333,,0.9416666667,,,,,,,,,
,10,Y,43,1,0,0,6,,,13,15,15,11,x,,0.969,0.987,NA,0.0205,,0.978,1,1,,,,,,,
,10,Y,44,0,0,0,,,,9,9,9,8,0,,0.942,0.997,0.972,-0.003666666667,,0.9703333333,1,1,1,,,,,,
,10,Y,45,1,0,0,9,,,3,0,0,NA,NA,,1.016,1,NA,0.032,,1.008,1,1,,,,,,,
,10,Y,46,1,1,1,2,2,2,NA,NA,NA,NA,NA,NA,NA,NA,NA,#DIV/0!,,#DIV/0!,,,,,,,,,
,10,Y,47,1,0,0,7,,,3,0,0,NA,NA,,0.958,0.867,NA,0.017,,0.9125,1,1,,,,,,,
,10,Y,48,0,0,0,,,,18,13,13,13,x,,0.851,0.944,0.925,0.021,,0.9066666667,1,,1,,,,,,
,10,Y,49,1,0,0,3,,,1,0,0,NA,NA,NA,0.932,0.979,NA,0.008,,0.9555,1,1,,,,,,,
,10,Y,50,0,0,0,,,,6,8,9,9,x,,0.923,0.962,0.999,0.018,,0.9613333333,1,1,,,,,,,
124,10,O,1,0,0,0,,,,2,0,0,NA,NA,NA,1.017,0.924,1.011,0.014,,0.984,1,1,,,,,,,
,10,O,2,1,0,0,10,,,0,0,0,NA,NA,NA,1.037,1.043,,0.02133333333,,1.04,1,1,,,,,,,
,10,O,3,0,0,0,,,,18,15,15,15,x,,0.95,0.967,0.85,0.009333333333,,0.9223333333,1,1,,,,,,,
,10,O,4,1,1,0,2,6,,9,9,8,5,0,,1.057,,,0.073,,1.057,,,,,,,,,
,10,O,5,0,0,0,,,,9,0,0,NA,NA,NA,0.901,0.901,0.99,0.03133333333,,0.9306666667,1,1,1,,,,,,
,10,O,6,0,0,0,,,,10,0,0,NA,NA,NA,0.867,0.905,0.963,-0.008333333333,,0.9116666667,1,1,,,,,,,
,10,O,7,0,0,0,,,,3,0,0,NA,NA,NA,0.925,0.883,1.006,0.04133333333,,0.938,1,,,,,,,,
,10,O,8,1,0,0,7,,,9,7,7,6,0,,0.874,1.035,,0.0065,,0.9545,1,1,,,,,,,
,10,O,9,1,0,0,10,,,5,14,14,0,0,,0.929,0.827,,-0.018,,0.878,1,1,,,,,,,
,10,O,10,0,0,0,,,,6,0,0,NA,NA,NA,0.857,0.997,0.9,0.01533333333,,0.918,1,,,,,,,,
,10,O,11,0,0,0,,,,10,12,12,12,x,,1,0.895,0.758,0.019,,0.8843333333,1,,1,,,,,,
,10,O,12,1,0,0,6,,,13,11,11,11,x,,1.069,0.997,,0.057,,1.033,1,,,,,,,,
,10,O,13,0,0,0,,,,9,13,13,13,x,,0.842,0.818,0.968,0.01666666667,,0.876,1,,,,,,,,
,10,O,14,0,0,0,,,,6,13,13,0,0,,0.981,0.917,0.985,0.07433333333,,0.961,,,,,,,,,
,10,O,15,0,0,0,,,,4,0,0,NA,NA,NA,0.906,0.947,0.855,0.01233333333,,0.9026666667,1,1,1,,,,,,
,10,O,16,1,0,0,10,,,1,0,0,NA,NA,NA,0.995,0.902,,0.0265,,0.9485,1,1,,,,,,,
,10,O,17,0,0,0,,,,6,0,0,NA,NA,NA,0.961,0.982,1.054,0.06733333333,,0.999,1,,,,,,,,
,10,O,18,1,0,0,8,,,6,7,7,0,0,,0.995,0.941,,0.0245,,0.968,1,1,,,,,,,
,10,O,19,0,0,0,,,,6,15,15,0,0,,0.987,0.999,0.967,0.01,,0.9843333333,1,1,1,,,,,,
,10,O,20,0,0,0,,,,12,0,0,NA,NA,NA,1.003,0.942,0.879,0.04466666667,,0.9413333333,,,1,,,,,,
,10,O,21,1,0,0,10,,,2,0,0,NA,NA,NA,0.926,1.01,,0.04766666667,,0.968,,1,,,,,,,
,10,O,22,1,0,0,8,,,9,10,10,0,0,,0.845,0.963,,-0.0195,,0.904,,1,,,,,,,
,10,O,23,0,0,0,,,,8,9,8,8,0,,1.036,0.931,0.905,0.06133333333,,0.9573333333,,,1,,,,,,
,10,O,24,0,0,0,,,,6,0,0,NA,NA,NA,0.935,0.901,0.952,0.0003333333333,,0.9293333333,,1,1,,,,,,
,10,O,25,0,0,0,,,,8,0,0,NA,NA,NA,0.804,0.927,0.864,-0.02066666667,,0.865,1,1,1,,,,,,
,10,O,26,0,0,0,,,,4,0,0,NA,NA,NA,1.013,0.935,1.002,0.01766666667,,0.9833333333,1,1,,,,,,,
,10,O,27,0,0,0,,,,4,0,0,NA,NA,NA,0.832,0.865,0.893,0.01733333333,,0.8633333333,1,,,,,,,,
,10,O,28,1,1,1,2,2,2,NA,NA,NA,NA,NA,NA,,,,#DIV/0!,,#DIV/0!,,,,,,,,,
,10,O,29,1,0,0,10,,,1,0,0,NA,NA,NA,1.004,1.004,,0.07233333333,,1.004,1,1,,,,,,,
,10,O,30,1,1,0,10,10,,0,NA,NA,NA,NA,NA,0.948,,,0.005333333333,,0.948,,,,,,,,,
,10,O,31,1,0,0,4,,,12,2,2,1,0,,0.988,0.921,,-0.0745,,0.9545,1,1,,,,,,,
,10,O,32,0,0,0,,,,5,0,0,NA,NA,NA,1.021,0.951,0.916,0.04466666667,,0.9626666667,,,,,,,,,
,10,O,33,1,0,0,7,,,13,12,12,12,x,,0.957,0.936,,0.002,,0.9465,,,,,,,,,
,10,O,34,1,0,0,8,,,3,0,0,NA,NA,NA,0.982,1.022,,0.026,,1.002,,,,,,,,,
,10,O,35,0,0,0,,,,9,11,11,11,x,,0.86,0.999,0.786,0.03,,0.8816666667,,,1,,,,,,
,10,O,36,0,0,0,,,,12,11,11,10,x,,0.866,0.889,0.945,-0.026,,0.9,1,1,1,,,,,,
,10,O,37,0,0,0,,,,10,13,13,13,x,,0.878,0.922,0.928,0.04033333333,,0.9093333333,1,1,,,,,,,
,10,O,38,0,0,0,,,,2,0,0,NA,NA,NA,0.949,0.969,0.956,0.04566666667,,0.958,1,1,1,,,,,,
,10,O,39,1,0,0,7,,,1,0,0,NA,NA,NA,1.135,0.885,,0.0455,,1.01,,1,,,,,,,
,10,O,40,1,0,0,6,,,10,10,10,9,x,,1.078,0.924,,0.0385,,1.001,,1,,,,,,,
,10,O,41,0,0,0,,,,5,0,0,NA,NA,NA,0.937,0.892,0.895,0.03666666667,,0.908,1,1,,,,,,,
,10,O,42,1,0,0,5,,,4,3,3,3,x,,1.029,1.039,,0.05,,1.034,,,,,,,,,
,10,O,43,1,0,0,10,,,0,NA,NA,NA,NA,NA,1.077,0.94,,0.01783333333,,1.0085,,1,,,,,,,
,10,O,44,1,1,0,10,10,,2,0,0,NA,NA,NA,0.871,,,0.03133333333,,0.871,1,,,,,,,,
,10,O,45,0,0,0,,,,3,0,0,NA,NA,NA,0.9,0.891,1.021,0.01166666667,,0.9373333333,1,1,,,,,,,
,10,O,46,0,0,0,,,,10,7,7,0,0,,0.834,0.868,0.989,-0.02066666667,,0.897,1,1,,,,,,,
,10,O,47,0,0,0,,,,6,0,0,NA,NA,NA,0.882,0.86,1.001,0.02766666667,,0.9143333333,1,1,,,,,,,
,10,O,48,0,0,0,,,,1,0,0,NA,NA,NA,0.856,1.007,0.898,0.043,,0.9203333333,1,,1,,,,,,
,10,O,49,0,0,0,,,,1,0,0,NA,NA,NA,0.963,0.916,0.889,0.05466666667,,0.9226666667,1,,1,,,,,,
,10,O,50,1,0,0,10,,,4,11,11,11,x,,0.925,0.941,,0.04666666667,,0.933,1,,,,,,,,
138,10,W-1,1,0,0,0,,,,9,15,15,0,0,,0.933,0.93,0.894,-0.937,,,1,1,1,,,,,,
,10,W-1,2,1,0,0,6,,,6,15,15,0,0,,0.922,0.895,NA,-0.922,,,1,1,,,,,,,
,10,W-1,3,1,0,0,6,,,12,13,13,0,0,,0.824,0.854,NA,-0.8785,,,,1,,,,,,,
,10,W-1,4,1,0,0,6,,,2,6,6,0,0,,0.946,0.985,NA,-0.98,,,1,1,,,,,,,
,10,W-1,5,0,0,0,,,,6,12,12,0,0,,0.89,0.946,0.897,-0.8606666667,,,1,1,,,,,,,
,10,W-1,6,1,0,0,4,,,2,12,12,0,0,,0.994,0.961,NA,-0.932,,,1,,,,,,,,
,10,W-1,7,0,0,0,,,,2,9,9,0,0,,0.884,0.922,0.895,-0.896,,,1,1,1,,,,,,
,10,W-1,8,1,0,0,8,,,1,5,5,0,0,,0.955,0.964,NA,-0.9735,,,1,1,,,,,,,
,10,W-1,9,0,0,0,,,,5,5,5,0,0,,0.874,1.005,0.888,-0.9106666667,,,1,,1,,,,,,
,10,W-1,10,0,0,0,,,,6,12,12,0,0,,0.941,0.948,0.946,-0.9576666667,,,1,,1,,,,,,
,10,W-1,11,1,0,0,7,,,5,10,10,0,0,,0.922,0.921,NA,-0.9575,,,1,1,,,,,,,
,10,W-1,12,1,0,0,9,,,10,8,8,2,0,,0.836,0.865,NA,-0.8475,,,1,,,,,,,,
,10,W-1,13,0,0,0,,,,4,18,18,0,0,,0.989,0.934,0.889,-0.9173333333,,,,1,1,,,,,,
,10,W-1,14,0,0,0,,,,14,14,14,0,0,,0.907,0.879,NA,-0.8866666667,,,,1,,,,,,,
,10,W-1,15,0,0,0,,,,3,18,18,0,0,,0.952,0.953,0.924,-0.953,,,1,,,,,,,,
,10,W-1,16,0,0,0,,,,7,13,13,0,0,,0.991,0.915,0.962,-0.9393333333,,,,,1,,,,,,
,10,W-1,17,1,0,0,7,,,10,8,8,7,0,,1.009,0.962,NA,-0.993,,,1,1,,,,,,,
,10,W-1,18,0,0,0,,,,7,13,13,0,0,,0.983,0.891,0.847,-0.8993333333,,,1,1,1,,,,,,
,10,W-1,19,1,0,0,5,,,4,17,17,0,0,,0.942,1.003,NA,-0.9095,,,1,,,,,,,,
,10,W-1,20,1,0,0,5,,,1,9,9,0,0,,0.988,0.969,NA,-0.963,,,1,1,,,,,,,
,10,W-1,21,1,1,0,3,3,,2,4,4,0,1,,1.018,NA,NA,-1.001,,,,,,,,,,,
,10,W-1,22,1,0,0,9,,,4,15,15,0,0,,0.937,1.005,NA,-0.98,,,1,1,,,,,,,
,10,W-1,23,1,1,0,8,9,,5,13,13,0,5,,1.036,NA,NA,-0.955,,,,,,,,,,,
,10,W-1,24,1,1,0,6,7,,7,4,4,0,1,,1,NA,NA,-0.941,,,1,,,,,,,,
,10,W-1,25,1,0,0,6,,,2,6,6,3,x,,0.943,0.887,NA,-0.884,,,1,1,,,,,,,
,10,W-1,26,1,0,0,5,,,3,8,8,0,x,,0.879,0.964,NA,-0.922,,,1,,,,,,,,
,10,W-1,27,0,0,0,,,,10,9,9,1,0,,0.922,0.95,0.945,-0.934,,,1,1,,,,,,,
,10,W-1,28,0,0,0,,,,4,10,10,0,0,,0.902,0.848,1.032,-0.9443333333,,,1,1,1,,,,,,
,10,W-1,29,0,0,0,,,,3,8,8,0,0,,0.961,0.892,NA,-0.926,,,1,1,,,,,,,
,10,W-3,1,1,0,0,8,,,2,18,18,3,x,,0.895,0.943,NA,-0.924,,,1,1,,,,,,,
,10,W-3,2,1,0,0,3,,,9,11,11,0,0,,0.922,0.88,NA,-0.901,,,1,1,,,,,,,
,10,W-3,3,0,0,0,,,,6,8,8,0,0,,0.987,0.888,0.954,-0.931,,,1,1,1,,,,,,
,10,W-3,4,0,0,0,,,,2,15,15,0,0,,0.96,0.955,0.91,-0.922,,,1,1,1,,,,,,
,10,W-3,5,1,1,0,6,7,,7,11,11,6,x,,1.042,NA,NA,-1.023,,,1,,,,,,,,
,10,W-3,6,0,0,0,,,,2,0,0,NA,NA,NA,0.941,0.959,0.944,-0.9156666667,,,1,1,1,,,,,,
,10,W-3,7,1,0,0,7,,,8,10,10,1,0,,0.949,0.8,NA,-0.8475,,,1,1,,,,,,,
,10,W-3,8,0,0,0,,,,3,11,11,0,0,,0.96,0.933,0.964,-0.8983333333,,,1,,1,,,,,,
,10,W-3,9,1,0,0,9,,,3,15,15,0,0,,0.983,0.981,NA,-0.9045,,,,,,,,,,,
,10,W-3,10,1,0,0,6,,,5,9,9,2,0,,0.944,0.742,NA,-0.851,,,1,1,,,,,,,
,10,W-3,11,0,0,0,,,,3,10,10,0,0,,0.882,1.028,1.047,-0.944,,,1,1,1,,,,,,
,10,W-3,12,0,0,0,,,,8,12,12,7,0,,0.958,0.905,1.025,-0.9453333333,,,1,1,,,,,,,
,10,W-3,13,1,0,0,7,,,4,18,18,0,0,,0.982,1.026,NA,-0.978,,,,,,,,,,,
,10,W-3,14,0,0,0,,,,6,10,10,0,0,,0.972,0.916,0.888,-0.9116666667,,,,,1,,,,,,
,10,W-3,15,1,0,0,5,,,9,11,9,1,0,,0.912,0.863,NA,-0.886,,,1,1,,,,,,,
,10,W-3,16,1,0,0,9,,,3,9,9,0,0,,0.917,0.976,NA,-0.937,,,1,1,,,,,,,
,10,W-3,17,0,0,0,,,,5,9,9,4,0,,0.946,0.925,0.967,-0.9845,,,1,1,1,,,,,,
,10,W-3,18,0,0,0,,,,7,18,18,0,0,,0.954,0.901,1,-0.897,,,1,1,1,,,,,,
,10,W-3,19,0,0,0,,,,2,11,11,0,0,,0.895,0.871,0.993,-0.8995,,,1,1,1,,,,,,
,10,W-3,20,0,0,0,,,,18,14,14,5,x,,1.002,0.875,0.933,-0.962,,,1,1,1,,,,,,
,10,W-3,21,1,1,0,5,8,,2,13,13,1,0,,1.106,NA,NA,-1,,,1,,,,,,,,
,10,W-3,22,0,0,0,,,,4,9,9,2,0,,1.012,1.065,0.947,-0.9795,,,1,,1,,,,,,
,10,W-3,23,0,0,0,,,,13,20,20,0,0,,0.969,0.92,0.98,-0.941,,,1,1,,,,,,,
,10,W-3,24,1,0,0,5,,,4,16,16,4,0,,0.906,0.922,NA,-0.954,,,,1,,,,,,,
,10,W-3,25,1,0,0,6,,,6,19,19,7,0,,0.979,0.972,NA,-0.9065,,,1,1,,,,,,,
,10,W-3,26,0,0,0,,,,8,13,13,0,0,,0.928,0.851,0.855,-0.9185,,,1,1,,,,,,,
,10,W-3,27,0,0,0, ,,,2,18,18,0,0,,0.912,0.836,0.987,-0.9333333333,,,1,1,1,,,,,,
,10,W-3,28,1,1,0,5,7,,8,12,11,1,0,,0.994,NA,NA,-0.9456666667,,,1,,,,,,,,
,10,W-3,29,1,0,0,9,,,7,7,7,2,0,,1.067,0.911,NA,-0.923,,,,,,,,,,,
82,11,G,1,1,0,0,5,,,8,17,17,0,0,,0.985,0.987,,0.036,,0.986,,,,,,,,,
,11,G,2,1,0,0,11,,,1,13,13,0,0,,0.902,0.984,,0.01833333333,,0.943,,,,,,,,,
,11,G,3,1,1,0,6,8,,4,4,4,0,0,,0.978,,,0.048,,0.978,,,,,,,,,
,11,G,4,0,0,0,,,,3,9,9,0,0,,1.026,0.952,0.944,0.011,,0.974,,,,,,,,,
,11,G,5,1,0,0,8,,,4,19,19,7,0,,0.873,0.975,,0.0005,,0.924,,,,,,,,,
,11,G,6,1,0,0,6,,,2,15,15,0,0,,0.917,0.993,,-0.018,,0.955,,,,,,,,,
,11,G,7,1,1,0,10,11,,7,9,9,0,0,,0.901,,,0.0005,,0.901,,,,,,,,,
,11,G,8,1,1,0,9,11,,8,11,11,0,0,,0.967,,,0.063,,0.967,,,,,,,,,
,11,G,9,0,0,0,,,,5,16,16,0,0,,0.745,0.953,0.931,-0.025,,0.8763333333,,,,,,,,,
,11,G,10,1,1,0,6,7,,4,10,10,0,0,,0.979,,,-0.046,,0.979,,,,,,,,,
,11,G,11,0,0,0,,,,5,20,20,13,0,,0.923,0.938,,0.04083333333,,0.9305,,,,,,,,,
,11,G,12,1,1,0,6,11,,3,12,12,0,0,,0.934,,,0.0045,,0.934,,,,,,,,,
,11,G,13,1,0,0,10,,,9,9,9,0,0,,0.929,0.995,,-0.0085,,0.962,,,,,,,,,
,11,G,14,1,0,0,11,,,7,17,17,0,0,,0.94,1.107,,0.036,,1.0235,,,,,,,,,dead body missing
,11,G,15,1,0,0,9,,,13,11,11,11,x,,0.94,0.939,,-0.0225,,0.9395,,,,,,,,,
,11,G,16,1,0,0,6,,,7,5,5,0,0,,0.982,0.956,,0.027,,0.969,,,,,,,,,
,11,G,17,1,0,0,11,,,12,13,13,1,1,,0.981,0.926,,0.1188333333,,0.9535,,,,,,,,,
,11,G,18,0,0,0,,,,6,15,15,0,0,,0.929,1.007,0.965,-0.0003333333333,,0.967,,,,,,,,,
,11,G,19,1,1,0,7,8,,4,17,17,0,0,,0.967,,,0.028,,0.967,,,,,,,,,
,11,G,20,1,0,0,9,,,12,17,17,4,0,,0.947,0.932,,0.021,,0.9395,,,,,,,,,
,11,G,21,1,0,0,11,,,4,13,13,1,1,,0.957,0.791,,0.04133333333,,0.874,,,,,,,,,
,11,G,22,1,0,0,7,,,4,6,6,6,x,,0.942,1.004,,0.05666666667,,0.973,,,,,,,,,
,11,G,23,0,0,0,,,,8,10,10,0,0,,0.969,0.892,1.016,0.02166666667,,0.959,,,,,,,,,
,11,G,24,1,1,0,7,10,,3,17,17,1,0,,0.981,,,0.035,,0.981,,,,,,,,,
,11,G,25,1,0,0,6,,,7,15,15,15,x,,0.919,0.862,0.935,-0.08166666667,,0.9053333333,,,,,,,,,
,11,G,26,1,1,0,5,10,,4,3,3,0,0,,0.974,,,0.024,,0.974,,,,,,,,,
,11,G,27,1,0,0,11,,,2,14,14,0,0,,1.066,1.043,,0.0765,,1.0545,,,,,,,,,
,11,G,28,1,0,0,9,,,10,12,12,4,1,,0.933,0.94,,0.0165,,0.9365,,,,,,,,,
,11,G,29,1,1,1,11,11,11,NA,NA,NA,NA,NA,NA,NA,NA,NA,-0.02466666667,,0.932,,,,,,,,,
,11,G,30,0,0,0,,,,3,17,17,0,0,,0.957,0.949,0.89,0.03166666667,,0.932,,,,,,,,,
,11,G,31,1,1,0,5,5,,6,15,8,8,x,,0.954,,,-0.068,,0.954,,,,,,,,,
,11,G,32,1,0,0,6,,,5,17,17,6,0,,1.014,0.997,,0.0195,,1.0055,,,,,,,,,
,11,G,33,0,0,0,,,,5,15,15,15,x,,0.974,0.919,0.938,0.003333333333,,0.9436666667,,,,,,,,,
,11,G,34,1,0,0,4,,,6,11,5,5,x,,1.025,0.88,,0.0045,,0.9525,,,,,,,,,
,11,G,35,1,0,0,9,,,10,12,12,0,1,,0.949,0.943,,0.008,,0.946,,,,,,,,,
,11,G,36,1,1,0,6,6,,6,13,13,2,1,,0.965,,,0.02,,0.965,,,,,,,,,
,11,G,37,1,1,1,11,11,11,NA,NA,NA,NA,NA,NA,NA,NA,NA,#DIV/0!,,#DIV/0!,,,,,,,,,
,11,G,38,1,0,0,8,,,9,17,17,13,0,,0.906,0.969,,0.06,,0.9375,,,,,,,,,
,11,G,39,1,0,0,4,,,11,16,15,15,x,,0.975,1.005,,0.0275,,0.99,,,,,,,,,
,11,G,40,1,1,0,11,11,,6,3,3,0,0,,0.974,,,0.09533333333,,0.974,,,,,,,,,
,11,G,41,1,0,0,6,,,6,15,15,0,0,,0.991,0.837,,0.0145,,0.914,,,,,,,,,
,11,G,42,1,1,1,11,11,11,1,12,12,0,0,,NA,NA,NA,#DIV/0!,,#DIV/0!,,,,,,,,,
,11,G,43,1,1,0,11,11,,1,NA,NA,NA,NA,NA,0.972,,,0.07,,0.972,,,,,,,,,
,11,G,44,0,0,0,,,,4,17,17,14,x,,1.039,1.002,0.998,0.03866666667,,1.013,,,,,,,,,
,11,G,45,1,1,0,3,11,,2,19,19,9,1,,0.991,,,0.086,,0.991,,,,,,,,,
,11,G,46,1,1,1,9,11,11,NA,NA,NA,NA,NA,NA,NA,NA,NA,#DIV/0!,,#DIV/0!,,,,,,,,,
,11,G,47,1,1,0,9,11,,3,9,9,0,0,,0.931,,,0.03,,0.931,,,,,,,,,
,11,G,48,1,1,1,11,11,11,NA,NA,NA,NA,NA,NA,NA,NA,NA,#DIV/0!,,#DIV/0!,,,,,,,,,
,11,G,49,1,0,0,9,,,9,18,18,12,x,,1.007,0.969,,0.0245,,0.988,,,,,,,,,
,11,G,50,1,1,1,10,11,11,NA,NA,NA,NA,NA,NA,NA,NA,NA,#DIV/0!,,#DIV/0!,,,,,,,,,
94,11,Y,1,1,1,0,6,11,,6,14,12,3,0,,0.884,NA,NA,0.063,,0.884,,,,,,,,,
,11,Y,2,1,0,0,6,,,11,17,17,1,14,,0.939,1.088,NA,0.027,,1.0135,,,,,,,,,
,11,Y,3,1,1,1,11,11,11,NA,NA,NA,NA,NA,NA,NA,NA,NA,#DIV/0!,,#DIV/0!,,,,,,,,,
,11,Y,4,0,0,0,,,,13,24,24,0,0,,0.994,0.973,0.978,0.048,,0.9816666667,,,,,,,,,
,11,Y,5,1,0,0,5,,,19,13,13,13,x,,0.962,0.999,NA,0.0195,,0.9805,,,,,,,,,
,11,Y,6,1,0,0,9,,,20,15,15,8,x,,0.962,0.963,NA,0.0315,,0.9625,,,,,,,,,
,11,Y,7,1,0,0,10,,,14,23,23,0,0,,0.917,1.058,NA,0.0495,,0.9875,,,,,,,,,
,11,Y,8,1,0,0,6,,,6,19,19,0,0,,1.024,0.829,NA,0.069,,0.9265,,,,,,,,,
,11,Y,9,1,1,0,11,11,,6,17,17,0,0,,0.956,NA,NA,0.03333333333,,0.956,,,,,,,,,
,11,Y,10,1,1,0,11,11,,2,9,9,0,0,,1.013,NA,NA,0.1073333333,,1.013,,,,,,,,,
,11,Y,11,1,0,0,5,,,11,10,10,3,1,,0.974,0.874,NA,0.0335,,0.924,,,,,,,,,
,11,Y,12,1,0,0,8,,,20,18,18,0,9,,0.951,1.118,NA,0.018,,1.0345,,,,,,,,,
,11,Y,13,0,0,0,,,,12,14,14,0,0,,0.997,1.047,0.964,0.03166666667,,1.002666667,,,,,,,,,
,11,Y,14,0,0,0,,,,11,12,12,0,0,,0.894,0.933,1.006,0.03566666667,,0.9443333333,,,,,,,,,
,11,Y,15,0,0,0,,,,13,12,12,0,0,,0.985,0.896,0.833,0.002666666667,,0.9046666667,,,,,,,,,
,11,Y,16,1,0,0,5,,,9,13,13,0,0,,0.907,1.002,NA,0.003,,0.9545,,,,,,,,,
,11,Y,17,0,0,0,,,,8,19,19,0,0,,0.884,0.949,1.014,0.016,,0.949,,,,,,,,,
,11,Y,18,1,0,0,11,,,5,11,11,11,x,,0.855,1.006,NA,0.06483333333,,0.9305,,,,,,,,,
,11,Y,19,1,0,0,5,,,16,18,18,0,0,,0.981,1.03,NA,0.0575,,1.0055,,,,,,,,,
,11,Y,20,0,0,0,,,,10,10,10,0,0,,0.98,0.897,0.835,0.02266666667,,0.904,,,,,,,,,
,11,Y,21,1,1,0,8,8,,5,10,10,2,0,,1.054,NA,NA,0.057,,1.054,,,,,,,,,
,11,Y,22,0,0,0,,,,10,14,14,7,1,,0.945,0.958,0.92,0.02733333333,,0.941,,,,,,,,,
,11,Y,23,1,1,0,6,7,,6,17,17,14,1,,1.063,NA,NA,0.061,,1.063,,,,,,,,,
,11,Y,24,0,0,0,,,,9,7,7,0,0,,0.892,0.863,0.923,0.02666666667,,0.8926666667,,,,,,,,,
,11,Y,25,1,0,0,5,,,16,15,15,1,0,,1.018,0.966,NA,0.022,,0.992,,,,,,,,,
,11,Y,26,1,1,1,11,11,11,NA,NA,NA,NA,NA,NA,NA,NA,NA,#DIV/0!,,#DIV/0!,,,,,,,,,
,11,Y,27,1,1,0,11,11,,12,16,16,6,x,,0.97,NA,NA,0.077,,0.97,,,,,,,,,
,11,Y,28,1,0,0,11,,,8,19,19,19,x,,1.002,0.99,NA,0.08733333333,,0.996,,,,,,,,,
,11,Y,29,1,0,0,10,,,15,16,16,,,,0.996,1.032,NA,0.0765,,1.014,,,,,,,,,
,11,Y,30,1,0,0,9,,,3,17,17,0,0,,1.068,1.003,NA,0.005,,1.0355,,,,,,,,,
,11,Y,31,1,0,0,9,,,12,18,18,0,0,,1.011,0.951,NA,0.0225,,0.981,,,,,,,,,
,11,Y,32,1,0,0,8,,,13,16,16,0,0,,1.009,0.986,NA,0.037,,0.9975,,,,,,,,,
,11,Y,33,1,1,1,11,11,11,NA,NA,NA,NA,NA,NA,NA,NA,NA,#DIV/0!,,#DIV/0!,,,,,,,,,
,11,Y,34,1,1,0,5,11,,5,20,20,0,0,,0.944,NA,NA,0.001,,0.944,,,,,,,,,
,11,Y,35,1,0,0,7,,,6,15,15,1,0,,0.926,1.04,NA,0.0465,,0.983,,,,,,,,,
,11,Y,36,1,0,0,10,,,17,12,12,5,x,,0.935,0.969,NA,0.027,,0.952,,,,,,,,,
,11,Y,37,0,0,0,,,,19,9,9,0,0,,0.902,0.98,0.846,0.008666666667,,0.9093333333,,,,,,,,,
,11,Y,38,0,0,0,,,,15,11,9,9,x,,1.063,0.997,0.978,0.027,,1.012666667,,,,,,,,,
,11,Y,39,1,1,1,11,11,11,NA,NA,NA,NA,NA,NA,NA,NA,NA,#DIV/0!,,#DIV/0!,,,,,,,,,
,11,Y,40,1,0,0,11,,,3,19,19,0,0,,0.995,0.798,NA,0.0135,,0.8965,,,,,,,,,
,11,Y,41,1,0,0,9,,,22,9,6,5,x,,0.992,0.861,NA,0.0095,,0.9265,,,,,,,,,
,11,Y,42,1,0,0,11,,,9,23,23,0,0,,1,0.934,NA,0.02533333333,,0.967,,,,,,,,,
,11,Y,43,1,0,0,6,,,14,24,24,22,x,,1.043,1.005,NA,0.046,,1.024,,,,,,,,,
,11,Y,44,0,0,0,,,,5,18,18,15,x,,0.981,1.104,0.981,0.05166666667,,1.022,,,,,,,,,
,11,Y,45,1,0,0,9,,,11,9,8,8,x,,1.014,1.086,NA,0.042,,1.05,,,,,,,,,
,11,Y,46,1,1,1,2,2,2,NA,NA,NA,NA,NA,NA,NA,NA,NA,#DIV/0!,,#DIV/0!,,,,,,,,,
,11,Y,47,1,0,0,7,,,7,9,9,0,0,,0.983,0.909,NA,0.0335,,0.946,,,,,,,,,
,11,Y,48,1,1,0,11,11,,7,18,18,0,0,,0.931,NA,NA,0.02433333333,,0.931,,,,,,,,,
,11,Y,49,1,0,0,3,,,11,9,9,0,0,,1.036,0.917,NA,0.021,,0.9765,,,,,,,,,
,11,Y,50,0,0,0,,,,5,23,23,0,0,,1.021,0.939,0.928,0.001333333333,,0.9626666667,,,,,,,,,
83,11,O,1,1,1,1,11,11,11,NA,NA,NA,NA,NA,NA,,,,#DIV/0!,,#DIV/0!,,,,,,,,,
,11,O,2,1,1,1,10,11,11,NA,NA,NA,NA,NA,NA,,,,#DIV/0!,,#DIV/0!,,,,,,,,,
,11,O,3,0,0,0,,,,9,8,8,0,0,,0.849,0.994,1.01,0.02866666667,,0.951,,,,,,,,,
,11,O,4,1,1,0,2,6,,8,9,9,0,0,,1.062,,,0.005,,1.062,,,,,,,,,
,11,O,5,0,0,0,,,,18,16,16,0,0,,0.926,0.907,0.974,0.005,,0.9356666667,,,,,,,,,
,11,O,6,1,0,0,11,,,7,11,11,11,x,,0.943,0.953,,0.03633333333,,0.948,,,,,,,,,
,11,O,7,1,0,0,11,,,18,13,11,11,x,,1.011,0.99,,0.0625,,1.0005,,,,,,,,,
,11,O,8,1,0,0,7,,,11,13,13,0,0,,1.078,0.923,,0.046,,1.0005,,,,,,,,,
,11,O,9,1,1,1,10,11,11,NA,NA,NA,NA,NA,NA,,,,#DIV/0!,,#DIV/0!,,,,,,,,,
,11,O,10,0,0,0,,,,18,6,6,5,x,,0.97,0.893,0.909,0.006,,0.924,,,,,,,,,
,11,O,11,1,0,0,11,,,5,9,9,0,0,,0.884,1.037,,0.07616666667,,0.9605,,,,,,,,,
,11,O,12,1,0,0,6,,,6,16,16,0,0,,1.008,1.121,,0.0315,,1.0645,,,,,,,,,
,11,O,13,1,0,0,11,,,8,15,15,15,x,,0.954,0.898,,0.05,,0.926,,,,,,,,,
,11,O,14,1,0,0,11,,,5,8,8,1,0,,0.872,0.969,,-0.0405,,0.9205,,,,,,,,,
,11,O,15,1,0,0,11,,,17,17,17,0,0,,0.939,0.934,,0.03383333333,,0.9365,,,,,,,,,
,11,O,16,1,0,0,10,,,9,11,11,0,0,,1.009,0.986,,0.049,,0.9975,,,,,,,,,
,11,O,17,1,0,0,11,,,4,13,13,13,x,,1.042,1.058,,0.051,,1.05,,,,,,,,,
,11,O,18,1,0,0,8,,,7,21,21,7,11,,1.02,1.022,,0.053,,1.021,,,,,,,,,
,11,O,19,1,1,0,11,11,,10,13,13,13,x,,0.984,,,-0.0003333333333,,0.984,,,,,,,,,
,11,O,20,0,0,0,,,,19,12,12,0,0,,1.009,0.863,0.905,-0.01566666667,,0.9256666667,,,,,,,,,
,11,O,21,1,1,0,10,11,,13,9,9,9,x,,1.06,,,0.092,,1.06,,,,,,,,,
,11,O,22,1,0,0,8,,,15,17,17,17,x,,1.06,0.701,,-0.0235,,0.8805,,,,,,,,,
,11,O,23,0,0,0,,,,20,11,8,8,x,,1.002,0.915,0.943,-0.004,,0.9533333333,,,,,,,,,
,11,O,24,1,1,0,11,11,,5,10,10,2,0,,1.02,,,0.09066666667,,1.02,,,,,,,,,
,11,O,25,1,1,0,11,11,,9,12,12,12,x,,0.862,,,-0.003,,0.862,,,,,,,,,
,11,O,26,1,1,1,11,11,11,NA,NA,NA,NA,NA,NA,,,,#DIV/0!,,#DIV/0!,,,,,,,,,
,11,O,27,1,1,1,11,11,11,NA,NA,NA,NA,NA,NA,,,,#DIV/0!,,#DIV/0!,,,,,,,,,
,11,O,28,1,1,1,2,2,2,NA,NA,NA,NA,NA,NA,,,,#DIV/0!,,#DIV/0!,,,,,,,,,
,11,O,29,1,1,1,10,11,11,NA,NA,NA,NA,NA,NA,,,,#DIV/0!,,#DIV/0!,,,,,,,,,found 5 dead snails
,11,O,30,1,1,1,10,10,11,NA,NA,NA,NA,NA,NA,,,,#DIV/0!,,#DIV/0!,,,,,,,,,
,11,O,31,1,0,0,4,,,7,5,5,2,0,,0.997,1.006,,0.047,,1.0015,,,,,,,,,
,11,O,32,0,0,0,,,,9,15,15,11,4,,0.921,0.95,1.019,0.0006666666667,,0.9633333333,,,,,,,,,
,11,O,33,1,0,0,7,,,5,15,15,14,x,,0.934,0.964,,0.0025,,0.949,,,,,,,,,
,11,O,34,1,0,0,8,,,11,20,20,1,0,,0.98,1.025,,0.0005,,1.0025,,,,,,,,,
,11,O,35,0,0,0,,,,18,15,15,15,x,,0.791,0.851,1.006,0.001,,0.8826666667,,,,,,,,,
,11,O,36,1,1,0,11,11,,2,0,0,NA,NA,0,0.888,,,-0.012,,0.888,,,,,,,,,
,11,O,37,1,1,1,11,11,11,NA,NA,NA,NA,NA,NA,,,,#DIV/0!,,#DIV/0!,,,,,,,,,
,11,O,38,0,0,0,,,,7,2,2,0,0,,1.019,0.961,0.963,0.023,,0.981,,,,,,,,,
,11,O,39,1,0,0,7,,,1,17,17,0,0,,1.105,0.916,,0.0005,,1.0105,,,,,,,,,
,11,O,40,1,0,0,6,,,8,8,8,8,x,,0.949,1.069,,0.008,,1.009,,,,,,,,,
,11,O,41,1,1,1,11,11,11,NA,NA,NA,NA,NA,NA,,,,#DIV/0!,,#DIV/0!,,,,,,,,,
,11,O,42,1,1,0,5,11,,3,8,8,4,0,,1.04,,,0.006,,1.04,,,,,,,,,
,11,O,43,1,0,0,10,,,8,11,7,7,x,,1.058,0.97,,0.0055,,1.014,,,,,,,,,
,11,O,44,1,1,1,10,10,11,NA,NA,NA,NA,NA,NA,,,,#DIV/0!,,#DIV/0!,,,,,,,,,
,11,O,45,0,0,0,,,,9,10,10,0,0,,0.954,0.98,1.025,0.049,,0.9863333333,,,,,,,,,
,11,O,46,0,0,0,,,,8,15,15,0,0,,0.905,1.002,0.886,0.034,,0.931,,,,,,,,,
,11,O,47,1,0,0,11,,,5,15,15,0,0,,0.929,0.894,,-0.002833333333,,0.9115,,,,,,,,,
,11,O,48,0,0,0,,,,6,10,10,1,0,,0.892,0.979,0.847,-0.01433333333,,0.906,,,,,,,,,
,11,O,49,0,0,0,,,,7,8,8,0,0,,0.906,0.908,0.955,0.0003333333333,,0.923,,,,,,,,,
,11,O,50,1,0,0,10,,,5,14,14,0,0,,0.989,0.928,,0.0255,,0.9585,,,,,,,,,
101,11,W-1,1,0,0,0,,,,16,15,15,6,0,,0.981,0.982,0.885,0,,,,,,,,,,,
,11,W-1,2,1,0,0,6,,,8,16,16,0,0,,0.926,0.939,NA,0,,,,,,,,,,,
,11,W-1,3,1,1,0,6,11,,5,3,3,0,0,,0.932,NA,NA,0,,,,,,,,,,,
,11,W-1,4,1,0,0,6,,,5,16,16,0,0,,1.029,1.033,NA,0,,,,,,,,,,,"unknown, accedentally tossed the plastic before scooping eggs"
,11,W-1,5,1,0,0,11,,,9,12,12,0,0,,0.866,0.948,NA,0,,,,,,,,,,,
,11,W-1,6,1,0,0,4,,,8,18,18,0,0,,0.953,1.036,NA,0,,,,,,,,,,,
,11,W-1,7,1,0,0,11,,,7,11,11,0,0,,0.91,0.774,NA,0,,,,,,,,,,,
,11,W-1,8,1,0,0,8,,,2,18,18,0,0,,0.969,0.945,NA,0,,,,,,,,,,,
,11,W-1,9,1,0,0,11,,,3,13,13,0,0,,0.908,0.974,NA,0,,,,,,,,,,,
,11,W-1,10,1,1,1,11,11,11,NA,NA,NA,NA,NA,NA,NA,NA,NA,0,,,,,,,,,,,
,11,W-1,11,1,0,0,7,,,6,14,14,0,0,,0.949,0.999,NA,0,,,,,,,,,,,
,11,W-1,12,1,0,0,9,,,5,10,10,0,0,,0.895,0.87,NA,0,,,,,,,,,,,
,11,W-1,13,0,0,0,,,,12,22,22,22,x,,0.931,0.999,0.951,0,,,,,,,,,,,
,11,W-1,14,0,0,0,,,,9,12,12,0,0,,0.92,0.937,0.853,0,,,,,,,,,,,
,11,W-1,15,0,0,0,,,,6,10,10,1,0,,1.008,0.902,0.96,0,,,,,,,,,,,
,11,W-1,16,1,1,0,11,11,,1,12,12,8,x,,0.963,NA,NA,0,,,,,,,,,,,
,11,W-1,17,1,0,0,7,,,3,16,16,0,0,,0.967,0.997,NA,0,,,,,,,,,,,
,11,W-1,18,1,1,1,11,11,11,NA,NA,NA,NA,NA,NA,NA,NA,NA,0,,,,,,,,,,,
,11,W-1,19,1,1,0,5,11,,3,16,16,0,0,,1.014,,NA,0,,,,,,,,,,,
,11,W-1,20,1,0,0,5,,,3,20,20,0,0,,1.01,1.013,NA,0,,,,,,,,,,,
,11,W-1,21,1,1,1,3,3,11,NA,NA,NA,NA,NA,NA,NA,NA,NA,0,,,,,,,,,,,
,11,W-1,22,1,0,0,9,,,4,12,12,0,0,,0.945,1,NA,0,,,,,,,,,,,
,11,W-1,23,1,1,0,8,9,,3,17,17,0,0,,1.067,NA,NA,0,,,,,,,,,,,
,11,W-1,24,1,1,0,6,7,,3,8,8,0,0,,1.067,NA,NA,0,,,,,,,,,,,
,11,W-1,25,1,1,0,6,11,,1,0,0,NA,NA,NA,0.936,NA,NA,0,,,,,,,,,,,
,11,W-1,26,1,1,0,5,11,,2,0,0,NA,NA,NA,0.959,NA,NA,0,,,,,,,,,,,
,11,W-1,27,0,0,0,,,,10,17,17,0,0,,0.941,0.938,0.919,0,,,,,,,,,,,
,11,W-1,28,1,0,0,11,,,4,9,9,0,0,,0.869,1.064,NA,0,,,,,,,,,,,
,11,W-1,29,1,0,0,11,,,2,16,16,0,0,,0.905,1.009,NA,0,,,,,,,,,,,may be missing one snail in W11
,11,W-3,1,1,0,0,8,,,5,14,14,0,0,,0.955,0.913,NA,0,,,,,,,,,,,
,11,W-3,2,1,0,0,3,,,8,18,18,0,0,,0.907,0.93,NA,0,,,,,,,,,,,
,11,W-3,3,1,0,0,11,,,4,6,6,0,0,,0.979,0.96,NA,0,,,,,,,,,,,
,11,W-3,4,0,0,0,,,,5,17,17,0,0,,0.91,0.944,0.952,0,,,,,,,,,,,
,11,W-3,5,1,1,0,6,7,,15,3,3,0,0,,1.081,NA,NA,0,,,,,,,,,,,
,11,W-3,6,0,0,0,,,,8,14,14,10,x,,0.953,0.944,0.941,0,,,,,,,,,,,
,11,W-3,7,1,0,0,7,,,4,4,4,0,0,,0.92,0.771,NA,0,,,,,,,,,,,
,11,W-3,8,1,1,0,11,11,,1,16,16,0,0,,0.996,NA,NA,0,,,,,,,,,,,
,11,W-3,9,1,0,0,9,,,9,17,17,0,0,,0.957,0.954,NA,0,,,,,,,,,,,
,11,W-3,10,1,1,0,6,11,,5,12,12,0,0,,0.981,,NA,0,,,,,,,,,,,
,11,W-3,11,1,1,1,11,11,11,NA,NA,NA,NA,NA,NA,NA,NA,NA,0,,,,,,,,,,,
,11,W-3,12,1,1,1,11,11,11,NA,NA,NA,NA,NA,NA,NA,NA,NA,0,,,,,,,,,,,
,11,W-3,13,1,0,0,7,,,3,18,18,0,0,,0.98,1.012,NA,0,,,,,,,,,,,
,11,W-3,14,0,0,0,,,,15,16,16,0,0,,0.985,0.892,0.905,0,,,,,,,,,,,
,11,W-3,15,1,0,0,5,,,6,11,11,0,0,,0.952,0.896,NA,0,,,,,,,,,,,
,11,W-3,16,1,0,0,9,,,3,11,11,0,0,,0.899,1.012,NA,0,,,,,,,,,,,
,11,W-3,17,0,0,0,,,,18,19,19,19,x,,0.945,0.93,0.94,0,,,,,,,,,,,
,11,W-3,18,0,0,0,,,,5,22,22,0,x,,1.045,0.96,0.922,0,,,,,,,,,,,
,11,W-3,19,1,0,0,11,,,2,16,16,0,0,,0.935,0.983,NA,0,,,,,,,,,,,
,11,W-3,20,0,0,0,,,,13,8,8,0,0,,0.909,1.034,0.811,0,,,,,,,,,,,
,11,W-3,21,1,1,0,5,8,,5,16,16,14,x,,1.131,NA,NA,0,,,,,,,,,,,
,11,W-3,22,1,1,1,11,11,11,NA,NA,NA,NA,NA,NA,NA,NA,NA,0,,,,,,,,,,,
,11,W-3,23,1,1,1,11,11,11,NA,NA,NA,NA,NA,NA,NA,NA,NA,0,,,,,,,,,,,
,11,W-3,24,1,0,0,5,,,15,14,14,5,0,,0.942,0.857,NA,0,,,,,,,,,,,
,11,W-3,25,1,0,0,6,,,11,19,19,0,0,,0.963,0.982,NA,0,,,,,,,,,,,
,11,W-3,26,1,1,0,11,11,,7,13,13,0,0,,0.987,NA,NA,0,,,,,,,,,,,
,11,W-3,27,0,0,0, ,,,14,21,21,0,0,,0.946,0.839,0.928,0,,,,,,,,,,,
,11,W-3,28,1,1,0,5,7,,3,15,15,0,0,,1.029,NA,NA,0,,,,,,,,,,,
,11,W-3,29,1,0,0,9,,,7,23,23,0,0,,1.007,0.862,NA,0,,,,,,,,,,,
75,12,G,1,1,0,0,5,,,9,15,15,0,0,,0.984,0.989,,0.0005,,0.9865,,,,,,,,,
,12,G,2,1,0,0,11,,,12,12,12,7,0,,0.991,0.904,,0.0045,,0.9475,,,,,,,,,
,12,G,3,1,1,0,6,8,,8,2,2,2,x,,0.985,,,0.007,,0.985,,,,,,,,,
,12,G,4,0,0,0,,,,12,17,17,0,2,,0.938,1.025,,0.0075,,0.9815,,,,,,,,,
,12,G,5,1,1,0,8,12,,1,15,15,0,3,,1.002,,,0.078,,1.002,,,,,,,,,
,12,G,6,1,0,0,6,,,6,4,4,0,0,,0.93,0.932,,-0.024,,0.931,,,,,,,,,
,12,G,7,1,1,0,10,11,,6,10,10,0,0,,0.874,,,-0.027,,0.874,,,,,,,,,
,12,G,8,1,1,0,9,11,,9,3,3,0,3,,0.993,,,0.026,,0.993,,,,,,,,,
,12,G,9,1,0,0,12,,,5,11,11,0,0,,0.994,0.974,,0.1076666667,,0.984,,,,,,,,,
,12,G,10,1,1,0,6,7,,10,10,10,1,0,,0.998,,,0.019,,0.998,,,,,,,,,
,12,G,11,1,0,0,12,,,10,12,12,0,0,,0.957,0.941,,0.0185,,0.949,,,,,,,,,
,12,G,12,1,1,0,6,11,,6,15,15,5,0,,0.963,,,0.029,,0.963,,,,,,,,,
,12,G,13,1,0,0,10,,,4,9,9,0,0,,1.006,0.934,,0.008,,0.97,,,,,,,,,
,12,G,14,1,1,0,11,12,,5,2,2,0,0,,1.132,,,0.1085,,1.132,,,,,,,,,dead body missing
,12,G,15,1,0,0,9,,,7,3,3,0,0,,0.928,0.939,,-0.006,,0.9335,,,,,,,,,
,12,G,16,1,0,0,6,,,6,2,2,0,0,,0.953,0.967,,-0.009,,0.96,,,,,,,,,
,12,G,17,1,0,0,11,,,17,14,14,14,x,,0.976,0.936,,0.0025,,0.956,,,,,,,,,
,12,G,18,0,0,0,,,,3,0,0,NA,NA,,1.02,0.889,0.999,0.002333333333,,0.9693333333,,,,,,,,,
,12,G,19,1,1,0,7,8,,6,10,5,1,1,,0.967,,,0,,0.967,,,,,,,,,
,12,G,20,1,0,0,9,,,8,12,5,4,x,,0.968,0.922,,0.0055,,0.945,,,,,,,,,
,12,G,21,1,0,0,11,,,11,13,13,12,x,,0.792,0.969,,0.0065,,0.8805,,,,,,,,,
,12,G,22,1,1,0,7,12,,1,0,0,NA,NA,,1.023,,,0.05,,1.023,,,,,,,,,
,12,G,23,0,0,0,,,,5,13,13,0,0,,0.862,0.959,1.015,-0.01366666667,,0.9453333333,,,,,,,,,
,12,G,24,1,1,0,7,10,,7,19,19,18,x,,0.993,,,0.012,,0.993,,,,,,,,,
,12,G,25,1,0,0,6,,,6,8,8,0,0,,0.95,0.922,,0.03066666667,,0.936,,,,,,,,,
,12,G,26,1,1,0,5,10,,9,1,1,0,0,,0.984,,,0.01,,0.984,,,,,,,,,
,12,G,27,1,0,0,11,,,6,11,11,0,0,,1.051,1.069,,0.0055,,1.06,,,,,,,,,
,12,G,28,1,0,0,9,,,8,7,7,2,0,,0.926,0.948,,0.0005,,0.937,,,,,,,,,
,12,G,29,1,1,1,11,11,11,NA,NA,NA,NA,NA,NA,,,,#DIV/0!,,#DIV/0!,,,,,,,,,
,12,G,30,0,0,0,,,,8,0,0,NA,NA,,0.947,0.887,0.961,-0.0003333333333,,0.9316666667,,,,,,,,,
,12,G,31,1,1,0,5,5,,6,11,11,11,x,,0.995,,,0.041,,0.995,,,,,,,,,
,12,G,32,1,1,0,6,12,,8,20,20,16,1,,1.059,,,0.0535,,1.059,,,,,,,,,
,12,G,33,0,0,0,,,,3,0,0,NA,NA,,0.992,0.954,0.916,0.01033333333,,0.954,,,,,,,,,
,12,G,34,1,1,0,4,12,,8,12,10,10,x,,1.025,,,0.0725,,1.025,,,,,,,,,
,12,G,35,1,0,0,9,,,15,13,13,0,1,,0.926,0.944,,-0.011,,0.935,,,,,,,,,
,12,G,36,1,1,0,6,6,,5,13,13,12,0,,1.018,,,0.053,,1.018,,,,,,,,,
,12,G,37,1,1,1,11,11,11,NA,NA,NA,NA,NA,NA,,,,#DIV/0!,,#DIV/0!,,,,,,,,,
,12,G,38,1,0,0,8,,,13,13,13,13,x,,0.929,0.888,,-0.029,,0.9085,,,,,,,,,
,12,G,39,1,0,0,4,,,9,13,13,11,x,,0.96,1.055,,0.0175,,1.0075,1,1,,1,1,,,,
,12,G,40,1,1,0,11,11,,5,0,0,NA,NA,,0.988,,,0.014,,0.988,,,,,,,,,
,12,G,41,1,0,0,6,,,6,11,11,2,0,,1.008,0.882,,0.031,,0.945,,,,,,,,,
,12,G,42,1,1,1,11,11,11,NA,NA,NA,NA,NA,,,,,#DIV/0!,,#DIV/0!,,,,,,,,,
,12,G,43,1,1,0,11,11,,10,11,11,11,x,,1.002,,,0.03,,1.002,,,,,,,,,
,12,G,44,0,0,0,,,,8,20,20,0,0,,1.006,0.993,1.004,-0.012,,1.001,,,,,,,,,
,12,G,45,1,1,0,3,11,,8,13,13,13,x,,0.981,,,-0.01,,0.981,,,,,,,,,
,12,G,46,1,1,1,9,11,11,NA,NA,NA,NA,NA,NA,,,,#DIV/0!,,#DIV/0!,,,,,,,,,
,12,G,47,1,1,0,9,11,,8,10,9,5,2,,0.91,,,-0.021,,0.91,,,,,,,,,
,12,G,48,1,1,1,11,11,11,NA,NA,NA,NA,NA,NA,,,,#DIV/0!,,#DIV/0!,,,,,,,,,
,12,G,49,1,0,0,9,,,6,16,16,16,x,,0.981,1.036,,0.0205,,1.0085,,,,,,,,,
,12,G,50,1,1,1,10,11,11,NA,NA,NA,NA,NA,NA,,,,#DIV/0!,,#DIV/0!,,,,,,,,,
94,12,Y,1,1,1,0,6,11,,8,12,12,11,1,,0.921,NA,NA,0.037,,0.921,,,,,,,,,
,12,Y,2,1,0,0,6,,,7,14,14,0,0,,0.952,1.091,NA,0.008,,1.0215,,,,,,,,,
,12,Y,3,1,1,1,11,11,11,NA,NA,NA,NA,NA,,NA,NA,NA,#DIV/0!,,#DIV/0!,,,,,,,,,
,12,Y,4,0,0,0,,,,11,10,10,0,0,,0.998,1.03,0.983,0.022,,1.003666667,,,,,,,,,
,12,Y,5,1,0,0,5,,,6,15,15,0,0,,0.986,0.997,NA,0.011,,0.9915,,,,,,,,,
,12,Y,6,1,0,0,9,,,6,0,0,NA,NA,,0.997,0.94,NA,0.006,,0.9685,,,,,,,,,
,12,Y,7,1,0,0,10,,,17,16,16,16,x,,1.06,0.93,NA,0.0075,,0.995,,,,,,,,,
,12,Y,8,1,0,0,6,,,5,20,20,16,3,,1.022,0.834,NA,0.0015,,0.928,,,,,,,,,
,12,Y,9,1,1,0,11,11,,22,14,14,14,x,,1.035,NA,NA,0.079,,1.035,,,,,,,,,
,12,Y,10,1,1,0,11,11,,4,18,18,0,0,,1.035,NA,NA,0.022,,1.035,,,,,,,,,
,12,Y,11,1,0,0,5,,,7,11,11,10,1,,0.905,0.985,NA,0.021,,0.945,,,,,,,,,
,12,Y,12,1,0,0,8,,,12,18,18,17,x,,0.939,1.14,NA,0.005,,1.0395,,,,,,,,,
,12,Y,13,0,0,0,,,,8,19,19,0,0,,0.96,1.053,0.996,0.0003333333333,,1.003,,,,,,,,,
,12,Y,14,0,0,0,,,,11,11,11,0,0,,0.919,1.031,0.883,0,,0.9443333333,,,,,,,,1,
,12,Y,15,0,0,0,,,,5,6,6,0,0,,0.964,1,0.801,0.017,,0.9216666667,,,,,,,,,
,12,Y,16,1,0,0,5,,,13,9,9,8,x,,1.014,0.904,NA,0.0045,,0.959,,,,,,,,,
,12,Y,17,0,0,0,,,,11,18,18,0,0,,0.946,1.023,0.903,0.008333333333,,0.9573333333,,,,,,,,,
,12,Y,18,1,0,0,11,,,19,9,9,9,x,,0.855,1.04,NA,0.017,,0.9475,,,,,,,,,
,12,Y,19,1,0,0,5,,,12,18,18,0,0,,1,1,NA,0.0175,,1.023,,,,,,,,,
,12,Y,20,0,0,0,,,,12,11,11,0,0,,0.871,0.969,0.872,0,,0.904,,,,,,,,,
,12,Y,21,1,1,0,8,8,,9,20,14,14,x,,1.059,NA,NA,0.005,,1.059,,,,,,,,,
,12,Y,22,0,0,0,,,,7,11,11,0,0,,0.954,0.961,0.921,0.004333333333,,0.9453333333,,,,,,,,,
,12,Y,23,1,1,0,6,7,,12,14,14,13,2,,1.083,NA,NA,0.02,,1.083,,,,,,,,,
,12,Y,24,0,0,0,,,,12,16,16,5,0,,0.882,0.982,0.928,0.038,,0.9306666667,,,,,,,,,
,12,Y,25,1,0,0,5,,,10,13,13,0,0,,0.985,1.026,NA,0.0135,,1.0055,,,,,,,,,
,12,Y,26,1,1,1,11,11,11,NA,NA,NA,NA,NA,,NA,NA,NA,#DIV/0!,,#DIV/0!,,,,,,,,,
,12,Y,27,1,1,0,11,11,,5,9,9,9,x,,1,NA,NA,0.03,,1,,,,,,,,,
,12,Y,28,1,0,0,11,,,15,17,17,17,x,,1.01,0.976,NA,-0.003,,0.993,,,,,,,,,
,12,Y,29,1,0,0,10,,,8,15,15,0,0,,1.014,1.023,NA,0.0045,,1.0185,,,,,,,,,
,12,Y,30,1,0,0,9,,,5,15,15,0,0,,1.039,0.945,NA,-0.0435,,0.992,,,,,,,,,
,12,Y,31,1,0,0,9,,,6,9,9,0,0,,0.972,0.995,NA,0.0025,,0.9835,,,,,,,,,
,12,Y,32,1,0,0,8,,,14,15,15,16,x,,0.978,1.027,NA,0.005,,1.0025,,,,,,,,,
,12,Y,33,1,1,1,11,11,11,NA,NA,NA,NA,NA,,NA,NA,NA,#DIV/0!,,#DIV/0!,,,,,,,,,
,12,Y,34,1,1,0,5,11,,10,15,13,11,x,,0.941,NA,NA,-0.003,,0.941,,,,,,,,,
,12,Y,35,1,0,0,7,,,14,10,10,0,0,,1.022,0.92,NA,-0.012,,0.971,,,,,,,,,
,12,Y,36,1,0,0,10,,,24,8,8,3,0,,0.912,0.986,NA,-0.003,,0.949,,,,,,,,,
,12,Y,37,0,0,0,,,,5,13,13,0,0,,0.907,0.839,0.975,-0.002333333333,,0.907,,,,,,,,,
,12,Y,38,0,0,0,,,,6,5,5,5,x,,0.992,1.047,1.001,0.0006666666667,,1.013333333,,,,,,,,,
,12,Y,39,1,1,1,11,11,11,NA,NA,NA,NA,NA,,NA,NA,NA,#DIV/0!,,#DIV/0!,,,,,,,,,
,12,Y,40,1,0,0,11,,,12,11,8,8,x,,0.952,0.775,NA,-0.033,,0.8635,,,,,,,,,
,12,Y,41,1,0,0,9,,,9,8,8,4,x,,0.872,0.994,NA,0.0065,,0.933,,,,,,,,,
,12,Y,42,1,0,0,11,,,9,15,15,0,0,,0.933,1.012,NA,0.0055,,0.9725,,,,,,,,,
,12,Y,43,1,0,0,6,,,15,13,13,4,x,,1.049,1.036,NA,0.0185,,1.0425,,,,,,,,,
,12,Y,44,0,0,0,,,,8,12,12,0,0,,1.087,0.968,0.984,-0.009,,1.013,,,,,,,,,
,12,Y,45,1,0,0,9,,,8,11,11,0,9,,1.051,1.059,NA,0.005,,1.055,,,,,,,,,
,12,Y,46,1,1,1,2,2,2,NA,NA,NA,NA,NA,,NA,NA,NA,#DIV/0!,,#DIV/0!,,,,,,,,,
,12,Y,47,1,0,0,7,,,8,9,9,0,0,,0.979,0.927,NA,0.007,,0.953,,,,,,,,,
,12,Y,48,1,1,0,11,11,,7,12,12,0,0,,0.946,NA,NA,0.015,,0.946,,,,,,,,,
,12,Y,49,1,0,0,3,,,17,20,17,13,x,,0.921,1.052,NA,0.01,,0.9865,,,,,,,,,
,12,Y,50,0,0,0,,,,12,14,14,0,0,,1.035,0.933,0.964,0.01466666667,,0.9773333333,,,,,,,,,
78,12,O,1,1,1,1,11,11,11,NA,NA,NA,NA,NA,NA,,,,#DIV/0!,,#DIV/0!,,,,,,,,,
,12,O,2,1,1,1,10,11,11,NA,NA,NA,NA,NA,NA,,,,#DIV/0!,,#DIV/0!,,,,,,,,,
,12,O,3,0,0,0,,,,13,13,13,10,1,,1.03,0.863,0.986,0.008666666667,,0.9596666667,,,,,,,,,
,12,O,4,1,1,0,2,6,,6,5,5,1,0,,1.073,,,0.011,,1.073,,,,,,,,,
,12,O,5,0,0,0,,,,27,17,17,14,0,,0.954,0.929,0.982,0.01933333333,,0.955,,,,,,,,,
,12,O,6,1,0,0,11,,,20,20,20,15,x,,1.019,0.952,,0.0375,,0.9855,,,,,,,,,
,12,O,7,1,0,0,11,,,12,14,14,9,0,,1.024,1.025,,0.024,,1.0245,,,,,,,,,
,12,O,8,1,0,0,7,,,24,10,10,10,x,,1.092,0.931,,0.011,,1.0115,,,,,,,,,
,12,O,9,1,1,1,10,11,11,NA,NA,NA,NA,NA,NA,,,,#DIV/0!,,#DIV/0!,,,,,,,,,
,12,O,10,1,0,0,12,,,23,21,21,0,0,,0.979,0.92,,0.0255,,0.9495,,,,,,,,,
,12,O,11,1,0,0,11,,,11,14,14,14,x,,1.028,0.896,,0.0015,,0.962,,,,,,,,,
,12,O,12,1,0,0,6,,,6,13,13,0,0,,0.987,1.145,,0.0015,,1.066,,,,,,,,,
,12,O,13,1,0,0,11,,,15,16,14,14,x,,0.982,0.883,,0.0065,,0.9325,,,,,,,,,
,12,O,14,1,0,0,11,,,13,14,13,13,x,,0.885,0.979,,0.0115,,0.932,,,,,,,,,
,12,O,15,1,0,0,11,,,18,10,10,10,x,,1.01,0.941,,0.039,,0.9755,,,,,,,,,
,12,O,16,1,0,0,10,,,8,5,5,5,x,,1.029,1.029,,0.0315,,1.029,,,,,,,,,
,12,O,17,1,0,0,11,,,10,16,16,14,x,,1.06,1.046,,0.003,,1.053,,,,,,,,,
,12,O,18,1,0,0,8,,,18,14,14,14,x,,1.018,1.026,,0.001,,1.022,,,,,,,,,
,12,O,19,1,1,0,11,11,,11,13,13,13,x,,0.996,,,0.012,,0.996,,,,,,,,,
,12,O,20,0,0,0,,,,25,19,19,2,0,,1.018,0.885,0.929,0.01833333333,,0.944,,,,,,,,,
,12,O,21,1,1,0,10,11,,10,3,3,3,x,,1.088,,,0.028,,1.088,,,,,,,,,
,12,O,22,1,1,0,8,12,,9,10,10,10,x,,1.047,,,0.1665,,1.047,,,,,,,,,
,12,O,23,0,0,0,,,,20,14,11,11,x,,1.02,0.905,0.936,0.0003333333333,,0.9536666667,,,,,,,,,
,12,O,24,1,1,0,11,11,,11,15,8,8,x,,1.03,,,0.01,,1.03,,,,,,,,,
,12,O,25,1,1,0,11,11,,11,11,4,4,x,,0.864,,,0.002,,0.864,,,,,,,,,
,12,O,26,1,1,1,11,11,11,NA,NA,NA,NA,NA,NA,,,,#DIV/0!,,#DIV/0!,,,,,,,,,
,12,O,27,1,1,1,11,11,11,NA,NA,NA,NA,NA,NA,,,,#DIV/0!,,#DIV/0!,,,,,,,,,
,12,O,28,1,1,1,2,2,2,NA,NA,NA,NA,NA,NA,,,,#DIV/0!,,#DIV/0!,,,,,,,,,
,12,O,29,1,1,1,10,11,11,NA,NA,NA,NA,NA,NA,,,,#DIV/0!,,#DIV/0!,,,,,,,,,found 5 dead snails
,12,O,30,1,1,1,10,10,11,NA,NA,NA,NA,NA,NA,,,,#DIV/0!,,#DIV/0!,,,,,,,,,
,12,O,31,1,0,0,4,,,14,8,6,1,0,,0.999,0.985,,-0.0095,,0.992,,,,,,,,,
,12,O,32,0,0,0,,,,12,12,12,11,x,,0.964,0.943,1.053,0.02333333333,,0.9866666667,,,,,,,,,
,12,O,33,1,1,0,7,12,,11,12,12,8,x,,0.97,,,0.021,,0.97,,,,,,,,,
,12,O,34,1,0,0,8,,,7,14,14,13,x,,0.999,1.015,,0.0045,,1.007,,,,,,,,,
,12,O,35,0,0,0,,,,12,14,14,0,0,,1.022,0.802,0.839,0.005,,0.8876666667,,,,,,,,,
,12,O,36,1,1,0,11,11,,6,11,10,NA,NA,0,0.919,,,0.031,,0.919,,,,,,,,,
,12,O,37,1,1,1,11,11,11,NA,NA,NA,NA,NA,NA,,,,#DIV/0!,,#DIV/0!,,,,,,,,,
,12,O,38,0,0,0,,,,10,14,14,9,0,,0.996,0.975,1.049,0.02566666667,,1.006666667,,,,,,,,,
,12,O,39,1,1,0,7,12,,6,11,11,11,x,,1.12,,,0.1095,,1.12,,,,,,,,,
,12,O,40,1,1,0,6,12,,4,9,9,0,0,,0.945,,,-0.064,,0.945,,,,,,,,,
,12,O,41,1,1,1,11,11,11,NA,NA,NA,NA,NA,NA,,,,#DIV/0!,,#DIV/0!,,,,,,,,,
,12,O,42,1,1,0,5,11,,12,11,11,9,0,,1.044,,,0.004,,1.044,,,,,,,,,
,12,O,43,1,0,0,10,,,12,17,17,17,x,,1.096,1,,0.034,,1.048,,,,,,,,,
,12,O,44,1,1,1,10,10,11,NA,NA,NA,NA,NA,NA,,,,#DIV/0!,,#DIV/0!,,,,,,,,,
,12,O,45,0,0,0,,,,20,16,16,4,8,,0.975,1.048,1.008,0.024,,1.010333333,,,,,,,,,
,12,O,46,0,0,0,,,,10,13,13,0,0,,0.948,0.876,1.008,0.013,,0.944,,,,,,,,,
,12,O,47,1,0,0,11,,,11,12,12,12,x,,0.954,0.887,,0.009,,0.9205,,,,,,,,,
,12,O,48,0,0,0,,,,7,1,1,0,0,,0.98,0.872,0.898,0.01066666667,,0.9166666667,,,,,,,,,
,12,O,49,0,0,0,,,,11,13,13,4,x,,0.961,0.907,0.908,0.002333333333,,0.9253333333,,,,,,,,,
,12,O,50,1,0,0,10,,,24,13,13,13,x,,1.012,0.935,,0.015,,0.9735,,,,,,,,,
98,12,W-1,1,1,0,0,12,,,5,10,10,0,0,,1.007,1.015,NA,,,,,,,,,,,,
,12,W-1,2,1,0,0,6,,,6,14,14,6,0,,0.937,0.953,NA,,,,,,,,,,,,
,12,W-1,3,1,1,0,6,11,,5,5,5,0,0,,0.916,NA,NA,,,,,,,,,,,,
,12,W-1,4,1,0,0,6,,,6,11,11,0,0,,1.057,1.052,NA,,,,,,,,,,,,"unknown, accedentally tossed the plastic before scooping eggs"
,12,W-1,5,1,0,0,11,,,20,12,12,10,0,,0.975,0.867,NA,,,,,,,,,,,,
,12,W-1,6,1,0,0,4,,,10,14,14,6,5,,0.944,1.06,NA,,,,,,,,,,,,
,12,W-1,7,1,1,0,11,12,,3,1,1,2,0,,0.987,NA,NA,,,,,,,,,,,,
,12,W-1,8,1,0,0,8,,,16,13,12,0,0,,0.996,0.952,NA,,,,,,,,,,,,
,12,W-1,9,1,0,0,11,,,7,13,13,13,x,,1.044,0.886,NA,,,,,,,,,,,,
,12,W-1,10,1,1,1,11,11,11,NA,NA,NA,NA,NA,,NA,NA,NA,,,,,,,,,,,,
,12,W-1,11,1,0,0,7,,,17,10,10,0,1,,0.978,0.999,NA,,,,,,,,,,,,
,12,W-1,12,1,0,0,9,,,23,11,11,11,x,,0.872,0.896,NA,,,,,,,,,,,,
,12,W-1,13,0,0,0,,,,17,16,16,0,0,,0.949,1.008,0.906,,,,,,,,,,,,
,12,W-1,14,0,0,0,,,,8,15,15,3,0,,0.878,0.846,0.973,,,,,,,,,,,,
,12,W-1,15,0,0,0,,,,6,4,4,0,4,,0.948,1.011,0.904,,,,,,,,,,,,
,12,W-1,16,1,1,0,11,11,,4,19,19,0,0,,0.963,,NA,,,,,,,,,,,,
,12,W-1,17,1,0,0,7,,,11,17,17,0,0,,1.023,0.962,NA,,,,,,,,,,,,
,12,W-1,18,1,1,1,11,11,11,NA,NA,NA,NA,NA,,NA,NA,NA,,,,,,,,,,,,
,12,W-1,19,1,1,0,5,11,,13,18,18,0,x,,1.053,NA,NA,,,,,,,,,,,,
,12,W-1,20,1,0,0,5,,,8,15,15,0,0,,1.041,1,NA,,,,,,,,,,,1,
,12,W-1,21,1,1,1,3,3,11,NA,NA,NA,NA,NA,,NA,NA,NA,,,,,,,,,,,,
,12,W-1,22,1,1,0,9,12,,10,10,10,0,0,,0.999,NA,NA,,,,,,,,,,,,
,12,W-1,23,1,1,0,8,9,,11,19,19,0,2,,1.069,NA,NA,,,,,,,,,,,,
,12,W-1,24,1,1,0,6,7,,11,11,11,0,0,,1.088,NA,NA,,,,,,,,,,,,
,12,W-1,25,1,1,0,6,11,,7,11,10,3,0,,0.912,NA,NA,,,,,,,,,,,,
,12,W-1,26,1,1,0,5,11,,7,15,15,0,0,,0.963,NA,NA,,,,,,,,,,,,
,12,W-1,27,0,0,0,,,,5,12,12,0,0,,0.933,0.965,0.969,,,,,,,,,,,,
,12,W-1,28,1,0,0,11,,,4,6,6,0,0,,1.122,0.873,NA,,,,,,,,,,,,
,12,W-1,29,1,0,0,11,,,13,12,12,5,4,,0.921,1.005,NA,,,,,,,,,,,,may be missing one snail in W11
,12,W-3,1,1,0,0,8,,,17,14,14,14,x,,0.924,0.935,NA,,,,,,,,,,,,
,12,W-3,2,1,0,0,3,,,13,15,15,0,0,,0.906,0.963,NA,,,,,,,,,,,,
,12,W-3,3,1,0,0,11,,,11,17,17,0,0,,1.023,0.983,NA,,,,,,,,,,,,
,12,W-3,4,0,0,0,,,,6,14,14,0,0,,0.895,0.976,0.939,,,,,,,,,,,,
,12,W-3,5,1,1,0,6,7,,9,0,0,NA,NA,,1.122,NA,NA,,,,,,,,,,,,
,12,W-3,6,0,0,0,,,,18,3,3,2,x,,1.005,0.976,0.923,,,,,,,,,,,,
,12,W-3,7,1,0,0,7,,,1,0,0,NA,NA,,1.013,NA,NA,,,,,,,,,,,,
,12,W-3,8,1,1,0,11,11,,9,9,9,9,x,,0.978,NA,NA,,,,,,,,,,,,
,12,W-3,9,1,0,0,9,,,11,14,14,0,0,,0.992,1.007,NA,,,,,,,,,,,,
,12,W-3,10,1,1,0,6,11,,7,13,13,0,0,,1.005,NA,NA,,,,,,,,,,,,
,12,W-3,11,1,1,1,11,11,11,NA,NA,NA,NA,NA,,NA,NA,NA,,,,,,,,,,,,
,12,W-3,12,1,1,1,11,11,11,NA,NA,NA,NA,NA,,NA,NA,NA,,,,,,,,,,,,
,12,W-3,13,1,0,0,7,,,9,15,15,0,0,,1.051,0.999,NA,,,,,,,,,,,,
,12,W-3,14,0,0,0,,,,6,17,17,2,6,,0.857,1.017,0.882,,,,,,,,,,,,
,12,W-3,15,1,0,0,5,,,15,13,13,3,6,,0.909,0.968,NA,,,,,,,,,,,,
,12,W-3,16,1,0,0,9,,,17,14,14,0,0,,0.917,1.012,NA,,,,,,,,,,,,
,12,W-3,17,0,0,0,,,,1,0,0,NA,NA,,0.962,0.935,0.958,,,,,,,,,,,,
,12,W-3,18,0,0,0,,,,3,12,12,0,0,,1.088,0.963,0.923,,,,,,,,,,,,
,12,W-3,19,1,0,0,11,,,3,18,18,0,0,,0.955,1.034,NA,,,,,,,,,,,,
,12,W-3,20,1,0,0,12,,,8,6,6,0,0,,0.918,1.055,NA,,,,,,,,,,,,
,12,W-3,21,1,1,0,5,8,,13,15,15,11,x,,1.134,NA,NA,,,,,,,,,,,,
,12,W-3,22,1,1,1,11,11,11,NA,NA,NA,NA,NA,,NA,NA,NA,,,,,,,,,,,,
,12,W-3,23,1,1,1,11,11,11,NA,NA,NA,NA,NA,,NA,NA,NA,,,,,,,,,,,,
,12,W-3,24,1,0,0,5,,,3,1,1,0,0,,0.901,0.958,NA,,,,,,,,,,,,
,12,W-3,25,1,0,0,6,,,8,14,14,0,0,,1.01,0.991,NA,,,,,,,,,,,,
,12,W-3,26,1,0,0,11,,,2,11,11,0,0,,1.007,0.852,NA,,,,,,,,,,,,
,12,W-3,27,0,0,0, ,,,20,16,16,3,0,,0.994,0.972,0.849,,,,,,,,,,,,
,12,W-3,28,1,1,0,5,7,,10,16,16,0,x,,1.066,NA,NA,,,,,,,,,,,,
,12,W-3,29,1,0,0,9,,,22,15,15,2,7,,1.032,0.898,NA,,,,,,,,,,,,
57,13,G,1,1,1,0,5,13,,3,12,12,6,0,,1.004,,,0.0175,,1.004,,,,,,,,,
,13,G,2,1,0,0,11,,,3,13,13,0,0,,0.926,1.015,,0.023,,0.9705,,,,,,,,,
,13,G,3,1,1,0,6,8,,3,0,0,NA,NA,NA,1.015,,,0.03,,1.015,,,,,,,,,
,13,G,4,1,1,1,13,13,13,7,17,17,8,x,,,,,#DIV/0!,,#DIV/0!,,,,,,,,,
,13,G,5,1,1,0,8,12,,9,12,12,3,0,,0.977,,,-0.025,,0.977,,,,,,,,,
,13,G,6,1,0,0,6,,,9,13,13,0,0,,0.966,0.974,,0.039,,0.97,,,,,,,,,
,13,G,7,1,1,1,10,11,13,NA,NA,NA,NA,NA,NA,,,,#DIV/0!,,#DIV/0!,,,,,,,,,
,13,G,8,1,1,0,9,11,,13,0,0,NA,NA,NA,1.012,,,0.019,,1.012,,,,,,,,,
,13,G,9,1,1,0,12,13,,7,15,15,0,0,,0.999,,,0.015,,0.999,,,,,,,,,
,13,G,10,1,1,1,6,7,13,NA,NA,NA,NA,NA,NA,,,,#DIV/0!,,#DIV/0!,,,,,,,,,
,13,G,11,1,0,0,12,,,3,7,7,0,0,,0.995,0.982,,0.0395,,0.9885,,,,,,,,,
,13,G,12,1,1,0,6,11,,6,17,17,0,0,,0.992,,,0.029,,0.992,,,,,,,,,
,13,G,13,1,1,0,10,13,,5,11,11,0,0,,1.014,,,0.044,,1.014,,,,,,,,,
,13,G,14,1,1,0,11,12,,4,15,15,0,3,,1.198,,,0.066,,1.198,,,,,,,,,dead body missing
,13,G,15,1,1,0,9,13,,3,0,0,NA,NA,NA,0.941,,,0.0075,,0.941,,,,,,,,,
,13,G,16,1,1,0,6,13,,1,0,0,NA,NA,NA,0.994,,,0.034,,0.994,,,,,,,,,
,13,G,17,1,0,0,11,,,7,11,11,0,0,,1,0.938,,0.013,,0.969,,,,,,,,,
,13,G,18,1,1,0,12,12,,1,15,15,0,0,,1.054,,,0.08466666667,,1.054,,,,,,,,,
,13,G,19,1,1,0,7,8,,3,0,0,NA,NA,NA,1.019,,,0.052,,1.019,,,,,,,,,
,13,G,20,1,0,0,9,,,2,11,11,3,1,,0.98,0.952,,0.021,,0.966,,,,,,,,,
,13,G,21,1,1,0,11,13,,1,11,8,12,x,,0.988,,,0.1075,,0.988,,,,,,,,,
,13,G,22,1,1,0,7,12,,8,12,12,10,1,,1.038,,,0.015,,1.038,,,,,,,,,
,13,G,23,0,0,0,,,,3,5,5,0,0,,0.994,0.986,0.866,0.003333333333,,0.9486666667,,,,,,,,,
,13,G,24,1,1,0,7,10,,3,18,18,0,15,,1.032,,,0.039,,1.032,,,,,,,,,
,13,G,25,1,0,0,6,,,4,6,6,0,0,,0.96,0.93,0.941,0.007666666667,,0.9436666667,,,,,,,,,
,13,G,26,1,1,0,5,10,,5,0,0,NA,NA,NA,0.975,,,-0.009,,0.975,,,,,,,,,
,13,G,27,1,1,0,11,13,,2,12,9,6,x,,1.084,,,0.024,,1.084,,,,,,,,,
,13,G,28,1,0,0,9,,,3,4,4,0,0,,0.976,0.975,,0.0385,,0.9755,,,,,,,,,
,13,G,29,1,1,1,11,11,11,NA,NA,NA,NA,NA,NA,,,,#DIV/0!,,#DIV/0!,,,,,,,,,
,13,G,30,0,0,0,,,,3,18,18,3,x,,0.951,0.89,0.932,-0.007333333333,,0.9243333333,,,,,,,,,
,13,G,31,1,1,0,5,5,,4,0,0,NA,NA,NA,1.035,,,0.04,,1.035,,,,,,,,,
,13,G,32,1,1,0,6,12,,8,15,15,0,1,,1.083,,,0.024,,1.083,,,,,,,,,
,13,G,33,1,1,0,13,13,,4,16,16,0,0,,1.013,,,0.059,,1.013,,,,,,,,,
,13,G,34,1,1,0,4,12,,4,4,4,0,0,,1.031,,,0.006,,1.031,,,,,,,,,
,13,G,35,1,0,0,9,,,6,10,10,0,0,,0.963,,,0.028,,0.963,,,,,,,,,
,13,G,36,1,1,0,6,6,,6,13,13,0,0,,0.998,,,-0.02,,0.998,,,,,,,,,
,13,G,37,1,1,1,11,11,11,NA,NA,NA,NA,NA,NA,,,,#DIV/0!,,#DIV/0!,,,,,,,,,
,13,G,38,1,0,0,8,,,2,7,7,0,0,,0.911,0.971,,0.0325,,0.941,,,,,,,,,
,13,G,39,1,0,0,4,,,2,5,5,0,0,,0.99,1.012,,-0.0065,,1.001,,,,,,,,,
,13,G,40,1,1,0,11,11,,9,10,10,0,0,,1.017,,,0.029,,1.017,,,,,,,,,
,13,G,41,1,1,0,6,12,,1,17,17,0,0,,1.046,,,0.101,,1.046,,,,,,,,,
,13,G,42,1,1,1,11,11,11,NA,NA,NA,NA,NA,NA,,,,#DIV/0!,,#DIV/0!,,,,,,,,,
,13,G,43,1,1,0,11,11,,9,16,15,12,2,,1.01,,,0.008,,1.01,,,,,,,,,
,13,G,44,1,0,0,13,,,7,17,17,0,0,,0.976,1.019,,-0.0035,,0.9975,,,,,,,,,
,13,G,45,1,1,0,3,11,,11,11,11,3,0,,1.013,,,0.032,,1.013,,,,,,,,,
,13,G,46,1,1,1,9,11,11,NA,NA,NA,NA,NA,NA,,,,#DIV/0!,,#DIV/0!,,,,,,,,,
,13,G,47,1,1,0,9,11,,5,12,12,0,0,,0.965,,,0.055,,0.965,,,,,,,,,
,13,G,48,1,1,1,11,11,11,NA,NA,NA,NA,NA,NA,,,,#DIV/0!,,#DIV/0!,,,,,,,,,
,13,G,49,1,0,0,9,,,5,11,11,9,x,,0.98,1.051,,0.007,,1.0155,,,,,,,,,
,13,G,50,1,1,1,10,11,11,NA,NA,NA,NA,NA,NA,,,,#DIV/0!,,#DIV/0!,,,,,,,,,
58,13,Y,1,1,1,0,6,11,,5,15,14,14,x,,0.946,NA,NA,0.025,,0.946,,,,,,,,,
,13,Y,2,1,1,0,6,13,,5,16,16,0,0,,1.146,NA,NA,0.1245,,1.146,,,,,,,,,
,13,Y,3,1,1,1,11,11,11,NA,NA,NA,NA,NA,NA,NA,NA,NA,#DIV/0!,,#DIV/0!,,,,,,,,,
,13,Y,4,1,1,1,13,13,13,3,4,4,0,0,,NA,NA,NA,#DIV/0!,,#DIV/0!,,,,,,,,,
,13,Y,5,1,0,0,5,,,4,15,15,0,0,,0.989,1.004,NA,0.005,,0.9965,,,,,,,,,
,13,Y,6,1,1,0,9,13,,3,0,0,NA,NA,NA,1.021,NA,NA,0.0525,,1.021,,,,,,,,,
,13,Y,7,1,0,0,10,,,4,6,6,0,0,,1.07,0.932,NA,0.006,,1.001,,,,,,,,,
,13,Y,8,1,0,0,6,,,9,12,12,0,0,,0.841,1.038,NA,0.0115,,0.9395,,,,,,,,,
,13,Y,9,1,1,0,11,11,,6,13,13,12,x,,1.006,NA,NA,-0.029,,1.006,,,,,,,,,
,13,Y,10,1,1,0,11,11,,7,13,13,11,0,,1.06,NA,NA,0.025,,1.06,,,,,,,,,
,13,Y,11,1,0,0,5,,,6,7,7,7,x,,1.011,0.893,NA,0.007,,0.952,,,,,,,,,
,13,Y,12,1,0,0,8,,,7,11,11,11,x,,1.157,0.932,NA,0.005,,1.0445,,,,,,,,,
,13,Y,13,0,0,0,,,,9,23,23,0,0,,1.075,0.963,1.014,0.01433333333,,1.017333333,,,,,,,,,
,13,Y,14,1,1,1,13,13,13,5,13,13,0,0,,NA,NA,NA,#DIV/0!,,#DIV/0!,,,,,,,,1,
,13,Y,15,1,1,0,13,13,,1,4,4,0,0,,0.966,NA,NA,0.04433333333,,0.966,,,,,,,,,
,13,Y,16,1,0,0,5,,,2,0,0,NA,NA,NA,0.911,1.015,NA,0.004,,0.963,,,,,,,,,
,13,Y,17,1,1,1,13,13,13,NA,NA,NA,NA,NA,NA,NA,NA,NA,#DIV/0!,,#DIV/0!,,,,,,,,,
,13,Y,18,1,0,0,11,,,1,14,14,0,0,,0.888,1.064,NA,0.0285,,0.976,,,,,,,,,
,13,Y,19,1,1,0,5,13,,6,0,0,NA,NA,NA,1.083,NA,NA,0.06,,1.083,,,,,,,,,
,13,Y,20,1,1,1,13,13,13,1,1,1,0,0,,NA,NA,NA,#DIV/0!,,#DIV/0!,,,,,,,,,
,13,Y,21,1,1,0,8,8,,6,15,15,0,0,,1.078,NA,NA,0.019,,1.078,,,,,,,,,
,13,Y,22,1,1,1,13,13,13,4,18,18,0,0,,NA,NA,NA,#DIV/0!,,#DIV/0!,,,,,,,,,
,13,Y,23,1,1,0,6,7,,6,16,16,0,0,,1.103,NA,NA,0.02,,1.103,,,,,,,,,
,13,Y,24,1,0,0,13,,,5,12,12,0,2,,0.978,0.946,NA,0.03133333333,,0.962,,,,,,,,,
,13,Y,25,1,1,0,5,13,,0,NA,NA,NA,NA,NA,0.992,NA,NA,-0.0135,,0.992,,,,,,,,,
,13,Y,26,1,1,1,11,11,11,NA,NA,NA,NA,NA,NA,NA,NA,NA,#DIV/0!,,#DIV/0!,,,,,,,,,
,13,Y,27,1,1,0,11,11,,7,13,13,12,x,,1.048,NA,NA,0.048,,1.048,,,,,,,,,
,13,Y,28,1,1,0,11,13,,0,0,0,NA,NA,NA,1.056,NA,NA,0.063,,1.056,,,,,,,,,
,13,Y,29,1,1,1,10,13,13,2,8,8,0,0,,NA,NA,NA,#DIV/0!,,#DIV/0!,,,,,,,,,
,13,Y,30,1,0,0,9,,,2,7,7,0,0,,1.023,1.053,NA,0.046,,1.038,,,,,,,,,
,13,Y,31,1,0,0,9,,,3,6,5,4,x,,1.033,0.996,NA,0.031,,1.0145,,,,,,,,,
,13,Y,32,1,0,0,8,,,5,10,10,10,x,,1.059,0.985,NA,0.0195,,1.022,,,,,,,,,
,13,Y,33,1,1,1,11,11,11,NA,NA,NA,NA,NA,NA,NA,NA,NA,#DIV/0!,,#DIV/0!,,,,,,,,,
,13,Y,34,1,1,0,5,11,,7,15,15,15,x,,0.969,NA,NA,0.028,,0.969,,,,,,,,,
,13,Y,35,1,0,0,7,,,8,14,14,0,0,,1.033,0.94,NA,0.0155,,0.9865,,,,,,,,,
,13,Y,36,1,0,0,10,,,9,8,8,0,0,,1.02,0.951,NA,0.0365,,0.9855,,,,,,,,,
,13,Y,37,1,1,1,13,13,13,5,11,11,0,0,,NA,NA,NA,#DIV/0!,,#DIV/0!,,,,,,,,,
,13,Y,38,1,1,1,13,13,13,4,6,6,0,0,,NA,NA,NA,#DIV/0!,,#DIV/0!,,,,,,,,,
,13,Y,39,1,1,1,11,11,11,NA,NA,NA,NA,NA,NA,NA,NA,NA,#DIV/0!,,#DIV/0!,,,,,,,,,
,13,Y,40,1,1,1,11,13,13,NA,NA,NA,NA,NA,NA,NA,NA,NA,#DIV/0!,,#DIV/0!,,,,,,,,,
,13,Y,41,1,0,0,9,,,6,8,8,0,0,,1.025,0.874,NA,0.0165,,0.9495,,,,,,,,,
,13,Y,42,1,0,0,11,,,3,10,10,3,x,,0.901,1.044,NA,0,,0.9725,,,,,,,,,
,13,Y,43,1,0,0,6,,,9,18,18,0,0,,1.042,1.104,NA,0.0305,,1.073,,,,,,,,,
,13,Y,44,1,0,0,13,,,1,0,0,NA,NA,NA,1.104,1.004,NA,0.041,,1.054,,,,,,,,,
,13,Y,45,1,0,0,9,,,2,10,4,8,x,,1.062,1.104,NA,0.028,,1.083,,,,,,,,,
,13,Y,46,1,1,1,2,2,2,NA,NA,NA,NA,NA,NA,NA,NA,NA,#DIV/0!,,#DIV/0!,,,,,,,,,
,13,Y,47,1,0,0,7,,,6,3,3,0,0,,0.947,0.99,NA,0.0155,,0.9685,,,,,,,,,
,13,Y,48,1,1,0,11,11,,10,12,12,12,x,,0.956,NA,NA,0.01,,0.956,,,,,,,,,
,13,Y,49,1,1,0,3,13,,3,0,0,NA,NA,NA,1.069,NA,NA,0.0825,,1.069,,,,,,,,,
,13,Y,50,1,0,0,13,,,4,5,5,5,x,,1.058,0.967,NA,0.03516666667,,1.0125,,,,,,,,,
57,13,O,1,1,1,1,11,11,11,NA,NA,NA,NA,NA,NA,,,,#DIV/0!,,#DIV/0!,,,,,,,,,
,13,O,2,1,1,1,10,11,11,NA,NA,NA,NA,NA,NA,,,,#DIV/0!,,#DIV/0!,,,,,,,,,
,13,O,3,1,1,1,13,13,13,3,1,0,NA,NA,NA,,,,#DIV/0!,,#DIV/0!,,,,,,,,,
,13,O,4,1,1,0,2,6,,6,7,7,5,0,,1.112,,,0.039,,1.112,,,,,,,,,
,13,O,5,0,0,0,,,,12,12,12,0,0,,0.986,0.958,0.948,0.017,,0.972,,,,,,,,,
,13,O,6,1,0,0,11,,,19,8,8,8,x,,0.983,0.97,,-0.009,,0.9765,,,,,,,,,
,13,O,7,1,1,1,11,13,13,6,13,13,0,0,,,,,#DIV/0!,,#DIV/0!,,,,,,,,,
,13,O,8,1,0,0,7,,,9,5,5,5,x,,1.099,0.925,,0.0005,,1.012,,,,,,,,,
,13,O,9,1,1,1,10,11,11,NA,NA,NA,NA,NA,NA,,,,#DIV/0!,,#DIV/0!,,,,,,,,,
,13,O,10,1,1,0,12,13,,9,12,12,12,x,,0.954,,,0.0045,,0.954,,,,,,,,,
,13,O,11,1,0,0,11,,,3,0,0,NA,NA,NA,1.041,0.895,,0.006,,0.968,,,,,,,,,
,13,O,12,1,1,0,6,13,,5,15,15,0,0,,1.166,,,0.1,,1.166,,,,,,,,,
,13,O,13,1,0,0,11,,,3,0,0,NA,NA,NA,0.936,0.999,,0.035,,0.9675,,,,,,,,,
,13,O,14,1,0,0,11,,,2,0,0,NA,NA,NA,0.987,0.886,,0.0045,,0.9365,,,,,,,,,
,13,O,15,1,1,0,11,13,,0,NA,NA,NA,NA,NA,1.001,,,0.0255,,1.001,,,,,,,,,
,13,O,16,1,1,0,10,13,,5,3,3,0,0,,0.97,,,-0.059,,0.97,,,,,,,,,
,13,O,17,1,0,0,11,,,10,12,12,12,x,,1.056,1.072,,0.011,,1.064,,,,,,,,,
,13,O,18,1,0,0,8,,,5,14,14,0,0,,1.013,1.045,,0.007,,1.029,,,,,,,,,
,13,O,19,1,1,0,11,11,,6,3,3,3,x,,0.983,,,-0.013,,0.983,,,,,,,,,
,13,O,20,1,1,0,13,13,,6,0,0,NA,NA,NA,1.045,,,0.101,,1.045,,,,,,,,,
,13,O,21,1,1,0,10,11,,7,2,2,0,0,,1.125,,,0.037,,1.125,,,,,,,,,
,13,O,22,1,1,1,8,12,13,6,2,1,1,x,,,,,#DIV/0!,,#DIV/0!,,,,,,,,,
,13,O,23,1,1,0,13,13,,3,10,10,0,0,,1.017,,,0.06333333333,,1.017,,,,,,,,,
,13,O,24,1,1,0,11,11,,5,1,1,0,0,,1.03,,,0,,1.03,,,,,,,,,
,13,O,25,1,1,0,11,11,,1,4,4,4,x,,0.877,,,0.013,,0.877,,,,,,,,,
,13,O,26,1,1,1,11,11,11,NA,NA,NA,NA,NA,NA,,,,#DIV/0!,,#DIV/0!,,,,,,,,,
,13,O,27,1,1,1,11,11,11,NA,NA,NA,NA,NA,NA,,,,#DIV/0!,,#DIV/0!,,,,,,,,,
,13,O,28,1,1,1,2,2,2,NA,NA,NA,NA,NA,NA,,,,#DIV/0!,,#DIV/0!,,,,,,,,,
,13,O,29,1,1,1,10,11,11,NA,NA,NA,NA,NA,NA,,,,#DIV/0!,,#DIV/0!,,,,,,,,,found 5 dead snails
,13,O,30,1,1,1,10,10,11,NA,NA,NA,NA,NA,NA,,,,#DIV/0!,,#DIV/0!,,,,,,,,,
,13,O,31,1,1,0,4,13,,0,NA,NA,NA,NA,NA,1.004,,,0.012,,1.004,,,,,,,,,
,13,O,32,0,0,0,,,,11,15,15,2,1,,0.985,0.987,1.052,0.02133333333,,1.008,,,,,,,,,
,13,O,33,1,1,0,7,12,,3,5,5,0,0,,0.995,,,0.025,,0.995,,,,,,,,,
,13,O,34,1,0,0,8,,,6,17,17,0,0,,1.03,1.032,,0.024,,1.031,,,,,,,,,
,13,O,35,1,1,0,13,13,,7,0,0,NA,NA,NA,1.039,,,0.1513333333,,1.039,,,,,,,,,dead body missing
,13,O,36,1,1,0,11,11,,4,4,0,NA,NA,NA,0.919,,,0,,0.919,,,,,,,,,
,13,O,37,1,1,1,11,11,11,NA,NA,NA,NA,NA,NA,,,,#DIV/0!,,#DIV/0!,,,,,,,,,
,13,O,38,1,0,0,13,,,3,9,9,0,0,,0.985,1.093,,0.03233333333,,1.039,,,,,,,,,
,13,O,39,1,1,1,7,12,13,7,3,3,2,0,,,,,#DIV/0!,,#DIV/0!,,,,,,,,,
,13,O,40,1,1,0,6,12,,2,0,0,NA,NA,NA,0.966,,,0.021,,0.966,,,,,,,,,
,13,O,41,1,1,1,11,11,11,NA,NA,NA,NA,NA,NA,,,,#DIV/0!,,#DIV/0!,,,,,,,,,
,13,O,42,1,1,0,5,11,,5,1,1,0,0,,1.064,,,0.02,,1.064,,,,,,,,,
,13,O,43,1,0,0,10,,,4,9,9,2,0,,0.992,1.107,,0.0015,,1.0495,,,,,,,,,
,13,O,44,1,1,1,10,10,11,NA,NA,NA,NA,NA,NA,,,,#DIV/0!,,#DIV/0!,,,,,,,,,
,13,O,45,0,0,0,,,,6,1,1,1,x,,1.068,0.992,0.988,0.005666666667,,1.016,,,,,,,,,
,13,O,46,1,0,0,13,,,6,14,14,0,0,,0.942,1.022,,0.038,,0.982,,,,,,,,,
,13,O,47,1,0,0,11,,,8,11,11,0,0,,0.972,0.894,,0.0125,,0.933,,,,,,,,,
,13,O,48,0,0,0,,,,9,7,7,6,x,,1,0.934,0.903,0.029,,0.9456666667,,,,,,,,,
,13,O,49,0,0,0,,,,8,10,10,0,0,,0.947,0.963,0.918,0.01733333333,,0.9426666667,,,,,,,,,
,13,O,50,1,1,0,10,13,,3,7,7,0,0,,1.026,,,0.0525,,1.026,,,,,,,,,
60,13,W-1,1,1,1,1,12,13,13,1,0,0,NA,NA,NA,NA,NA,NA,,,,,,,,,,,,
,13,W-1,2,1,0,0,6,,,3,4,4,3,x,,0.955,0.957,NA,,,,,,,,,,,,
,13,W-1,3,1,1,0,6,11,,0,NA,NA,NA,NA,NA,0.896,NA,NA,,,,,,,,,,,,
,13,W-1,4,1,0,0,6,,,3,5,5,0,0,,1.065,1.075,NA,,,,,,,,,,,,"unknown, accedentally tossed the plastic before scooping eggs"
,13,W-1,5,1,1,0,13,11,,0,NA,NA,NA,NA,NA,0.975,NA,NA,,,,,,,,,,,,
,13,W-1,6,1,0,0,4,,,4,8,8,0,0,,1.053,0.927,NA,,,,,,,,,,,,
,13,W-1,7,1,1,0,11,12,,6,0,0,NA,NA,NA,0.976,NA,NA,,,,,,,,,,,,
,13,W-1,8,1,1,1,8,13,13,1,6,6,0,0,,NA,NA,NA,,,,,,,,,,,,
,13,W-1,9,1,0,0,11,,,2,4,4,0,0,,0.876,1.017,NA,,,,,,,,,,,,
,13,W-1,10,1,1,1,11,11,11,NA,NA,NA,NA,NA,NA,NA,NA,NA,,,,,,,,,,,,
,13,W-1,11,1,1,0,7,13,,4,14,14,12,x,,1.016,NA,NA,,,,,,,,,,,,
,13,W-1,12,1,1,0,9,13,,1,0,0,NA,NA,NA,0.917,NA,NA,,,,,,,,,,,,
,13,W-1,13,1,0,0,13,,,4,8,8,8,x,,0.955,1.009,NA,,,,,,,,,,,,
,13,W-1,14,1,1,1,13,13,13,1,0,0,NA,NA,NA,NA,NA,NA,,,,,,,,,,,,
,13,W-1,15,1,1,1,13,13,13,2,0,0,NA,NA,NA,NA,NA,NA,,,,,,,,,,,,
,13,W-1,16,1,1,0,11,11,,3,4,4,3,x,,0.995,NA,NA,,,,,,,,,,,,
,13,W-1,17,1,0,0,7,,,7,6,6,0,0,,1.043,0.947,NA,,,,,,,,,,,,
,13,W-1,18,1,1,1,11,11,11,NA,NA,NA,NA,NA,NA,NA,NA,NA,,,,,,,,,,,,
,13,W-1,19,1,1,0,5,11,,8,18,18,18,x,,1.036,NA,NA,,,,,,,,,,,,
,13,W-1,20,1,1,0,5,13,,5,11,11,11,x,,1.026,NA,NA,,,,,,,,,,,1,
,13,W-1,21,1,1,1,3,3,11,NA,NA,NA,NA,NA,NA,NA,NA,NA,,,,,,,,,,,,
,13,W-1,22,1,1,0,9,12,,7,3,3,0,0,,1.054,NA,NA,,,,,,,,,,,,
,13,W-1,23,1,1,0,8,9,,5,0,0,NA,NA,NA,1.095,NA,NA,,,,,,,,,,,,
,13,W-1,24,1,1,0,6,7,,2,9,9,0,0,,1.106,NA,NA,,,,,,,,,,,,
,13,W-1,25,1,1,0,6,11,,3,6,6,1,0,,0.936,NA,NA,,,,,,,,,,,,
,13,W-1,26,1,1,0,5,11,,3,3,3,0,0,,0.965,NA,NA,,,,,,,,,,,,
,13,W-1,27,0,0,0,,,,2,11,11,0,0,,0.914,0.971,0.989,,,,,,,,,,,,
,13,W-1,28,1,1,0,11,13,,1,0,0,NA,NA,NA,1.143,NA,NA,,,,,,,,,,,,
,13,W-1,29,1,0,0,11,,,11,9,9,8,x,,0.99,0.906,NA,,,,,,,,,,,,may be missing one snail in W11
,13,W-3,1,1,1,0,8,13,,3,12,12,12,x,,0.959,NA,NA,,,,,,,,,,,,
,13,W-3,2,1,0,0,3,,,3,17,17,15,x,,0.924,0.973,NA,,,,,,,,,,,,
,13,W-3,3,1,0,0,11,,,0,NA,NA,NA,NA,NA,0.993,1.016,NA,,,,,,,,,,,,
,13,W-3,4,1,1,1,13,13,13,5,14,14,0,0,,NA,NA,NA,,,,,,,,,,,,
,13,W-3,5,1,1,0,6,7,,16,0,0,NA,NA,NA,1.155,NA,NA,,,,,,,,,,,,
,13,W-3,6,1,1,1,13,13,13,5,3,3,0,x,,NA,NA,NA,,,,,,,,,,,,
,13,W-3,7,1,1,0,7,13,,0,NA,NA,NA,NA,NA,1.013,NA,NA,,,,,,,,,,,,dead body not found
,13,W-3,8,1,1,0,11,11,,2,10,10,0,0,,0.994,NA,NA,,,,,,,,,,,,
,13,W-3,9,1,1,0,9,13,,6,8,7,8,x,,1.016,NA,NA,,,,,,,,,,,,
,13,W-3,10,1,1,0,6,11,,9,13,13,0,x,,1.003,NA,NA,,,,,,,,,,,,
,13,W-3,11,1,1,1,11,11,11,NA,NA,NA,NA,NA,NA,NA,NA,NA,,,,,,,,,,,,
,13,W-3,12,1,1,1,11,11,11,NA,NA,NA,NA,NA,NA,NA,NA,NA,,,,,,,,,,,,
,13,W-3,13,1,0,0,7,,,0,NA,NA,NA,NA,NA,1.071,1.002,NA,,,,,,,,,,,,
,13,W-3,14,0,0,0,,,,4,16,16,15,x,,0.91,0.909,1.029,,,,,,,,,,,,
,13,W-3,15,1,1,0,5,13,,2,17,17,0,0,,0.954,NA,NA,,,,,,,,,,,,
,13,W-3,16,1,1,0,9,13,,1,0,0,NA,NA,NA,0.913,NA,NA,,,,,,,,,,,,
,13,W-3,17,1,1,0,13,13,,2,6,6,0,0,,0.98,NA,NA,,,,,,,,,,,,
,13,W-3,18,1,1,1,13,13,13,2,7,2,2,x,,NA,NA,NA,,,,,,,,,,,,
,13,W-3,19,1,1,1,11,13,13,6,16,16,16,x,,NA,NA,NA,,,,,,,,,,,,
,13,W-3,20,1,1,1,12,13,13,1,0,0,NA,NA,NA,NA,NA,NA,,,,,,,,,,,,
,13,W-3,21,1,1,0,5,8,,5,8,8,7,x,,1.191,NA,NA,,,,,,,,,,,,
,13,W-3,22,1,1,1,11,11,11,NA,NA,NA,NA,NA,NA,NA,NA,NA,,,,,,,,,,,,
,13,W-3,23,1,1,1,11,11,11,NA,NA,NA,NA,NA,NA,NA,NA,NA,,,,,,,,,,,,
,13,W-3,24,1,0,0,5,,,3,19,19,0,0,,0.962,0.93,NA,,,,,,,,,,,,
,13,W-3,25,1,0,0,6,,,7,8,8,7,x,,1.027,0.995,NA,,,,,,,,,,,,
,13,W-3,26,1,0,0,11,,,8,6,6,0,0,,0.983,0.875,NA,,,,,,,,,,,,
,13,W-3,27,1,1,0,13,13,,2,5,5,0,0,,0.977,NA,NA,,,,,,,,,,,,
,13,W-3,28,1,1,0,5,7,,6,10,10,8,0,,1.128,NA,NA,,,,,,,,,,,,
,13,W-3,29,1,0,0,9,,,3,0,0,NA,NA,NA,1.039,0.908,NA,,,,,,,,,,,,