 ,,,,,,,,,,,Ao & Alina fill this: ,,,,,We each fill our own group,,,Alina's randomized 10 jars validation,,,,,,,Record if needed: ,,,,,,,,,,,,,,,
Definition:,,"(G,Y,O,W)",(1-75),"(1=death, 0 = live)",,,"(= the Week_num if death occured, 1,2,3 are the corresponding snail number)",,,,~10 eggs needed; take picures & labels,,,,(= (Hatching_egg_num - Unhatched_egg _num)/ Hatching_egg_num,Unit cm,,,,,,,Snail_avg Wn+1 - Snail_avg Wn,,,Human error notes:,,Ao's notes:,Current week snail#_previous week snail#,,,"0 or blank = identifiable, 1= UID",,,,"write ""1"" if orientation is wrong; otherwise, leave it blank",,,"write ""1"" if mating; otherwise, leave it blank",,
Variable: ,Week_num,Color,Jar_num,Adult_death_1,Adult_death_2,Adult_death_3,Week_of_death_1,Week_of_death_2,Week_of_death_3,Total_egg_mass_num,Enrolled_egg_num,Unhatched_egg_num,Hatch_check_1,Hatch_check_2,Hatch_success,Snail_length_1,Snail_length_2,Snail_length_3,Snail_length_1,Snail_length_2,Snail_length_3,Acceptable_flip,Snail_growth,Outlier_check,Snail_avg,Bleeding,Shell_damage,,snail_matching_1,snail_matching_2,snail_matching_3,Unidentifed_1,Unidentifed_2,Unidentifed_3,Comments,snail_orientation_1,snail_orientation_2,snail_orientation_3,snail_mating_1,snail_mating_2,snail_mating_3
,1,O,1,0,0,0,NA,NA,NA,0,,,,,,0.662,0.804,0.776,,,,,NA,NA,0.7473333333,,,,,,,,,,,,,,,,
,1,O,2,0,0,0,NA,NA,NA,0,,,,,,0.755,0.89,0.801,0.736,0.904,0.811,,NA,NA,0.8153333333,,,W1-O group length avg:,,,,,,,,,,,,,
,1,O,3,0,0,0,NA,NA,NA,0,,,,,,0.734,0.835,0.689,,,,,NA,NA,0.7526666667,,,0.7362844444,,,,,,,,,,,,,
,1,O,4,0,0,0,NA,NA,NA,0,,,,,,0.75,0.711,0.84,0.726,0.689,0.862,,NA,NA,0.767,,,,,,,,,,,,,,,,
,1,O,5,0,0,0,NA,NA,NA,0,,,,,,0.773,0.725,0.696,0.749,0.7,0.714,,NA,NA,0.7313333333,,,,,,,,,,,,,,,,
,1,O,6,0,0,0,NA,NA,NA,0,,,,,,0.716,0.846,0.758,,,,,NA,NA,0.7733333333,,,,,,,,,,,,,,,,
,1,O,7,0,0,0,NA,NA,NA,0,,,,,,0.726,0.683,0.717,0.705,0.684,0.734,,NA,NA,0.7086666667,,,,,,,,,,,,,,,,
,1,O,8,0,0,0,NA,NA,NA,0,,,,,,0.714,0.776,0.724,,,,,NA,NA,0.738,,,,,,,,,,,,,,,,
,1,O,9,0,0,0,NA,NA,NA,0,,,,,,0.772,0.707,0.802,,,,,NA,NA,0.7603333333,,,,,,,,,,,,,,,,
,1,O,10,0,0,0,NA,NA,NA,0,,,,,,0.736,0.766,0.791,,,,,NA,NA,0.7643333333,,,,,,,,,,,,,,,,
,1,O,11,0,0,0,NA,NA,NA,0,,,,,,0.759,0.784,0.768,,,,,NA,NA,0.7703333333,,,,,,,,,,,,,,,,
,1,O,12,0,0,0,NA,NA,NA,0,,,,,,0.687,0.718,0.788,,,,,NA,NA,0.731,,,,,,,,,,,,,,,,
,1,O,13,0,0,0,NA,NA,NA,0,,,,,,0.753,0.754,0.906,,,,,NA,NA,0.8043333333,,,,,,,,,,,,,,,,
,1,O,14,0,0,0,NA,NA,NA,0,,,,,,0.824,0.75,0.796,,,,,NA,NA,0.79,,,,,,,,,,,,,,,,
,1,O,15,0,0,0,NA,NA,NA,0,,,,,,0.78,0.776,0.827,0.765,0.773,0.815,,NA,NA,0.7943333333,,,,,,,,,,,,,,,,
,1,O,16,0,0,0,NA,NA,NA,0,,,,,,0.728,0.777,0.748,0.729,0.752,0.765,,NA,NA,0.751,,,0.7279487751,,,,,,,,,,,,,
,1,O,17,0,0,0,NA,NA,NA,0,,,,,,0.829,0.813,0.757,,,,,NA,NA,0.7996666667,,,,,,,,,,,,,,,,
,1,O,18,0,0,0,NA,NA,NA,0,,,,,,0.696,0.739,0.669,0.676,0.762,0.657,,NA,NA,0.7013333333,,,,,,,,,,,,,,,,
,1,O,19,0,0,0,NA,NA,NA,0,,,,,,0.728,0.797,0.708,,,,,NA,NA,0.7443333333,,,,,,,,,,,,,,,,
,1,O,20,0,0,0,NA,NA,NA,0,,,,,,0.668,0.741,0.737,,,,,NA,NA,0.7153333333,,,,,,,,,,,,,,,,
,1,O,21,0,0,0,NA,NA,NA,0,,,,,,0.717,0.701,0.792,,,,,NA,NA,0.7366666667,,,,,,,,,,,,,,,,
,1,O,22,0,0,0,NA,NA,NA,0,,,,,,0.615,0.754,0.784,0.61,0.766,0.797,,NA,NA,0.7176666667,,,,,,,,,,,,,,,,
,1,O,23,0,0,0,NA,NA,NA,0,,,,,,0.797,0.75,0.628,,,,,NA,NA,0.725,,,,,,,,,,,,,,,,
,1,O,24,0,0,0,NA,NA,NA,0,,,,,,0.7,0.874,0.776,0.687,0.898,0.767,,NA,NA,0.7833333333,,,,,,,,,,,,,,,,
,1,O,25,0,0,0,NA,NA,NA,0,,,,,,0.707,0.745,0.727,,,,,NA,NA,0.7263333333,,,,,,,,,,,,,,,,
,1,O,26,0,0,0,NA,NA,NA,0,,,,,,0.727,0.748,0.726,,,,,NA,NA,0.7336666667,,,,,,,,,,,,,,,,
,1,O,27,0,0,0,NA,NA,NA,0,,,,,,0.665,0.792,0.716,,,,,NA,NA,0.7243333333,,,,,,,,,,,,,,,,
,1,O,28,0,0,0,NA,NA,NA,0,,,,,,0.656,0.71,0.686,,,,,NA,NA,0.684,,,,,,,,,,,,,,,,
,1,O,29,0,0,0,NA,NA,NA,0,,,,,,0.676,0.88,0.588,,,,,NA,NA,0.7146666667,,,,,,,,,,,,,,,,
,1,O,30,0,0,0,NA,NA,NA,0,,,,,,0.688,0.798,0.668,,,,,NA,NA,0.718,,,,,,,,,,,,,,,,
,1,O,31,0,0,0,NA,NA,NA,0,,,,,,0.719,0.707,0.714,,,,,NA,NA,0.7133333333,,,,,,,,,,,,,,,,
,1,O,32,0,0,0,NA,NA,NA,0,,,,,,0.646,0.563,0.748,,,,,NA,NA,0.6523333333,,,,,,,,,,,,,,,,
,1,O,33,0,0,0,NA,NA,NA,0,,,,,,0.767,0.803,0.782,,,,,NA,NA,0.784,,,,,,,,,,,,,,,,
,1,O,34,0,0,0,NA,NA,NA,0,,,,,,0.699,0.774,0.768,,,,,NA,NA,0.747,,,,,,,,,,,,,,,,
,1,O,35,0,0,0,NA,NA,NA,0,,,,,,0.812,0.738,0.668,,,,,NA,NA,0.7393333333,,,,,,,,,,,,,,,,
,1,O,36,0,0,0,NA,NA,NA,0,,,,,,0.813,0.616,0.677,,,,,NA,NA,0.702,,,,,,,,,,,,,,,,
,1,O,37,0,0,0,NA,NA,NA,0,,,,,,0.709,0.806,0.726,,,,,NA,NA,0.747,,,,,,,,,,,,,,,,
,1,O,38,0,0,0,NA,NA,NA,0,,,,,,0.669,0.768,0.708,,,,,NA,NA,0.715,,,,,,,,,,,,,,,,
,1,O,39,0,0,0,NA,NA,NA,0,,,,,,0.704,0.739,0.626,,,,,NA,NA,0.6896666667,,,,,,,,,,,,,,,,
,1,O,40,0,0,0,NA,NA,NA,0,,,,,,0.721,0.748,0.66,,,,,NA,NA,0.7096666667,,,,,,,,,,,,,,,,
,1,O,41,0,0,0,NA,NA,NA,0,,,,,,0.776,0.799,0.716,,,,,NA,NA,0.7636666667,,,,,,,,,,,,,,,,
,1,O,42,0,0,0,NA,NA,NA,0,,,,,,0.842,0.742,0.701,,,,,NA,NA,0.7616666667,,,,,,,,,,,,,,,,
,1,O,43,0,0,0,NA,NA,NA,0,,,,,,0.774,0.706,0.645,,,,,NA,NA,0.7083333333,,,,,,,,,,,,,,,,
,1,O,44,0,0,0,NA,NA,NA,0,,,,,,0.78,0.752,0.71,,,,,NA,NA,0.7473333333,,,,,,,,,,,,,,,,
,1,O,45,0,0,0,NA,NA,NA,0,,,,,,0.617,0.776,0.709,,,,,NA,NA,0.7006666667,,,,,,,,,,,,,,,,
,1,O,46,0,0,0,NA,NA,NA,0,,,,,,0.73,0.719,0.804,,,,,NA,NA,0.751,,,,,,,,,,,,,,,,
,1,O,47,0,0,0,NA,NA,NA,0,,,,,,0.84,0.853,0.806,,,,,NA,NA,0.833,,,,,,,,,,,,,,,,
,1,O,48,0,0,0,NA,NA,NA,0,,,,,,0.784,0.782,0.722,,,,,NA,NA,0.7626666667,,,,,,,,,,,,,,,,
,1,O,49,0,0,0,NA,NA,NA,0,,,,,,0.753,0.714,0.722,,,,,NA,NA,0.7296666667,,,,,,,,,,,,,,,,
,1,O,50,0,0,0,NA,NA,NA,0,,,,,,0.838,0.749,0.746,,,,,NA,NA,0.7776666667,,,,,,,,,,,,,,,,
,1,O,51,0,0,0,NA,NA,NA,0,,,,,,0.786,0.628,0.653,,,,,NA,NA,0.689,,,,,,,,,,,,,,,,
,1,O,52,0,0,0,NA,NA,NA,0,,,,,,0.651,0.73,0.724,,,,,NA,NA,0.7016666667,,,,,,,,,,,,,,,,
,1,O,53,0,0,0,NA,NA,NA,0,,,,,,0.658,0.666,0.629,,,,,NA,NA,0.651,,,,,,,,,,,,,,,,
,1,O,54,0,0,0,NA,NA,NA,0,,,,,,0.857,0.813,0.755,,,,,NA,NA,0.8083333333,,,,,,,,,,,,,,,,
,1,O,55,0,0,0,NA,NA,NA,0,,,,,,0.684,0.803,0.639,,,,,NA,NA,0.7086666667,,,,,,,,,,,,,,,,
,1,O,56,0,0,0,NA,NA,NA,0,,,,,,0.791,0.618,0.702,,,,,NA,NA,0.7036666667,,,,,,,,,,,,,,,,
,1,O,57,0,0,0,NA,NA,NA,0,,,,,,0.622,0.685,0.667,,,,,NA,NA,0.658,,,,,,,,,,,,,,,,
,1,O,58,0,0,0,NA,NA,NA,0,,,,,,0.721,0.669,0.72,,,,,NA,NA,0.7033333333,,,,,,,,,,,,,,,,
,1,O,59,0,0,0,NA,NA,NA,0,,,,,,0.613,0.739,0.721,,,,,NA,NA,0.691,,,,,,,,,,,,,,,,
,1,O,60,0,0,0,NA,NA,NA,0,,,,,,0.766,0.835,0.826,0.747,0.843,0.849,,NA,NA,0.809,,,,,,,,,,,,,,,,
,1,O,61,0,0,0,NA,NA,NA,0,,,,,,0.742,0.666,0.656,,,,,NA,NA,0.688,,,,,,,,,,,,,,,,
,1,O,62,0,0,0,NA,NA,NA,0,,,,,,0.633,0.665,0.689,,,,,NA,NA,0.6623333333,,,,,,,,,,,,,,,,
,1,O,63,0,0,0,NA,NA,NA,0,,,,,,0.895,0.799,0.914,,,,,NA,NA,0.8693333333,,,,,,,,,,,,,,,,
,1,O,64,0,0,0,NA,NA,NA,0,,,,,,0.71,0.783,0.824,,,,,NA,NA,0.7723333333,,,,,,,,,,,,,,,,
,1,O,65,0,0,0,NA,NA,NA,0,,,,,,0.718,0.747,0.704,,,,,NA,NA,0.723,,,,,,,,,,,,,,,,
,1,O,66,0,0,0,NA,NA,NA,0,,,,,,0.726,0.746,0.746,,,,,NA,NA,0.7393333333,,,,,,,,,,,,,,,,
,1,O,67,0,0,0,NA,NA,NA,0,,,,,,0.705,0.832,0.742,,,,,NA,NA,0.7596666667,,,,,,,,,,,,,,,,
,1,O,68,0,0,0,NA,NA,NA,0,,,,,,0.657,0.805,0.697,,,,,NA,NA,0.7196666667,,,,,,,,,,,,,,,,
,1,O,69,0,0,0,NA,NA,NA,0,,,,,,0.678,0.659,0.681,,,,,NA,NA,0.6726666667,,,,,,,,,,,,,,,,
,1,O,70,0,0,0,NA,NA,NA,0,,,,,,0.725,0.718,0.727,,,,,NA,NA,0.7233333333,,,,,,,,,,,,,,,,
,1,O,71,0,0,0,NA,NA,NA,0,,,,,,0.702,0.765,0.851,,,,,NA,NA,0.7726666667,,,,,,,,,,,,,,,,
,1,O,72,0,0,0,NA,NA,NA,0,,,,,,0.627,0.777,0.752,,,,,NA,NA,0.7186666667,,,,,,,,,,,,,,,,
,1,O,73,0,0,0,NA,NA,NA,0,,,,,,0.679,0.721,0.67,,,,,NA,NA,0.69,,,,,,,,,,,,,,,,
,1,O,74,0,0,0,NA,NA,NA,0,,,,,,0.714,0.688,0.64,,,,,NA,NA,0.6806666667,,,,,,,,,,,,,,,,
,1,O,75,0,0,0,NA,NA,NA,0,,,,,,0.688,0.778,0.776,,,,,NA,NA,0.7473333333,,,,,,,,,,,,,,,,
,1,W,1,0,0,0,NA,NA,NA,0,0,0,,,NA,0.711,0.706,0.795,,,,,NA,NA,0.7373333333,,,W1-W group length avg:,,,,,,,,,,,,,
,1,W,2,0,0,0,NA,NA,NA,0,0,0,,,NA,0.722,0.825,0.652,,,,,NA,NA,0.733,,,0.7236591928,,,,,,,,,,,,,
,1,W,3,0,0,0,NA,NA,NA,0,0,0,,,NA,0.662,0.755,0.543,,,,,NA,NA,0.6533333333,,,,,,,,,,,,,,,,
,1,W,4,0,0,0,NA,NA,NA,0,0,0,,,NA,0.794,0.699,0.638,,,,,NA,NA,0.7103333333,1,,,,,,,,,,,,,,,
,1,W,5,0,0,0,NA,NA,NA,0,0,0,,,NA,0.781,0.737,0.793,,,,,NA,NA,0.7703333333,,,,,,,,,,,,,,,,
,1,W,6,0,0,0,NA,NA,NA,0,0,0,,,NA,0.751,0.789,0.689,,,,,NA,NA,0.743,,,,,,,,,,,,,,,,
,1,W,7,0,0,0,NA,NA,NA,0,0,0,,,NA,0.795,0.758,0.67,,,,,NA,NA,0.741,,,,,,,,,,,,,,,,
,1,W,8,0,0,0,NA,NA,NA,0,0,0,,,NA,0.608,0.712,0.658,,,,,NA,NA,0.6593333333,,,,,,,,,,,,,,,,
,1,W,9,0,0,0,NA,NA,NA,0,0,0,,,NA,0.72,0.815,0.645,,,,,NA,NA,0.7266666667,,,,,,,,,,,,1,,,,
,1,W,10,0,0,0,NA,NA,NA,0,0,0,,,NA,0.727,0.689,0.602,,,,,NA,NA,0.6726666667,,,,,,,,,,,,,,,,
,1,W,11,0,0,0,NA,NA,NA,0,0,0,,,NA,0.619,0.723,0.685,,,,,NA,NA,0.6756666667,,,,,,,,,,,,,,,,
,1,W,12,0,0,0,NA,NA,NA,0,0,0,,,NA,0.761,0.69,0.705,,,,,NA,NA,0.7186666667,,,,,,,,,,,,1,1,,1,1
,1,W,13,0,0,0,NA,NA,NA,0,0,0,,,NA,0.715,0.746,0.679,,,,,NA,NA,0.7133333333,,,,,,,,,,,,,,,,
,1,W,14,0,0,0,NA,NA,NA,0,0,0,,,NA,0.698,0.724,0.67,,,,,NA,NA,0.6973333333,,,,,,,,,,,,,,,,
,1,W,15,0,0,0,NA,NA,NA,0,0,0,,,NA,0.731,0.8,0.754,,,,,NA,NA,0.7616666667,,,,,,,,,,,,,,,,
,1,W,16,0,0,0,NA,NA,NA,0,0,0,,,NA,0.75,0.684,0.655,,,,,NA,NA,0.6963333333,,,,,,,,,,,,,,,,
,1,W,17,0,0,0,NA,NA,NA,0,0,0,,,NA,0.788,0.784,0.777,,,,,NA,NA,0.783,,,,,,,,,,,,1,1,,1,1
,1,W,18,0,0,0,NA,NA,NA,0,0,0,,,NA,0.704,0.652,0.733,,,,,NA,NA,0.6963333333,,,,,,,,,,,,,,,,
,1,W,19,0,0,0,NA,NA,NA,0,0,0,,,NA,0.735,0.806,0.685,0.717,0.829,0.664,,NA,NA,0.742,,,,,,,,,,,,,,,,
,1,W,20,0,0,0,NA,NA,NA,0,0,0,,,NA,0.664,0.694,0.689,,,,,NA,NA,0.6823333333,,,,,,,,,,,,,,,,
,1,W,21,0,0,0,NA,NA,NA,0,0,0,,,NA,0.67,0.789,0.653,,,,,NA,NA,0.704,,,,,,,,,,,,,,,,
,1,W,22,0,0,0,NA,NA,NA,0,0,0,,,NA,0.863,0.785,0.733,,,,,NA,NA,0.7936666667,,,,,,,,,,,,,,,,
,1,W,23,0,0,0,NA,NA,NA,0,0,0,,,NA,0.807,0.709,0.751,,,,,NA,NA,0.7556666667,,,,,,,,,,,,,,,,
,1,W,24,0,0,0,NA,NA,NA,0,0,0,,,NA,0.742,0.639,0.772,,,,,NA,NA,0.7176666667,1,,,,,,,,,,,,,,,
,1,W,25,0,0,0,NA,NA,NA,0,0,0,,,NA,0.777,0.705,0.633,,,,,NA,NA,0.705,,,,,,,,,,,,,,,,
,1,W,26,0,0,0,NA,NA,NA,0,0,0,,,NA,0.717,0.708,0.777,,,,,NA,NA,0.734,,,,,,,,,,,,,,,,
,1,W,27,0,0,0,NA,NA,NA,0,0,0,,,NA,0.718,0.531,0.654,,,,,NA,NA,0.6343333333,,,,,,,,,,,,,,,,
,1,W,28,0,0,0,NA,NA,NA,0,0,0,,,NA,0.756,0.787,0.863,,,,,NA,NA,0.802,,,,,,,,,,,,,,,,
,1,W,29,0,0,0,NA,NA,NA,0,0,0,,,NA,0.707,0.659,0.748,0.7,0.674,0.772,,NA,NA,0.7046666667,,,,,,,,,,,,,,,,
,1,W,30,0,0,0,NA,NA,NA,0,0,0,,,NA,0.649,0.65,0.742,,,,,NA,NA,0.6803333333,,,,,,,,,,,,,,,,
,1,W,31,0,0,0,NA,NA,NA,0,0,0,,,NA,0.717,0.629,0.703,,,,,NA,NA,0.683,,,,,,,,,,,,,,,,
,1,W,32,0,0,0,NA,NA,NA,0,0,0,,,NA,0.887,0.665,0.696,,,,,NA,NA,0.7493333333,,,,,,,,,,,,,,,,
,1,W,33,0,0,0,NA,NA,NA,0,0,0,,,NA,0.813,0.583,0.725,,,,,NA,NA,0.707,,,,,,,,,,,,,,,,
,1,W,34,0,0,0,NA,NA,NA,0,0,0,,,NA,0.632,0.589,,0.628,0.574,,,NA,NA,0.6105,,,,,,,,,,w1 1&3 same snail,,,,,,
,1,W,35,0,0,0,NA,NA,NA,0,0,0,,,NA,0.908,0.727,0.795,,,,,NA,NA,0.81,,,,,,,,,,,,,,,,
,1,W,36,0,0,0,NA,NA,NA,0,0,0,,,NA,0.686,0.614,0.691,,,,,NA,NA,0.6636666667,,,,,,,,,,,,,,,,
,1,W,37,0,0,0,NA,NA,NA,0,0,0,,,NA,0.81,0.737,0.727,0.813,0.726,0.729,,NA,NA,0.758,,,,,,,,,,,,,,,,
,1,W,38,0,0,0,NA,NA,NA,0,0,0,,,NA,0.715,0.701,0.689,,,,,NA,NA,0.7016666667,,,,,,,,,,,,,,,,
,1,W,39,0,0,0,NA,NA,NA,0,0,0,,,NA,0.707,0.699,0.617,,,,,NA,NA,0.6743333333,,,,,,,,,,,,1,1,,1,1
,1,W,40,0,0,0,NA,NA,NA,0,0,0,,,NA,0.94,0.793,0.725,,,,,NA,NA,0.8193333333,,,,,,,,,,,,,,,,
,1,W,41,0,0,0,NA,NA,NA,0,0,0,,,NA,0.667,0.595,0.821,,,,,NA,NA,0.6943333333,,,,,,,,,,,,,,,,
,1,W,42,0,0,0,NA,NA,NA,0,0,0,,,NA,0.653,0.717,0.708,,,,,NA,NA,0.6926666667,,,,,,,,,,,,,,,,
,1,W,43,0,0,0,NA,NA,NA,0,0,0,,,NA,0.763,0.739,0.746,,,,,NA,NA,0.7493333333,,,,,,,,,,,,,,,,
,1,W,44,0,0,0,NA,NA,NA,0,0,0,,,NA,0.785,0.715,0.684,,,,,NA,NA,0.728,,,,,,,,,,,1,1,,1,1,
,1,W,45,0,0,0,NA,NA,NA,0,0,0,,,NA,0.679,0.608,0.752,,,,,NA,NA,0.6796666667,,,,,,,,,,,,,,,,
,1,W,46,0,0,0,NA,NA,NA,0,0,0,,,NA,0.674,0.734,0.738,,,,,NA,NA,0.7153333333,,,,,,,,,,,1,1,,1,1,
,1,W,47,0,0,0,NA,NA,NA,0,0,0,,,NA,0.674,0.824,0.846,,,,,NA,NA,0.7813333333,,,,,,,,,,,,1,1,,1,1
,1,W,48,0,0,0,NA,NA,NA,0,0,0,,,NA,0.843,0.822,0.712,,,,,NA,NA,0.7923333333,,,,,,,,,,,,,,,,
,1,W,49,0,0,0,NA,NA,NA,0,0,0,,,NA,0.732,0.607,0.582,0.721,0.596,0.592,,NA,NA,0.6403333333,1,,,,,,,,,,,,,,,
,1,W,50,0,0,0,NA,NA,NA,0,0,0,,,NA,0.797,0.677,0.653,,,,,NA,NA,0.709,,,,,,,,,,,,,,,,
,1,W,51,0,0,0,NA,NA,NA,0,0,0,,,NA,0.809,0.63,0.713,,,,,NA,NA,0.7173333333,,,,,,,,,,,,,,,,
,1,W,52,0,0,0,NA,NA,NA,0,0,0,,,NA,0.743,0.812,0.734,,,,,NA,NA,0.763,,,,,,,,,,,,,,,,
,1,W,53,0,0,0,NA,NA,NA,0,0,0,,,NA,0.688,0.635,0.689,,,,,NA,NA,0.6706666667,,,,,,,,,,,1,1,,1,1,
,1,W,54,0,0,0,NA,NA,NA,0,0,0,,,NA,0.813,0.659,0.841,0.822,0.655,0.822,,NA,NA,0.771,,,,,,,,,,,,,,,,
,1,W,55,0,0,0,NA,NA,NA,0,0,0,,,NA,0.635,,0.828,,,,,NA,NA,0.7315,,,,,,,,,,w1 1&2 same snail,,,,,,
,1,W,56,0,0,0,NA,NA,NA,0,0,0,,,NA,0.775,0.697,0.854,0.797,0.689,0.878,,NA,NA,0.7753333333,,,,,,,,,,,,,,,,
,1,W,57,0,0,0,NA,NA,NA,0,0,0,,,NA,0.757,0.677,0.769,,,,,NA,NA,0.7343333333,,,,,,,,,,,,,,,,
,1,W,58,0,0,0,NA,NA,NA,0,0,0,,,NA,0.88,0.734,0.556,,,,,NA,NA,0.7233333333,,,,,,,,,,,,,,,,
,1,W,59,0,0,0,NA,NA,NA,0,0,0,,,NA,0.581,0.666,0.597,,,,,NA,NA,0.6146666667,,,,,,,,,,,,,,,,
,1,W,60,0,0,0,NA,NA,NA,0,0,0,,,NA,0.885,0.771,0.699,,,,,NA,NA,0.785,,,,,,,,,,,,1,1,,1,1
,1,W,61,0,0,0,NA,NA,NA,0,0,0,,,NA,0.804,0.795,0.571,,,,,NA,NA,0.7233333333,,,,,,,,,,,,,,,,
,1,W,62,0,0,0,NA,NA,NA,0,0,0,,,NA,0.757,0.661,0.631,0.764,0.667,0.639,,NA,NA,0.683,1,,,,,,,,,,,,,,,
,1,W,63,0,0,0,NA,NA,NA,0,0,0,,,NA,0.687,0.71,0.656,,,,,NA,NA,0.6843333333,,,,,,,,,,,,,,,,
,1,W,64,0,0,0,NA,NA,NA,0,0,0,,,NA,0.738,0.749,0.756,,,,,NA,NA,0.7476666667,1,,,,,,,,,,,,,,,
,1,W,65,0,0,0,NA,NA,NA,0,0,0,,,NA,0.88,0.813,0.666,0.895,0.797,0.668,,NA,NA,0.7863333333,,,,,,,,,,,1,1,,1,1,
,1,W,66,0,0,0,NA,NA,NA,0,0,0,,,NA,0.744,0.692,0.668,0.747,0.677,0.667,,NA,NA,0.7013333333,,,,,,,,,,,,,,,,
,1,W,67,0,0,0,NA,NA,NA,0,0,0,,,NA,0.805,0.831,0.678,,,,,NA,NA,0.7713333333,,,,,,,,,,,,,,,,
,1,W,68,0,0,0,NA,NA,NA,0,0,0,,,NA,0.716,0.602,0.841,,,,,NA,NA,0.7196666667,,,,,,,,,,,,,,,,
,1,W,69,0,0,0,NA,NA,NA,0,0,0,,,NA,0.67,0.793,0.765,,,,,NA,NA,0.7426666667,,,,,,,,,,,,,,,,
,1,W,70,0,0,0,NA,NA,NA,0,0,0,,,NA,0.769,0.724,0.74,,,,,NA,NA,0.7443333333,,,,,,,,,,,,,,,,
,1,W,71,0,0,0,NA,NA,NA,0,0,0,,,NA,0.81,0.672,0.714,,,,,NA,NA,0.732,,,,,,,,,,,,,,,,
,1,W,72,0,0,0,NA,NA,NA,0,0,0,,,NA,0.721,0.674,0.76,,,,,NA,NA,0.7183333333,,,,,,,,,,,,,,,,
,1,W,73,0,0,0,NA,NA,NA,0,0,0,,,NA,0.843,0.832,0.676,,,,,NA,NA,0.7836666667,1,,,,,,,,,,,1,1,,1,1
,1,W,74,0,0,0,NA,NA,NA,0,0,0,,,NA,0.787,0.73,0.792,,,,,NA,NA,0.7696666667,,,,,,,,,,,,,,,,
,1,W,75,0,0,0,NA,NA,NA,0,0,0,,,NA,0.78,0.762,0.682,,,,,NA,NA,0.7413333333,,,,,,,,,,,,,,,,
,1,Y,1,0,0,0,NA,NA,NA,0,,,,,,0.617,0.668,0.636,,,,,NA,NA,0.6403333333,,1,,,,,,,,,,,,,,
,1,Y,2,0,0,0,NA,NA,NA,0,,,,,,0.703,0.704,0.653,0.708,0.695,0.669,,NA,NA,0.6866666667,,,,,,,,,,,,,,,,
,1,Y,3,0,0,0,NA,NA,NA,0,,,,,,0.683,0.645,0.708,,,,,NA,NA,0.6786666667,,,W1-Y group length avg:,,,,,,,,,,,,,
,1,Y,4,0,0,0,NA,NA,NA,0,,,,,,0.682,0.68,0.644,,,,,NA,NA,0.6686666667,,,0.6885066667,,,,,,,,,,,,,
,1,Y,5,0,0,0,NA,NA,NA,0,,,,,,0.657,0.591,0.700,0.644,0.630,0.717,,NA,NA,0.6493333333,,,,,,,,,,,,,,,,
,1,Y,6,0,0,0,NA,NA,NA,0,,,,,,0.594,0.611,0.802,,,,,NA,NA,0.669,1,,,,,,,,,,,,,,,
,1,Y,7,0,0,0,NA,NA,NA,0,,,,,,0.677,0.587,0.833,0.74,0.607,0.853,,NA,NA,0.699,1,,,,,,,,,,,,,,,
,1,Y,8,0,0,0,NA,NA,NA,0,,,,,,0.882,0.591,0.698,0.906,0.652,0.755,,NA,NA,0.7236666667,1,,,,,,,,,,,,,,,
,1,Y,9,0,0,0,NA,NA,NA,0,,,,,,0.623,0.615,0.650,,,,,NA,NA,0.6293333333,1,,,,,,,,,,,,,,,
,1,Y,10,0,0,0,NA,NA,NA,0,,,,,,0.643,0.796,0.649,,,,,NA,NA,0.696,1,,,,,,,,,,,,,,,
,1,Y,11,0,0,0,NA,NA,NA,0,,,,,,0.723,0.597,0.495,,,,,NA,NA,0.605,,,,,,,,,,,,,,,,
,1,Y,12,0,0,0,NA,NA,NA,0,,,,,,0.716,0.706,0.650,0.747,0.715,0.672,,NA,NA,0.6906666667,,,,,,,,,,,,,,,,
,1,Y,13,0,0,0,NA,NA,NA,0,,,,,,0.707,0.736,0.731,,,,,NA,NA,0.7246666667,,,,,,,,,,,,1,1,,1,1
,1,Y,14,0,0,0,NA,NA,NA,0,,,,,,0.579,0.611,0.676,,,,,NA,NA,0.622,,,,,,,,,,,,,,,,
,1,Y,15,0,0,0,NA,NA,NA,0,,,,,,0.715,0.629,0.642,,,,,NA,NA,0.662,,,,,,,,,,,,,,,,
,1,Y,16,0,0,0,NA,NA,NA,0,,,,,,0.705,0.758,0.64,0.714,0.772,0.641,,NA,NA,0.701,1,,,,,,,,,,,,,,,
,1,Y,17,0,0,0,NA,NA,NA,0,,,,,,0.632,0.661,0.73,,,,,NA,NA,0.6743333333,1,,,,,,,,,,,,,,,
,1,Y,18,0,0,0,NA,NA,NA,0,,,,,,0.841,0.648,0.674,,,,,NA,NA,0.721,,,,,,,,,,,,,,,,
,1,Y,19,0,0,0,NA,NA,NA,0,,,,,,0.741,0.812,0.637,,,,,NA,NA,0.73,,,,,,,,,,,,,,,,
,1,Y,20,0,0,0,NA,NA,NA,0,,,,,,0.606,0.762,0.640,0.656,0.809,0.687,,NA,NA,0.6693333333,,,,,,,,,,,,,,,,
,1,Y,21,0,0,0,NA,NA,NA,0,,,,,,0.737,0.594,0.721,,,,,NA,NA,0.684,1,,,,,,,,,,,,,,,
,1,Y,22,0,0,0,NA,NA,NA,0,,,,,,0.662,0.796,0.609,,,,,NA,NA,0.689,,,,,,,,,,,,,,,,
,1,Y,23,0,0,0,NA,NA,NA,0,,,,,,0.748,0.720,0.638,,,,,NA,NA,0.702,1,,,,,,,,,,,,,,,
,1,Y,24,0,0,0,NA,NA,NA,0,,,,,,0.846,0.627,0.676,,,,,NA,NA,0.7163333333,,,,,,,,,,,,,,,,
,1,Y,25,0,0,0,NA,NA,NA,0,,,,,,0.729,0.633,0.704,,,,,NA,NA,0.6886666667,,,,,,,,,,,,,,,,
,1,Y,26,0,0,0,NA,NA,NA,0,,,,,,0.667,0.760,0.792,,,,,NA,NA,0.7396666667,,,,,,,,,,,,,,,,
,1,Y,27,0,0,0,NA,NA,NA,0,,,,,,0.691,0.788,0.767,0.702,0.789,0.769,,NA,NA,0.7486666667,,,,,,,,,,,,,,,,
,1,Y,28,0,0,0,NA,NA,NA,0,,,,,,0.678,0.759,0.711,,,,,NA,NA,0.716,,,,,,,,,,,,,,,,
,1,Y,29,0,0,0,NA,NA,NA,0,,,,,,0.662,0.658,0.763,0.679,0.672,0.761,,NA,NA,0.6943333333,,,,,,,,,,,,,,,,
,1,Y,30,0,0,0,NA,NA,NA,0,,,,,,0.670,0.658,0.635,,,,,NA,NA,0.654,,,,,,,,,,,,,,,,
,1,Y,31,0,0,0,NA,NA,NA,0,,,,,,0.695,0.708,0.591,,,,,NA,NA,0.6646666667,,,,,,,,,,,,,,,,
,1,Y,32,0,0,0,NA,NA,NA,0,,,,,,0.733,0.652,0.617,,,,,NA,NA,0.6673333333,,,,,,,,,,,,,,,,
,1,Y,33,0,0,0,NA,NA,NA,0,,,,,,0.793,0.456,0.636,,,,,NA,NA,0.6283333333,1,,,,,,,,,,,,,,,
,1,Y,34,0,0,0,NA,NA,NA,0,,,,,,0.619,0.839,0.763,,,,,NA,NA,0.7403333333,1,,,,,,,,,,,,,,,
,1,Y,35,0,0,0,NA,NA,NA,0,,,,,,0.678,0.705,0.689,,,,,NA,NA,0.6906666667,,,,,,,,,,,,,,,,
,1,Y,36,0,0,0,NA,NA,NA,0,,,,,,0.681,0.636,0.674,,,,,NA,NA,0.6636666667,,,,,,,,,,,,,,,,
,1,Y,37,0,0,0,NA,NA,NA,0,,,,,,0.702,0.777,0.658,,,,,NA,NA,0.7123333333,,,,,,,,,,,,,,,,
,1,Y,38,0,0,0,NA,NA,NA,0,,,,,,0.619,0.712,0.662,,,,,NA,NA,0.6643333333,1,,,,,,,,,,,,,,,
,1,Y,39,0,0,0,NA,NA,NA,0,,,,,,0.568,0.685,0.785,,,,,NA,NA,0.6793333333,,,,,,,,,,,,,,,,
,1,Y,40,0,0,0,NA,NA,NA,0,,,,,,0.787,0.691,0.802,,,,,NA,NA,0.76,1,,,,,,,,,,,,,,,
,1,Y,41,0,0,0,NA,NA,NA,0,,,,,,0.66,0.597,0.674,,,,,NA,NA,0.6436666667,,,,,,,,,,,,,,,,
,1,Y,42,0,0,0,NA,NA,NA,0,,,,,,0.723,0.604,0.712,,,,,NA,NA,0.6796666667,1,,,,,,,,,,,,,,,
,1,Y,43,0,0,0,NA,NA,NA,0,,,,,,0.663,0.868,0.653,,,,,NA,NA,0.728,,,,,,,,,,,,,,,,
,1,Y,44,0,0,0,NA,NA,NA,0,,,,,,0.690,0.631,0.685,,,,,NA,NA,0.669,,,,,,,,,,,,,,,,
,1,Y,45,0,0,0,NA,NA,NA,0,,,,,,0.633,0.713,0.844,,,,,NA,NA,0.73,2,,,,,,,,,,,,,,,
,1,Y,46,0,0,0,NA,NA,NA,0,,,,,,0.720,0.640,0.700,,,,,NA,NA,0.687,,,,,,,,,,,,,,,,
,1,Y,47,0,0,0,NA,NA,NA,0,,,,,,0.616,0.795,0.631,,,,,NA,NA,0.6806666667,,,,,,,,,,,,,,,,
,1,Y,48,0,0,0,NA,NA,NA,0,,,,,,0.812,0.693,0.771,,,,,NA,NA,0.7586666667,,,,,,,,,,,,,,,,
,1,Y,49,0,0,0,NA,NA,NA,0,,,,,,0.79,0.681,0.716,,,,,NA,NA,0.729,,,,,,,,,,,,,,,,
,1,Y,50,0,0,0,NA,NA,NA,0,,,,,,0.781,0.678,0.666,,,,,NA,NA,0.7083333333,,,,,,,,,,,,,,,,
,1,Y,51,0,0,0,NA,NA,NA,0,,,,,,0.772,0.616,0.753,,,,,NA,NA,0.7136666667,,,,,,,,,,,,,,,,
,1,Y,52,0,0,0,NA,NA,NA,0,,,,,,0.634,0.663,0.685,,,,,NA,NA,0.6606666667,1,,,,,,,,,,,,,,,
,1,Y,53,0,0,0,NA,NA,NA,0,,,,,,0.673,0.713,0.692,,,,,NA,NA,0.6926666667,,,,,,,,,,,,,,,,
,1,Y,54,0,0,0,NA,NA,NA,0,,,,,,0.649,0.651,0.881,,,,,NA,NA,0.727,,,,,,,,,,,,,,,,
,1,Y,55,0,0,0,NA,NA,NA,0,,,,,,0.705,0.759,0.721,,,,,NA,NA,0.7283333333,,,,,,,,,,,,,,,,
,1,Y,56,0,0,0,NA,NA,NA,0,,,,,,0.704,0.649,0.591,,,,,NA,NA,0.648,,,,,,,,,,,,,,,,
,1,Y,57,0,0,0,NA,NA,NA,0,,,,,,0.687,0.685,0.699,,,,,NA,NA,0.6903333333,1,,,,,,,,,,,,,,,
,1,Y,58,0,0,0,NA,NA,NA,0,,,,,,0.698,0.875,0.643,,,,,NA,NA,0.7386666667,,,,,,,,,,,,,,,,
,1,Y,59,0,0,0,NA,NA,NA,0,,,,,,0.566,0.695,0.69,,,,,NA,NA,0.6503333333,,,,,,,,,,,,,,,,
,1,Y,60,0,0,0,NA,NA,NA,0,,,,,,0.606,0.589,0.705,,,,,NA,NA,0.6333333333,1,,,,,,,,,,,,,,,
,1,Y,61,0,0,0,NA,NA,NA,0,,,,,,0.685,0.603,0.666,,,,,NA,NA,0.6513333333,,,,,,,,,,,,,,,,
,1,Y,62,0,0,0,NA,NA,NA,0,,,,,,0.939,0.679,0.785,,,,,NA,NA,0.801,,,,,,,,,,,,,,,,
,1,Y,63,0,0,0,NA,NA,NA,0,,,,,,0.776,0.622,0.739,,,,,NA,NA,0.7123333333,,,,,,,,,,,1,,,,,
,1,Y,64,0,0,0,NA,NA,NA,0,,,,,,0.742,0.747,0.578,,,,,NA,NA,0.689,,,,,,,,,,,,,,,,
,1,Y,65,0,0,0,NA,NA,NA,0,,,,,,0.608,0.652,0.649,,,,,NA,NA,0.6363333333,,,,,,,,,,,,,,,,
,1,Y,66,0,0,0,NA,NA,NA,0,,,,,,0.685,0.7,0.67,,,,,NA,NA,0.685,,,,,,,,,,,,,,,,
,1,Y,67,0,0,0,NA,NA,NA,0,,,,,,0.681,0.654,0.7,,,,,NA,NA,0.6783333333,,,,,,,,,,,,,,,,
,1,Y,68,0,0,0,NA,NA,NA,0,,,,,,0.651,0.587,0.699,,,,,NA,NA,0.6456666667,,,,,,,,,,,,,,,,
,1,Y,69,0,0,0,NA,NA,NA,0,,,,,,0.752,0.803,0.637,,,,,NA,NA,0.7306666667,,,,,,,,,,,,,,,,
,1,Y,70,0,0,0,NA,NA,NA,0,,,,,,0.633,0.537,0.826,,,,,NA,NA,0.6653333333,,,,,,,,,,,,,,,,
,1,Y,71,0,0,0,NA,NA,NA,0,,,,,,0.753,0.679,0.663,,,,,NA,NA,0.6983333333,1,,,,,,,,,,,,,,,
,1,Y,72,0,0,0,NA,NA,NA,0,,,,,,0.639,0.57,0.619,,,,,NA,NA,0.6093333333,2,,,,,,,,,,,,,,,
,1,Y,73,0,0,0,NA,NA,NA,0,,,,,,0.725,0.855,0.61,,,,,NA,NA,0.73,,,,,,,,,,,1,1,,1,1,
,1,Y,74,0,0,0,NA,NA,NA,0,,,,,,0.652,0.596,0.84,,,,,NA,NA,0.696,1,,,,,,,,,,,,,,,
,1,Y,75,0,0,0,NA,NA,NA,0,,,,,,0.739,0.607,0.659,0.746,0.624,0.662,,NA,NA,0.6683333333,1,,,,,,,,,,,,,,,
,1,G,1,0,0,0,NA,NA,NA,0,,,,,,0.826,0.946,0.74,,,,,NA,NA,0.8373333333,,,,,,,,,,,,,,,,
,1,G,2,0,0,0,NA,NA,NA,0,,,,,,0.767,0.807,0.645,0.638,0.858,0.766,Y,NA,NA,0.7396666667,2,,W1-G group length avg:,,,,,,,,,,,,,
,1,G,3,0,0,0,NA,NA,NA,0,,,,,,0.834,0.723,0.856,,,,,NA,NA,0.8043333333,,,0.7633066667,,,,,,,,,,1,,,
,1,G,4,0,0,0,NA,NA,NA,0,,,,,,0.782,0.762,0.778,,,,,NA,NA,0.774,,,,,,,,,,,,,,,,
,1,G,5,0,0,0,NA,NA,NA,0,,,,,,0.887,0.805,0.75,,,,,NA,NA,0.814,,,,,,,,,,,,,,,,
,1,G,6,0,0,0,NA,NA,NA,0,,,,,,0.762,0.691,0.789,,,,,NA,NA,0.7473333333,1,,,,,,,,,,,,,,,
,1,G,7,0,0,0,NA,NA,NA,0,,,,,,0.816,0.77,0.816,,,,,NA,NA,0.8006666667,1,,,,,,,,,,,,,,,
,1,G,8,0,0,0,NA,NA,NA,0,,,,,,0.757,0.712,0.83,,,,,NA,NA,0.7663333333,,,,,,,,,,,,,,,,
,1,G,9,0,0,0,NA,NA,NA,0,,,,,,0.697,0.9,0.806,,,,,NA,NA,0.801,,,,,,,,,,,,1,1,,1,1
,1,G,10,0,0,0,NA,NA,NA,0,,,,,,0.704,0.734,0.686,0.692,0.745,0.700,,NA,NA,0.708,1,,,,,,,,,,,,,,,
,1,G,11,0,0,0,NA,NA,NA,0,,,,,,0.878,0.757,0.787,,,,,NA,NA,0.8073333333,,,,,,,,,,,,,,,,
,1,G,12,0,0,0,NA,NA,NA,0,,,,,,0.677,0.715,0.645,,,,,NA,NA,0.679,,,,,,,,,,,,,,,,
,1,G,13,0,0,0,NA,NA,NA,0,,,,,,0.707,0.805,0.73,,,,,NA,NA,0.7473333333,,,,,,,,,,,,,,,,
,1,G,14,0,0,0,NA,NA,NA,0,,,,,,0.794,0.81,0.834,,,,,NA,NA,0.8126666667,,,,,,,,,,,,,,,,
,1,G,15,0,0,0,NA,NA,NA,0,,,,,,0.739,0.713,0.803,,,,,NA,NA,0.7516666667,,,,,,,,,,,,,,,,
,1,G,16,0,0,0,NA,NA,NA,0,,,,,,0.633,0.654,0.839,0.844,0.674,0.645,Y,NA,NA,0.7086666667,1,,,,,,,,,,,,,,,
,1,G,17,0,0,0,NA,NA,NA,0,,,,,,0.774,0.753,0.783,,,,,NA,NA,0.77,,,,,,,,,,,,,,,,
,1,G,18,0,0,0,NA,NA,NA,0,,,,,,0.772,0.832,0.675,,,,,NA,NA,0.7596666667,,,,,,,,,,,,,,,,
,1,G,19,0,0,0,NA,NA,NA,0,,,,,,0.757,0.875,0.833,,,,,NA,NA,0.8216666667,,,,,,,,,,,,,,,,
,1,G,20,0,0,0,NA,NA,NA,0,,,,,,0.888,0.876,0.748,,,,,NA,NA,0.8373333333,,,,,,,,,,,1,1,,1,1,
,1,G,21,0,0,0,NA,NA,NA,0,,,,,,0.641,0.911,0.777,,,,,NA,NA,0.7763333333,1,,,,,,,,,,,,,,,
,1,G,22,0,0,0,NA,NA,NA,0,,,,,,0.891,0.658,0.816,,,,,NA,NA,0.7883333333,,,,,,,,,,,,,,,,
,1,G,23,0,0,0,NA,NA,NA,0,,,,,,0.89,0.783,0.738,,,,,NA,NA,0.8036666667,1,,,,,,,,,,,,,,,
,1,G,24,0,0,0,NA,NA,NA,0,,,,,,0.801,0.757,0.71,,,,,NA,NA,0.756,1,,,,,,,,,,,,,,,
,1,G,25,0,0,0,NA,NA,NA,0,,,,,,0.826,0.828,0.822,,,,,NA,NA,0.8253333333,,,,,,,,,,,,,,,,
,1,G,26,0,0,0,NA,NA,NA,0,,,,,,0.555,0.668,0.743,,,,,NA,NA,0.6553333333,,,,,,,,,,,,,,,,
,1,G,27,0,0,0,NA,NA,NA,0,,,,,,0.863,0.839,0.737,,,,,NA,NA,0.813,,,,,,,,,,,,,,,,
,1,G,28,0,0,0,NA,NA,NA,0,,,,,,0.898,0.787,0.761,,,,,NA,NA,0.8153333333,,,,,,,,,,,1,1,,1,1,
,1,G,29,0,0,0,NA,NA,NA,0,,,,,,0.887,0.73,0.71,0.892,0.726,0.728,,NA,NA,0.7756666667,,,,,,,,,,,1,1,,1,1,
,1,G,30,0,0,0,NA,NA,NA,0,,,,,,0.701,0.839,0.781,,,,,NA,NA,0.7736666667,1,,,,,,,,,,,,,,,
,1,G,31,0,0,0,NA,NA,NA,0,,,,,,0.689,0.659,0.736,,,,,NA,NA,0.6946666667,,,,,,,,,,,,,,,,
,1,G,32,0,0,0,NA,NA,NA,0,,,,,,0.846,0.69,0.723,,,,,NA,NA,0.753,,,,,,,,,,,1,1,,1,1,
,1,G,33,0,0,0,NA,NA,NA,0,,,,,,0.795,0.761,0.766,,,,,NA,NA,0.774,1,,,,,,,,,,,,,,,
,1,G,34,0,0,0,NA,NA,NA,0,,,,,,0.754,0.797,0.82,,,,,NA,NA,0.7903333333,,,,,,,,,,,,,,,,
,1,G,35,0,0,0,NA,NA,NA,0,,,,,,0.864,0.827,0.818,,,,,NA,NA,0.8363333333,1,,,,,,,,,,,,,,,
,1,G,36,0,0,0,NA,NA,NA,0,,,,,,0.696,0.721,0.725,,,,,NA,NA,0.714,,,,,,,,,,,1,1,,1,1,
,1,G,37,0,0,0,NA,NA,NA,0,,,,,,0.887,0.801,0.688,,,,,NA,NA,0.792,,,,,,,,,,,1,1,1,1,1,
,1,G,38,0,0,0,NA,NA,NA,0,,,,,,0.779,0.871,0.87,,,,,NA,NA,0.84,,,,,,,,,,,,,,,,
,1,G,39,0,0,0,NA,NA,NA,0,,,,,,0.702,0.769,0.695,,,,,NA,NA,0.722,,,,,,,,,,,,,,,,
,1,G,40,0,0,0,NA,NA,NA,0,,,,,,0.855,0.702,0.674,,,,,NA,NA,0.7436666667,,,,,,,,,,,,,,,,
,1,G,41,0,0,0,NA,NA,NA,0,,,,,,0.628,0.794,0.738,,,,,NA,NA,0.72,,,,,,,,,,,,,,,,
,1,G,42,0,0,0,NA,NA,NA,0,,,,,,0.662,0.752,0.807,,,,,NA,NA,0.7403333333,,,,,,,,,,,,,,,,
,1,G,43,0,0,0,NA,NA,NA,0,,,,,,0.858,0.677,0.809,,,,,NA,NA,0.7813333333,,,,,,,,,,,,,,,,
,1,G,44,0,0,0,NA,NA,NA,0,,,,,,0.87,0.683,0.739,,,,,NA,NA,0.764,1,,,,,,,,,,,1,,,,
,1,G,45,0,0,0,NA,NA,NA,0,,,,,,0.782,0.742,0.736,,,,,NA,NA,0.7533333333,1,,,,,,,,,,,,,,,
,1,G,46,0,0,0,NA,NA,NA,0,,,,,,0.738,0.709,0.648,,,,,NA,NA,0.6983333333,,,,,,,,,,,,,,,,
,1,G,47,0,0,0,NA,NA,NA,0,,,,,,0.677,0.696,0.831,,,,,NA,NA,0.7346666667,,,,,,,,,,,,,,,,
,1,G,48,0,0,0,NA,NA,NA,0,,,,,,0.844,0.586,0.803,0.815,0.624,0.858,Y,NA,NA,0.7443333333,,,,,,,,,,,,,,,,
,1,G,49,0,0,0,NA,NA,NA,0,,,,,,0.735,0.749,0.874,0.876,0.757,0.787,Y,NA,NA,0.786,,,,,,,,,,,,,,,,
,1,G,50,0,0,0,NA,NA,NA,0,,,,,,0.794,0.841,0.715,,,,,NA,NA,0.7833333333,,,,,,,,,,,,,,,,
,1,G,51,0,0,0,NA,NA,NA,0,,,,,,0.755,0.734,0.726,,,,,NA,NA,0.7383333333,,,,,,,,,,,,,,,,
,1,G,52,0,0,0,NA,NA,NA,0,,,,,,0.693,0.661,0.568,,,,,NA,NA,0.6406666667,,,,,,,,,,,,,,,,
,1,G,53,0,0,0,NA,NA,NA,0,,,,,,0.682,0.861,0.776,,,,,NA,NA,0.773,,,,,,,,,,,,,,,,
,1,G,54,0,0,0,NA,NA,NA,0,,,,,,0.57,0.752,0.634,,,,,NA,NA,0.652,,,,,,,,,,,,,,,,
,1,G,55,0,0,0,NA,NA,NA,0,,,,,,0.646,0.749,0.831,,,,,NA,NA,0.742,1,,,,,,,,,,,,,,,
,1,G,56,0,0,0,NA,NA,NA,0,,,,,,0.821,0.896,0.744,,,,,NA,NA,0.8203333333,,,,,,,,,,,,,,,,
,1,G,57,0,0,0,NA,NA,NA,0,,,,,,0.734,0.692,0.874,,,,,NA,NA,0.7666666667,,,,,,,,,,,,,,,,
,1,G,58,0,0,0,NA,NA,NA,0,,,,,,0.697,0.655,0.868,,,,,NA,NA,0.74,,,,,,,,,,,,,,,,
,1,G,59,0,0,0,NA,NA,NA,0,,,,,,0.739,0.759,0.803,,,,,NA,NA,0.767,,,,,,,,,,,,,,,,
,1,G,60,0,0,0,NA,NA,NA,0,,,,,,0.678,0.673,0.625,,,,,NA,NA,0.6586666667,2,,,,,,,,,,,,,,,
,1,G,61,0,0,0,NA,NA,NA,0,,,,,,0.725,0.889,0.751,,,,,NA,NA,0.7883333333,,,,,,,,,,,,,,,,
,1,G,62,0,0,0,NA,NA,NA,0,,,,,,0.769,0.796,0.668,,,,,NA,NA,0.7443333333,,,,,,,,,,,,,,,,
,1,G,63,0,0,0,NA,NA,NA,0,,,,,,0.546,0.741,0.763,,,,,NA,NA,0.6833333333,,,,,,,,,,,,,,,,
,1,G,64,0,0,0,NA,NA,NA,0,,,,,,0.717,0.795,0.844,,,,,NA,NA,0.7853333333,,,,,,,,,,,,,,,,
,1,G,65,0,0,0,NA,NA,NA,0,,,,,,0.916,0.767,0.763,,,,,NA,NA,0.8153333333,1,,,,,,,,,,,,,,,
,1,G,66,0,0,0,NA,NA,NA,0,,,,,,0.711,0.785,0.796,0.809,0.795,0.729,Y,NA,NA,0.764,1,,,,,,,,,,,,,,,
,1,G,67,0,0,0,NA,NA,NA,0,,,,,,0.773,0.817,0.747,0.778,0.835,0.766,,NA,NA,0.779,1,,,,,,,,,,,,,,,
,1,G,68,0,0,0,NA,NA,NA,0,,,,,,0.81,0.849,0.734,0.762,0.853,0.823,Y,NA,NA,0.7976666667,1,,,,,,,,,,,,,,,
,1,G,69,0,0,0,NA,NA,NA,0,,,,,,0.769,0.759,0.786,0.787,0.778,0.791,,NA,NA,0.7713333333,1,,,,,,,,,,,,,,,
,1,G,70,0,0,0,NA,NA,NA,0,,,,,,0.675,0.867,0.873,,,,,NA,NA,0.805,,,,,,,,,,,,,,,,
,1,G,71,0,0,0,NA,NA,NA,0,,,,,,0.722,0.785,0.78,,,,,NA,NA,0.7623333333,,,,,,,,,,,,,,,,
,1,G,72,0,0,0,NA,NA,NA,0,,,,,,0.704,0.806,0.814,,,,,NA,NA,0.7746666667,1,,,,,,,,,,,,,,,
,1,G,73,0,0,0,NA,NA,NA,0,,,,,,0.645,0.69,0.603,,,,,NA,NA,0.646,,,,,,,,,,,,,,,,
,1,G,74,0,0,0,NA,NA,NA,0,,,,,,0.644,0.845,0.797,,,,,NA,NA,0.762,1,,,,,,,,,,,,,,,
,1,G,75,0,0,0,NA,NA,NA,0,,,,,,0.86,0.797,0.846,,,,,NA,NA,0.8343333333,,,,,,,,,,,,,,,,
,2,O,1,0,0,0,NA,NA,NA,5,14,14,6,1,0,0.802,0.806,0.726,,,,,0.03066666667,0.03066666667,0.778,,,,1_2,2_3,3_1,0,0,0,,,,,,,
,2,O,2,0,0,0,NA,NA,NA,12,13,13,1,4,0,0.868,0.8,0.927,,,,,0.04966666667,0.04966666667,0.865,,,,1_3,2_1,3_2,0,0,0,,,,,,,
,2,O,3,0,0,0,NA,NA,NA,3,9,9,7,1,0,0.764,0.844,0.745,,,,,0.03166666667,0.03166666667,0.7843333333,,,W2-O group length avg:,1_1,2_2,3_3,0,0,0,,,,,,,
,2,O,4,0,0,0,NA,NA,NA,5,11,10,3,x,0.09090909091,0.79,0.775,0.872,0.773,0.772,0.874,,0.04533333333,0.04533333333,0.8123333333,,,0.7699234234,1_1,2_2,3_3,0,0,0,,,,,,,
,2,O,5,0,0,0,NA,NA,NA,6,13,8,4,2,0.3846153846,0.798,0.706,0.708,0.817,0.76,0.765,,0.006,0.006,0.7373333333,,,,1_1,2_2,3_3,0,0,0,,,,,,,
,2,O,6,0,0,0,NA,NA,NA,10,13,13,11,1,0,0.857,0.799,0.77,0.867,0.804,0.777,,0.03533333333,0.03533333333,0.8086666667,,,,1_2,2_2,3_1,0,0,0,,,,,,,
,2,O,7,0,0,0,NA,NA,NA,6,11,10,8,1,0.09090909091,0.79,0.8,0.785,0.771,0.775,0.781,,0.083,0.083,0.7916666667,,,W2-W1 -O growth avg:,1_3,2_2,3_1,0,0,0,,,,,,,
,2,O,8,0,0,0,NA,NA,NA,1,0,0,x,x,NA,0.77,0.82,0.816,,,,,0.064,0.064,0.802,,,0.03352,1_1,2_3,3_2,0,0,0,,,,,,,
,2,O,9,0,0,0,NA,NA,NA,5,7,6,3,2,0.1428571429,0.775,0.735,0.823,,,,,0.01733333333,0.01733333333,0.7776666667,,,,1_1,2_2,3_3,0,0,0,,,,,,,
,2,O,10,0,0,0,NA,NA,NA,8,8,7,2,4,0.125,0.831,0.815,0.837,,,,,0.06333333333,0.06333333333,0.8276666667,,,,1_3,2_2,3_1,0,0,0,,,,,,,
,2,O,11,0,0,0,NA,NA,NA,6,11,10,0,1,0.09090909091,0.871,0.855,0.864,0.852,0.84,0.852,,0.093,0.093,0.8633333333,,,,1_2,2_3,3_1,0,0,0,,,,,,,
,2,O,12,0,0,0,NA,NA,NA,3,13,8,8,x,0.3846153846,0.827,0.724,0.781,,,,,0.04633333333,0.04633333333,0.7773333333,,,,1_3,2_1,3_2,0,0,0,,,,,,,
,2,O,13,0,0,0,NA,NA,NA,3,9,8,6,x,0.1111111111,0.797,0.928,0.819,,,,,0.04366666667,0.04366666667,0.848,,,,1_1,2_3,3_2,0,0,0,,,,,,,
,2,O,14,0,0,0,NA,NA,NA,2,10,10,0,3,0,0.852,0.854,0.756,,,,,0.03066666667,0.03066666667,0.8206666667,,,,1_1,2_3,3_2,0,0,0,,,,,,,
,2,O,15,0,0,0,NA,NA,NA,5,13,13,2,x,0,0.855,0.853,0.82,0.865,0.866,0.820,,0.04833333333,0.04833333333,0.8426666667,,,,1_2,2_3,3_1,0,0,0,,1,1,,1,1,
,2,O,16,1,0,0,2,NA,NA,16,11,6,11,x,0.4545454545,NA,0.778,0.807,,,,,0.0415,0.0415,0.7925,,,,1_3,2_2,NA,0,0,NA,,,,,,,
,2,O,17,0,0,0,NA,NA,NA,10,10,8,1,3,0.2,0.892,0.852,0.797,,,,,0.04733333333,0.04733333333,0.847,,,,1_1,2_2,3_3,0,0,0,,,,,,,
,2,O,18,1,0,0,2,NA,NA,3,6,5,2,x,0.1666666667,NA,0.819,0.697,,0.81,0.693,,0.05666666667,0.05666666667,0.758,,,,1_2,2_3,NA,0,0,NA,,,,,,,
,2,O,19,0,0,0,NA,NA,NA,7,9,9,9,x,0,0.744,0.862,0.812,,,,,0.06166666667,0.06166666667,0.806,,,,1_1,2_2,3_3,0,0,0,,,,,,,
,2,O,20,0,0,0,NA,NA,NA,2,8,7,4,x,0.125,0.732,0.693,0.798,,,,,0.02566666667,0.02566666667,0.741,,,,1_2,2_1,3_3,0,0,0,,,,,,,
,2,O,21,0,0,0,NA,NA,NA,7,7,5,3,2,0.2857142857,0.755,0.76,0.775,,,,,0.02666666667,0.02666666667,0.7633333333,,,,1_2,2_1,3_3,0,0,0,,,,,,,
,2,O,22,0,0,0,NA,NA,NA,8,14,13,10,x,0.07142857143,0.648,0.819,0.773,,,,,0.029,0.029,0.7466666667,,,,1_1,2_3,3_2,0,0,0,,,,,,,
,2,O,23,0,0,0,NA,NA,NA,9,15,13,13,x,0.1333333333,0.779,0.749,0.737,0.766,0.727,0.720,,0.03,0.03,0.755,,,,1_1,2_2,3_3,0,0,0,1=top 2=bottom,1,1,,1,1,
,2,O,24,0,0,0,NA,NA,NA,9,12,10,0,4,0.1666666667,0.816,0.72,0.908,,,,,0.03133333333,0.03133333333,0.8146666667,,,,1_3,2_1,3_2,0,0,0,,,,,,,
,2,O,25,0,0,0,NA,NA,NA,7,12,11,12,x,0.08333333333,0.79,0.779,0.781,,,,,0.057,0.057,0.7833333333,,,,1_2,2_1,3_3,0,0,0,,,,,,,
,2,O,26,0,0,0,NA,NA,NA,7,14,14,8,x,0,0.784,0.794,0.788,,,,,0.055,0.055,0.7886666667,,,,1_3,2_1,3_2,0,0,0,,,,,,,
,2,O,27,0,0,0,NA,NA,NA,7,12,8,9,x,0.3333333333,0.76,0.808,0.713,,,,,0.036,0.036,0.7603333333,,,,1_3,2_2,3_1,0,0,0,,,,,,,
,2,O,28,0,0,0,NA,NA,NA,4,4,4,0,x,0,0.719,0.761,0.699,,,,,0.04233333333,0.04233333333,0.7263333333,,,,1_1,2_3,3_2,0,0,0,,,,,,,
,2,O,29,0,0,0,NA,NA,NA,8,10,9,6,x,0.1,0.647,0.699,0.903,,,,,0.035,0.035,0.7496666667,,,,1_3,2_1,3_2,0,0,0,,,,,,,
,2,O,30,0,0,0,NA,NA,NA,4,15,13,2,x,0.1333333333,0.82,0.729,0.729,,,,,0.04133333333,0.04133333333,0.7593333333,,,,1_2,2_1,3_3,0,0,0,,,,,,,
,2,O,31,0,0,0,NA,NA,NA,6,12,10,8,1,0.1666666667,0.716,0.591,0.788,,,,,-0.015,-0.015,0.6983333333,,1,,1_2,2_3,3_1,0,0,0,,,,,,,
,2,O,32,1,0,0,2,NA,NA,14,12,9,8,x,0.25,NA,0.712,0.753,,,,,0.08016666667,0.08016666667,0.7325,,,,1_1,2_3,NA,0,0,NA,,1,1,,1,1,
,2,O,33,0,0,0,NA,NA,NA,3,2,2,0,x,0,0.811,0.787,0.786,,,,,0.01066666667,0.01066666667,0.7946666667,,,,1_1,2_3,3_2,0,0,0,,,,,,,
,2,O,34,0,0,0,NA,NA,NA,2,7,6,6,x,0.1428571429,0.756,0.758,0.827,0.748,0.745,0.835,,0.03333333333,0.03333333333,0.7803333333,,,,1_2,2_1,3_3,0,0,0,,,,,,,
,2,O,35,0,0,0,NA,NA,NA,5,11,9,8,1,0.1818181818,0.844,0.681,0.795,,,,,0.034,0.034,0.7733333333,,,,1_1,2_3,3_2,0,0,0,,1,1,,1,1,
,2,O,36,0,0,0,NA,NA,NA,4,7,7,7,x,0,0.721,0.886,0.76,0.721,0.872,0.746,,0.087,0.087,0.789,,,,1_2,2_1,3_3,0,0,0,,,,,,,
,2,O,37,0,0,0,NA,NA,NA,2,5,5,0,0,0,0.775,0.835,0.73,,,,,0.033,0.033,0.78,,,,1_3,2_2,3_1,0,0,0,,,,,,,
,2,O,38,0,0,0,NA,NA,NA,4,12,10,4,3,0.1666666667,0.753,0.719,0.701,,,,,0.009333333333,0.009333333333,0.7243333333,,,,1_2,2_1,3_3,0,0,0,,,,,,,
,2,O,39,0,0,0,NA,NA,NA,0,0,0,x,x,NA,0.634,0.751,0.778,,,,,0.03133333333,0.03133333333,0.721,,,,1_3,2_1,3_2,0,0,0,,,,,,,
,2,O,40,0,0,0,NA,NA,NA,5,3,1,2,x,0.6666666667,0.667,0.797,0.722,,,,,0.019,0.019,0.7286666667,,,,1_3,2_2,3_1,0,0,0,,,,,,,
,2,O,41,0,0,0,NA,NA,NA,5,13,12,2,x,0.07692307692,0.756,0.831,0.777,,,,,0.02433333333,0.02433333333,0.788,,,,1_3,2_2,3_1,0,0,0,,,,,,,
,2,O,42,0,0,0,NA,NA,NA,3,8,7,3,x,0.125,0.712,0.748,0.878,,,,,0.01766666667,0.01766666667,0.7793333333,,,,1_3,2_2,3_1,0,0,0,,,,,,,
,2,O,43,0,0,0,NA,NA,NA,5,9,9,9,x,0,0.65,0.751,0.797,,,,,0.02433333333,0.02433333333,0.7326666667,,,,1_3,2_2,3_1,0,0,0,,,,,,,
,2,O,44,0,0,0,NA,NA,NA,5,5,2,2,x,0.6,0.767,0.788,0.745,,,,,0.01933333333,0.01933333333,0.7666666667,,,,1_1,2_2,3_3,0,0,0,,1,1,,1,1,
,2,O,45,0,0,0,NA,NA,NA,2,10,10,9,x,0,0.646,0.778,0.7,,,,,0.007333333333,0.007333333333,0.708,,,,1_1,2_2,3_3,0,0,0,,,,,,,
,2,O,46,0,0,0,NA,NA,NA,2,4,4,3,x,0,0.722,0.767,0.809,,,,,0.015,0.015,0.766,1,,,1_2,2_1,3_3,0,0,0,,,,,,,
,2,O,47,0,0,0,NA,NA,NA,6,13,13,0,x,0,0.86,0.884,0.81,,,,,0.01833333333,0.01833333333,0.8513333333,,,,1_1,2_2,3_3,0,0,0,,,,,,,
,2,O,48,0,0,0,NA,NA,NA,7,13,10,3,x,0.2307692308,0.742,0.783,0.77,,,,,0.002333333333,0.002333333333,0.765,,,,1_3,2_2,3_1,0,0,0,,,,,,,
,2,O,49,0,0,0,NA,NA,NA,2,6,6,0,x,0,0.799,0.789,0.766,,,,,0.055,0.055,0.7846666667,,,,1_2,2_1,3_3,0,0,0,,,,,,,
,2,O,50,0,0,0,NA,NA,NA,3,14,14,5,x,0,0.831,0.778,0.758,,,,,0.01133333333,0.01133333333,0.789,,,,1_1,2_3,3_2,0,0,0,,,,,,,
,2,O,51,0,0,0,NA,NA,NA,0,0,0,x,x,NA,0.806,0.665,0.684,,,,,0.02933333333,0.02933333333,0.7183333333,,,,1_1,2_2,3_3,0,0,0,,,,,,,
,2,O,52,0,0,0,NA,NA,NA,7,12,10,10,x,0.1666666667,0.791,0.825,0.698,,,,,0.06966666667,0.06966666667,0.7713333333,,,,1_1,2_3,3_2,0,0,0,,,,,,,
,2,O,53,0,0,0,NA,NA,NA,3,6,6,0,x,0,0.667,0.752,0.652,,,,,0.03933333333,0.03933333333,0.6903333333,,,,1_1,2_2,3_3,0,0,0,,1,1,,1,1,
,2,O,54,0,0,0,NA,NA,NA,4,13,13,4,x,0,0.794,0.81,0.837,,,,,0.005333333333,0.005333333333,0.8136666667,,,,1_3,2_2,3_1,0,0,0,,,,,,,
,2,O,55,0,0,0,NA,NA,NA,7,7,5,7,x,0.2857142857,0.824,0.746,0.678,,,,,0.04066666667,0.04066666667,0.7493333333,,,,1_2,2_1,3_3,0,0,0,,,,,,,
,2,O,56,0,0,0,NA,NA,NA,4,11,11,10,x,0,0.737,0.807,0.637,,,,,0.02333333333,0.02333333333,0.727,,,,1_3,2_1,3_2,0,0,0,,,,,,,
,2,O,57,0,0,0,NA,NA,NA,3,8,8,0,x,0,0.718,0.612,0.766,,,,,0.04066666667,0.04066666667,0.6986666667,,,,1_2,2_1,3_3,0,0,0,,,,,,,
,2,O,58,0,0,0,NA,NA,NA,3,7,7,1,x,0,0.745,0.668,0.701,,,,,0.001333333333,0.001333333333,0.7046666667,,,,1_3,2_2,3_1,0,0,0,,,,,,,
,2,O,59,0,0,0,NA,NA,NA,4,3,3,1,x,0,0.762,0.661,0.752,,,,,0.034,0.034,0.725,,,,1_3,2_1,3_2,0,0,0,,,,,,,
,2,O,60,0,0,0,NA,NA,NA,8,12,9,5,x,0.25,0.871,0.87,0.792,,,,,0.03533333333,0.03533333333,0.8443333333,,,,1_2,2_3,3_1,0,0,0,,,,,,,
,2,O,61,0,0,0,NA,NA,NA,3,0,0,x,x,NA,0.725,0.736,0.682,,,,,0.02633333333,0.02633333333,0.7143333333,,,,1_2,2_1,3_3,0,0,0,,,,,,,
,2,O,62,0,0,0,NA,NA,NA,2,3,3,0,x,0,0.609,0.703,0.701,,,,,0.008666666667,0.008666666667,0.671,,,,1_1,2_2,3_3,0,0,0,,,,,,,
,2,O,63,0,0,0,NA,NA,NA,10,9,9,0,1,0,0.88,0.865,0.886,,,,,0.007666666667,0.007666666667,0.877,,,,1_1,2_2,3_3,0,0,0,,1,1,,1,1,
,2,O,64,0,0,0,NA,NA,NA,7,12,10,11,x,0.1666666667,0.763,0.778,0.826,,,,,0.01666666667,0.01666666667,0.789,,,,1_1,2_2,3_3,0,0,0,,,,,,,
,2,O,65,0,0,0,NA,NA,NA,4,11,8,11,x,0.2727272727,0.707,0.732,0.765,,,,,0.01166666667,0.01166666667,0.7346666667,,,,1_3,2_1,3_2,0,0,0,,,,,,,
,2,O,66,0,0,0,NA,NA,NA,7,7,7,5,x,0,0.75,0.741,0.764,,,,,0.01233333333,0.01233333333,0.7516666667,,,,1_2,2_1,3_3,0,0,0,,1,1,,1,1,
,2,O,67,0,0,0,NA,NA,NA,2,14,12,12,x,0.1428571429,0.84,0.73,0.795,,,,,0.02866666667,0.02866666667,0.7883333333,,,,1_2,2_1,3_3,0,0,0,,,,,,,
,2,O,68,0,0,0,NA,NA,NA,6,14,14,14,x,0,0.701,0.861,0.782,,,,,0.06166666667,0.06166666667,0.7813333333,,,,1_1,2_3,3_2,0,0,0,,,1,1,,1,1
,2,O,69,0,0,0,NA,NA,NA,5,8,7,6,x,0.125,0.723,0.733,0.747,,,,,0.06166666667,0.06166666667,0.7343333333,,,,1_3,2_2,3_1,0,0,0,,,,,,,
,2,O,70,0,0,0,NA,NA,NA,4,8,8,7,x,0,0.743,0.782,0.769,,,,,0.04133333333,0.04133333333,0.7646666667,,,,1_1,2_3,3_2,0,0,0,,,,,,,
,2,O,71,0,0,0,NA,NA,NA,8,11,11,1,1,0,0.809,0.836,0.717,,,,,0.01466666667,0.01466666667,0.7873333333,,,,1_2,2_3,3_1,0,0,0,,,,,,,
,2,O,72,0,0,0,NA,NA,NA,5,5,5,1,x,0,0.656,0.768,0.819,,,,,0.029,0.029,0.7476666667,,,,1_1,2_3,3_2,0,0,0,,,,,,,
,2,O,73,0,0,0,NA,NA,NA,2,5,5,2,x,,0.733,0.661,0.692,,,,,0.005333333333,0.005333333333,0.6953333333,,,,1_2,2_3,3_1,0,0,0,,,,,,,
,2,O,74,0,0,0,NA,NA,NA,1,1,1,0,x,0,0.728,0.734,0.679,,,,,0.033,0.033,0.7136666667,,,,1_2,2_1,3_3,0,0,0,,,,,,,
,2,O,75,0,0,0,NA,NA,NA,1,4,4,0,x,0,0.799,0.789,0.695,,,,,0.01366666667,0.01366666667,0.761,,,,1_3,2_2,3_1,0,0,0,,,,,,,
,2,W,1,0,0,0,NA,NA,NA,8,13,12,12,x,0.07692307692,0.733,0.759,0.834,,,,,0.038,#VALUE!,0.7753333333,,,,1_3,2_2,3_1,0,0,0,,,,,,,
,2,W,2,0,0,0,NA,NA,NA,5,9,9,8,x,0,0.811,0.703,0.717,,,,,0.01066666667,#VALUE!,0.7436666667,,,W2-W group length avg:,1_2,2_1,3_3,0,0,0,,1,1,,1,1,
,2,W,3,1,0,0,2,NA,NA,9,11,9,4,1,0.1818181818,0.773,0.694,NA,,,,,0.08016666667,#VALUE!,0.7335,,,0.7539017857,1_2,2_1,NA,0,0,NA,,,,,,,
,2,W,4,0,0,0,NA,NA,NA,4,11,9,8,1,0.1818181818,0.676,0.835,0.719,,,,,0.033,#VALUE!,0.7433333333,1,,,1_3,2_1,3_2,0,0,0,,,,,,,
,2,W,5,0,0,0,NA,NA,NA,17,14,11,6,0,0.2142857143,0.825,0.704,0.854,,,,,0.024,#VALUE!,0.7943333333,,,,1_1,2_2,3_3,0,0,0,,1,1,,1,1,
,2,W,6,0,0,0,NA,NA,NA,6,9,8,8,x,0.1111111111,0.806,0.755,0.698,,,,,0.01,#VALUE!,0.753,,,W2-W1 growth avg:,1_2,2_1,3_3,0,0,0,,,,,,,
,2,W,7,0,0,0,NA,NA,NA,12,12,8,7,0,0.3333333333,0.777,0.7,0.793,,,,,0.01566666667,#VALUE!,0.7566666667,,,0.03062,1_2,2_3,3_1,0,0,0,,,,,,,
,2,W,8,0,0,0,NA,NA,NA,3,12,12,11,0,0,0.642,0.721,0.664,,,,,0.01633333333,#VALUE!,0.6756666667,,,,1_1,2_2,3_3,0,0,0,,,,,,,
,2,W,9,0,0,0,NA,NA,NA,2,10,6,6,x,0.4,0.869,0.758,0.704,,,,,0.05033333333,#VALUE!,0.777,,,,1_2,2_1,3_3,0,0,0,,1,1,,1,1,
,2,W,10,0,0,0,NA,NA,NA,7,12,11,1,0,0.08333333333,0.747,0.734,0.656,,,,,0.03966666667,#VALUE!,0.7123333333,,,,1_1,2_2,3_3,0,0,0,,,,,,,
,2,W,11,0,0,0,NA,NA,NA,10,13,11,8,0,0.1538461538,0.74,0.623,0.706,,,,,0.014,#VALUE!,0.6896666667,,,,1_2,2_1,3_3,0,0,0,,,,,,,
,2,W,12,0,0,0,NA,NA,NA,11,11,11,7,x,0,0.818,0.714,0.782,,,,,0.05266666667,#VALUE!,0.7713333333,,,,1_1,2_2,3_3,0,0,0,,,,,,,
,2,W,13,0,0,0,NA,NA,NA,12,11,8,8,x,0.2727272727,0.777,0.711,0.801,,,,,0.04966666667,#VALUE!,0.763,,,,1_1,2_3,3_2,0,0,0,,,,,,,
,2,W,14,0,0,0,NA,NA,NA,3,12,10,8,0,0.1666666667,0.708,0.758,0.698,,,,,0.024,#VALUE!,0.7213333333,,,,1_1,2_2,3_3,0,0,0,,,,,,,
,2,W,15,0,0,0,NA,NA,NA,14,10,6,4,0,0.4,0.791,0.829,0.748,,,,,0.02766666667,#VALUE!,0.7893333333,,,,1_3,2_2,3_1,0,0,0,,,,,,,
,2,W,16,0,0,0,NA,NA,NA,2,11,6,6,x,0.4545454545,0.674,0.775,0.74,,,,,0.03333333333,#VALUE!,0.7296666667,,,,1_3,2_1,3_2,0,0,0,,,,,,,
,2,W,17,0,0,0,NA,NA,NA,9,7,7,3,0,0,0.797,0.817,0.864,,,,,0.043,#VALUE!,0.826,,,,1_2,2_3,3_1,0,0,0,,1,1,,1,1,
,2,W,18,0,0,0,NA,NA,NA,5,10,10,7,0,0,0.751,0.733,0.779,0.733,0.718,0.763,,0.058,#VALUE!,0.7543333333,,,,1_2,2_1,3_3,0,0,0,,,,,,,
,2,W,19,0,0,0,NA,NA,NA,4,8,8,8,x,0,0.754,0.748,0.867,0.739,0.746,0.879,,0.04766666667,#VALUE!,0.7896666667,,,,1_1,2_3,3_2,0,0,0,,1,1,,1,1,
,2,W,20,0,0,0,NA,NA,NA,3,8,8,6,0,0,0.727,0.695,0.719,,,,,0.03133333333,#VALUE!,0.7136666667,,,,1_2,2_1,3_3,0,0,0,,,,,,,
,2,W,21,0,0,0,NA,NA,NA,1,5,5,0,0,0,0.69,0.78,0.686,,,,,0.01466666667,#VALUE!,0.7186666667,,,,1_1,2_2,3_3,0,0,0,,,,,,,
,2,W,22,0,0,0,NA,NA,NA,11,15,11,10,0,0.2666666667,0.744,0.775,0.884,,,,,0.007333333333,#VALUE!,0.801,,,,1_3,2_2,3_1,0,0,0,,,,,,,
,2,W,23,0,0,0,NA,NA,NA,7,9,8,7,0,0.1111111111,0.778,0.759,0.84,,,,,0.03666666667,#VALUE!,0.7923333333,,,,1_3,2_2,3_1,0,0,0,,,,,,,
,2,W,24,0,0,0,NA,NA,NA,8,7,5,5,x,0.2857142857,0.722,0.795,0.667,,,,,0.01033333333,#VALUE!,0.728,1,,,1_3,2_1,3_2,0,0,0,,,,,,,
,2,W,25,0,0,0,NA,NA,NA,3,11,11,7,1,0,0.732,0.616,0.784,,,,,0.005666666667,#VALUE!,0.7106666667,,,,1_2,2_3,3_1,0,0,0,,,,,,,
,2,W,26,0,0,0,NA,NA,NA,7,10,10,7,0,0,0.732,0.779,0.757,,,,,0.022,#VALUE!,0.756,,,,1_2,2_3,3_1,0,0,0,,,,,,,
,2,W,27,0,0,0,NA,NA,NA,5,8,8,8,x,0,0.666,0.57,0.767,,,,,0.03333333333,#VALUE!,0.6676666667,,,,1_3,2_2,3_1,0,0,0,,,,,,,
,2,W,28,0,0,0,NA,NA,NA,8,9,7,4,0,0.2222222222,0.779,0.873,0.812,,,,,0.01933333333,#VALUE!,0.8213333333,,,,1_2,2_3,3_1,0,0,0,,,,,,,
,2,W,29,0,0,0,NA,NA,NA,1,1,1,1,x,0,0.76,0.802,0.702,,,,,0.05,#VALUE!,0.7546666667,,,,1_3,2_1,3_1,0,0,0,,,,,,,
,2,W,30,0,0,0,NA,NA,NA,1,3,3,2,0,0,0.669,0.67,0.75,0.657,0.685,0.741,,0.016,#VALUE!,0.6963333333,,,,1_2,2_1,3_3,0,0,0,,,,,,,
,2,W,31,0,0,0,NA,NA,NA,4,10,10,9,0,0,0.739,0.637,0.752,,,,,0.02633333333,#VALUE!,0.7093333333,,,,1_3,2_2,3_1,0,0,0,,,,,,,
,2,W,32,0,0,0,NA,NA,NA,4,9,8,8,x,0.1111111111,0.726,0.905,0.71,,,,,0.031,#VALUE!,0.7803333333,,,,1_3,2_1,3_2,0,0,0,,,,,,,
,2,W,33,0,0,0,NA,NA,NA,12,11,9,7,2,0.1818181818,0.862,0.765,0.591,,,,,0.03233333333,#VALUE!,0.7393333333,,,,1_1,2_3,3_2,0,0,0,,,,,,,
,2,W,34,0,0,0,NA,NA,NA,0,0,0,x,x,NA,0.654,0.653,0.674,,,,,0.04983333333,#VALUE!,0.6603333333,,,,1_1,,3_2,0,1,,w1 1&3 same snail,,,,,,
,2,W,35,0,0,0,NA,NA,NA,14,14,10,2,0,0.2857142857,0.737,0.901,0.818,,,,,0.008666666667,#VALUE!,0.8186666667,,,,1_2,2_1,3_3,0,0,0,,,,,,,
,2,W,36,0,0,0,NA,NA,NA,5,11,10,5,0,0.09090909091,0.745,0.725,0.552,,,,,0.01033333333,#VALUE!,0.674,,1,,1_3,2_1,3_2,0,0,0,,,,1,,,
,2,W,37,0,0,0,NA,NA,NA,10,11,5,5,x,0.5454545455,0.725,0.834,0.781,0.719,0.83,0.780,,0.022,#VALUE!,0.78,,,,1_3,2_1,3_2,0,0,0,,,,,,,
,2,W,38,0,0,0,NA,NA,NA,2,11,11,10,x,0,0.734,0.718,0.725,0.731,0.709,0.728,,0.024,#VALUE!,0.7256666667,,,,1_2,2_3,3_1,0,0,0,,,,,,,
,2,W,39,0,0,0,NA,NA,NA,2,10,10,8,0,0,0.682,0.656,0.718,,,,,0.011,#VALUE!,0.6853333333,,,,1_3,2_2,3_1,0,0,0,,,,,,,
,2,W,40,0,0,0,NA,NA,NA,9,11,7,2,2,0.3636363636,0.793,0.722,0.957,,,,,0.004666666667,#VALUE!,0.824,,,,1_2,2_3,3_1,0,0,0,,,,,,,
,2,W,41,0,0,0,NA,NA,NA,10,10,7,7,x,0.3,0.69,0.6,0.838,,,,,0.015,#VALUE!,0.7093333333,,,,1_1,2_2,3_3,0,0,0,,,,,,,
,2,W,42,0,0,0,NA,NA,NA,8,8,5,3,1,0.375,0.768,0.687,0.684,,,,,0.02033333333,#VALUE!,0.713,,,,1_2,2_1,3_3,0,0,0,,,,,,,
,2,W,43,0,0,0,NA,NA,NA,9,14,13,12,1,0.07142857143,0.802,0.744,0.746,,,,,0.01466666667,#VALUE!,0.764,,,,1_1,2_3,3_2,0,0,0,,,,,,,
,2,W,44,0,0,0,NA,NA,NA,5,11,11,6,1,0,0.766,0.818,0.716,,,,,0.03866666667,#VALUE!,0.7666666667,,,,1_2,2_1,3_3,0,0,0,,,,,,,
,2,W,45,0,0,0,NA,NA,NA,3,10,9,3,0,0.1,0.764,0.706,0.602,,,,,0.011,#VALUE!,0.6906666667,,,,1_3,2_1,3_2,0,0,0,,,,,,,
,2,W,46,0,0,0,NA,NA,NA,7,11,6,6,x,0.4545454545,0.751,0.761,0.755,0.745,0.757,0.757,,0.04033333333,#VALUE!,0.7556666667,,,,1_1,2_3,3_2,0,0,0,,,,,,,
,2,W,47,0,0,0,NA,NA,NA,8,12,9,7,1,0.25,0.866,0.873,0.689,,,,,0.028,#VALUE!,0.8093333333,,,,1_3,2_2,3_1,0,0,0,,1,,,,,
,2,W,48,0,0,0,NA,NA,NA,12,11,8,6,0,0.2727272727,0.826,0.865,0.72,,,,,0.01133333333,#VALUE!,0.8036666667,,,,1_2,2_1,3_3,0,0,0,,,,,,,
,2,W,49,0,0,0,NA,NA,NA,1,2,2,2,x,0,0.631,0.664,0.781,,,,,0.05166666667,#VALUE!,0.692,1,,,1_3,2_2,3_1,0,0,0,,,,,,,
,2,W,50,0,0,0,NA,NA,NA,7,10,9,9,x,0.1,0.729,0.691,0.82,,,,,0.03766666667,#VALUE!,0.7466666667,,,,1_2,2_3,3_1,0,0,0,,,,,,,
,2,W,51,0,0,0,NA,NA,NA,6,10,9,8,x,0.1,0.865,0.718,0.671,,,,,0.034,#VALUE!,0.7513333333,,,,1_1,2_3,3_2,0,0,0,,1,1,,1,1,
,2,W,52,0,0,0,NA,NA,NA,8,10,9,5,4,0.1,0.829,0.759,0.758,,,,,0.019,#VALUE!,0.782,,,,1_2,2_1,3_3,0,0,0,,,,,,,
,2,W,53,0,0,0,NA,NA,NA,6,10,8,5,0,0.2,0.669,0.724,0.74,,,,,0.04033333333,#VALUE!,0.711,,,,1_2,2_1,3_3,0,0,0,,,,,,,
,2,W,54,0,0,0,NA,NA,NA,8,11,9,5,2,0.1818181818,0.758,0.845,0.827,0.772,0.828,0.841,,0.039,#VALUE!,0.81,,,,1_2,2_1,3_3,0,0,0,,,,,,,
,2,W,55,0,0,0,NA,NA,NA,7,11,5,4,1,0.5454545455,0.71,0.82,0.878,,,,,0.07116666667,#VALUE!,0.8026666667,,,,1_1,,3_3,0,1,0,w1 1&2 same snail,,,,,,
,2,W,56,0,0,0,NA,NA,NA,13,9,7,7,x,0.2222222222,0.865,0.754,0.841,0.87,0.743,0.827,,0.04466666667,#VALUE!,0.82,,,,1_3,2_2,3_1,0,0,0,,,,,,,
,2,W,57,0,0,0,NA,NA,NA,6,12,10,7,2,0.1666666667,0.774,0.698,0.779,,,,,0.016,#VALUE!,0.7503333333,,,,1_1,2_2,3_3,0,0,0,,,,,,,
,2,W,58,0,0,0,NA,NA,NA,12,10,10,7,0,0,0.762,0.883,0.585,,,,,0.02,#VALUE!,0.7433333333,,,,1_2,2_1,3_3,0,0,0,,,,,,,
,2,W,59,0,0,0,NA,NA,NA,0,0,0,x,x,NA,0.593,0.696,0.617,,,,,0.02066666667,#VALUE!,0.6353333333,,,,1_1,2_2,3_3,0,0,0,,,,,,,
,2,W,60,0,0,0,NA,NA,NA,7,14,14,0,11,0,0.908,0.815,0.836,,,,,0.068,#VALUE!,0.853,,,,1_1,2_3,3_2,0,0,0,,,,,,,
,2,W,61,0,0,0,NA,NA,NA,9,11,10,10,x,0.09090909091,0.587,0.834,0.856,,,,,0.03566666667,#VALUE!,0.759,,,,1_3,2_1,3_2,0,0,0,,,,,,,
,2,W,62,0,0,0,NA,NA,NA,10,12,11,11,x,0.08333333333,0.679,0.71,0.841,0.699,0.705,0.844,,0.06033333333,#VALUE!,0.7433333333,1,,,1_1,2_3,3_2,0,0,0,,,,,,,
,2,W,63,0,0,0,NA,NA,NA,0,0,0,x,x,NA,0.693,0.698,0.684,,,,,0.007333333333,#VALUE!,0.6916666667,,,,1_1,2_2,3_3,0,0,0,,,,,,,
,2,W,64,0,0,0,NA,NA,NA,7,14,13,8,x,0.07142857143,0.801,0.819,0.819,,,,,0.06533333333,#VALUE!,0.813,1,,,1_3,2_1,3_2,0,0,0,,,,,,,
,2,W,65,0,0,0,NA,NA,NA,9,13,10,5,5,0.2307692308,0.722,0.911,0.914,,,,,0.06266666667,#VALUE!,0.849,,,,1_3,2_1,3_2,0,0,0,,,,,,,
,2,W,66,0,0,0,NA,NA,NA,10,13,6,12,x,0.5384615385,0.692,0.758,0.736,0.683,0.739,0.723,,0.02733333333,#VALUE!,0.7286666667,,,,1_1,2_2,3_3,0,0,0,file named wrong 1=2 2=3 3=6,,,,,,
,2,W,67,0,0,0,NA,NA,NA,9,14,12,11,x,0.1428571429,0.841,0.71,0.819,,,,,0.01866666667,#VALUE!,0.79,,,,1_1,2_3,3_2,0,0,0,,,,,,,
,2,W,68,0,0,0,NA,NA,NA,7,6,6,2,x,0,0.621,0.869,0.749,,,,,0.02666666667,#VALUE!,0.7463333333,,,,1_2,2_3,3_1,0,0,0,,,,,,,
,2,W,69,0,0,0,NA,NA,NA,10,12,10,8,0,0.1666666667,0.772,0.829,0.704,,,,,0.02566666667,#VALUE!,0.7683333333,,,,1_3,2_2,3_1,0,0,0,,,,,,,
,2,W,70,0,0,0,NA,NA,NA,16,10,9,6,0,0.1,0.76,0.829,0.829,,,,,0.06166666667,#VALUE!,0.806,,,,1_2,2_3,3_1,0,0,0,,,,,,,
,2,W,71,0,0,0,NA,NA,NA,4,9,9,5,2,0,0.845,0.704,0.715,,,,,0.02266666667,#VALUE!,0.7546666667,,,,1_1,2_2,3_3,0,0,0,,,,,,,
,2,W,72,0,0,0,NA,NA,NA,1,5,5,1,0,0,0.77,0.699,0.807,,,,,0.04033333333,#VALUE!,0.7586666667,,,,1_1,2_2,3_3,0,0,0,,,,,,,
,2,W,73,0,0,0,NA,NA,NA,9,10,10,0,0,0,0.688,0.875,0.87,,,,,0.02733333333,#VALUE!,0.811,1,,,1_3,2_1,3_2,0,0,0,,,,,,,
,2,W,74,0,0,0,NA,NA,NA,10,10,9,9,x,0.1,0.781,0.788,0.824,,,,,0.028,#VALUE!,0.7976666667,,,,1_2,2_1,3_3,0,0,0,,,,,,,
,2,W,75,0,0,0,NA,NA,NA,6,8,8,4,0,0,0.767,0.695,0.794,,,,,0.01066666667,#VALUE!,0.752,,,,1_2,2_3,3_1,0,0,0,,,,,,,
,2,Y,1,0,0,0,NA,NA,NA,2,1,1,1,x,0,0.657,0.682,0.785,,,,,0.06766666667,0.03283111111,0.708,,,,1_3,2_1,3_2,0,0,0,,,,,,,
,2,Y,2,0,0,0,NA,NA,NA,2,1,1,1,x,0,0.741,0.723,0.697,0.747,0.737,0.717,,0.03366666667,-0.001168888889,0.7203333333,,,,,,,1,1,1,,,,,,,
,2,Y,3,0,0,0,NA,NA,NA,3,9,9,9,x,0,0.72,0.675,0.717,,,,,0.02533333333,-0.009502222222,0.704,,,W2-Y group length avg:,1_3,2_2,3_1,0,0,0,,,,,,,
,2,Y,4,0,0,0,NA,NA,NA,4,13,13,6,0,0,0.753,0.773,0.771,,,,,0.097,0.06216444444,0.7656666667,1,,0.7234241071,1_3,2_2,3_1,0,0,0,,,,,,,
,2,Y,5,0,0,0,NA,NA,NA,4,7,7,1,0,0,0.747,0.689,0.681,,,,,0.05633333333,0.02149777778,0.7056666667,,,,1_,2_2,3_,1,0,1,,,,,,,
,2,Y,6,0,0,0,NA,NA,NA,4,10,10,2,1,0,0.644,0.821,0.673,,,,,0.04366666667,0.008831111111,0.7126666667,,,,1_1,2_3,3_2,0,0,0,,,,,,,
,2,Y,7,0,0,0,NA,NA,NA,3,9,9,9,x,0,0.847,0.702,0.82,,,,,0.09066666667,0.05583111111,0.7896666667,,,W2-W1 -Y growth avg:,1_3,2_2,3_1,0,0,0,3rd snail picture blurry/out of focus,,,,,,
,2,Y,8,0,0,0,NA,NA,NA,3,2,2,0,0,0,0.721,0.962,0.764,,,,,0.092,0.05716444444,0.8156666667,,,0.03483555556,1_2,2_1,3_3,0,0,0,,,,,,1,
,2,Y,9,0,0,0,NA,NA,NA,3,7,7,4,0,0,0.752,0.67,0.631,,,,,0.055,0.02016444444,0.6843333333,1,,,1_3,2_1,3_2,0,0,0,,,,,,,
,2,Y,10,0,0,0,NA,NA,NA,5,7,7,4,0,0,0.796,0.716,0.65,,,,,0.02466666667,-0.01016888889,0.7206666667,,,,1_2,2_1,3_3,0,0,0,,1,1,,1,1,
,2,Y,11,1,0,0,2,NA,NA,3,6,6,2,0,0,0.657,0.753,,,,,,0.1,0.06516444444,0.705,,,,1_2,2_1,NA,0,0,NA,,,,,,,
,2,Y,12,0,0,0,NA,NA,NA,5,10,6,6,x,0.4,0.724,0.75,0.741,0.73,0.747,0.764,,0.04766666667,0.01283111111,0.7383333333,,,,1_2,2_1,3_3,0,0,0,,,,,,,
,2,Y,13,0,0,0,NA,NA,NA,2,0,0,x,x,NA,0.655,0.746,0.783,,,,,0.003333333333,-0.03150222222,0.728,,,,1_1,2_3,3_2,0,0,0,,,,,,,
,2,Y,14,0,0,0,NA,NA,NA,2,8,8,0,0,0,0.624,0.762,0.613,,,,,0.04433333333,0.009497777778,0.6663333333,,,,1_1,2_3,3_2,0,0,0,,,,,,,
,2,Y,15,0,0,0,NA,NA,NA,0,0,0,x,x,NA,0.768,0.719,0.745,,,,,0.082,0.04716444444,0.744,1,,,1_2,,,0,1,1,,,,,,,
,2,Y,16,0,0,0,NA,NA,NA,3,9,9,8,0,0,0.745,0.736,0.644,,,,,0.007333333333,-0.02750222222,0.7083333333,,,,1_2,2_1,3_3,0,0,0,,,,,,,
,2,Y,17,0,0,0,NA,NA,NA,4,12,12,11,x,0,0.629,0.726,0.701,,,,,0.011,-0.02383555556,0.6853333333,,,,1_1,2_3,3_2,0,0,0,,,,,,,
,2,Y,18,0,0,0,NA,NA,NA,2,14,14,5,0,0,0.726,0.797,0.706,,,,,0.022,-0.01283555556,0.743,,,,1_1,2_3,3_2,0,0,0,,,,,,,
,2,Y,19,0,0,0,NA,NA,NA,2,0,0,x,x,NA,0.675,0.774,0.821,,,,,0.02666666667,-0.008168888889,0.7566666667,1,,,1_3,2_1,3_2,0,0,0,,,,,,,
,2,Y,20,0,0,0,NA,NA,NA,2,6,6,4,x,0,0.709,0.726,0.794,,,,,0.07366666667,0.03883111111,0.743,,,,1_1,2_3,3_2,0,0,0,,,,,,1,1
,2,Y,21,0,0,0,NA,NA,NA,2,10,10,7,0,0,0.676,0.804,0.788,,,,,0.072,0.03716444444,0.756,,,,1_2,2_1,3_3,0,0,0,,,,,,,
,2,Y,22,0,0,0,NA,NA,NA,0,0,0,x,x,NA,0.872,0.738,0.66,,,,,0.06766666667,0.03283111111,0.7566666667,,,,1_2,2_1,3_3,0,0,0,,,,,,,
,2,Y,23,0,0,0,NA,NA,NA,2,5,5,4,0,,0.767,0.644,0.712,,,,,0.005666666667,-0.02916888889,0.7076666667,,,,1_1,2_3,3_2,0,0,0,,,,,,,
,2,Y,24,0,0,0,NA,NA,NA,5,12,12,3,3,0,0.858,0.739,0.686,,,,,0.04466666667,0.009831111111,0.761,,,,1_1,2_2,3_3,0,0,0,,,,,,,
,2,Y,25,0,0,0,NA,NA,NA,2,7,7,6,x,0,0.752,0.737,0.647,,,,,0.02333333333,-0.01150222222,0.712,,,,1_1,2_3,3_2,0,0,0,,,,,,,
,2,Y,26,0,0,0,NA,NA,NA,4,11,8,5,0,0.2727272727,0.714,0.772,0.771,0.755,0.792,0.807,,0.01266666667,-0.02216888889,0.7523333333,,,,1_1,2_3,3_2,0,0,0,,,,,,,
,2,Y,27,0,0,0,NA,NA,NA,4,5,5,0,1,0,0.768,0.792,0.757,,,,,0.02366666667,-0.01116888889,0.7723333333,,,,1_1,2_2,3_3,0,0,0,,,,,,,
,2,Y,28,0,0,0,NA,NA,NA,4,10,9,7,1,0.1,0.693,0.798,0.742,,,,,0.02833333333,-0.006502222222,0.7443333333,,,,1_3,2_2,3_1,0,0,0,,,,,,,
,2,Y,29,0,0,0,NA,NA,NA,7,10,10,8,x,0,0.661,0.756,0.713,0.724,0.755,0.735,,0.01566666667,-0.01916888889,0.71,,,,1_2,2_3,3_1,0,0,0,,,,,,,
,2,Y,30,0,0,0,NA,NA,NA,0,0,0,x,x,NA,0.699,0.688,0.718,,,,,0.047,0.012,0.7016666667,,,,1_1,2_3,3_2,0,0,0,,,,,,,
,2,Y,31,0,0,0,NA,NA,NA,3,4,4,0,0,0,0.696,0.71,0.793,,,,,0.06833333333,0.03349777778,0.733,,,,1_3,2_1,3_2,0,0,0,,1,1,,1,1,
,2,Y,32,0,0,0,NA,NA,NA,1,1,1,0,0,0,0.664,0.639,0.742,,,,,0.01433333333,-0.02050222222,0.6816666667,,,,1_1,2_3,3_2,0,0,0,,,,,,,
,2,Y,33,0,0,0,NA,NA,NA,1,5,0,x,x,NA,0.661,0.794,0.485,,,,,0.01833333333,-0.01650222222,0.6466666667,,,,1_3,2_1,3_2,0,0,0,,,1,1,,1,1
,2,Y,34,0,0,0,NA,NA,NA,3,12,12,0,0,0,0.837,0.765,0.645,,,,,0.008666666667,-0.02616888889,0.749,,,,1_2,2_3,3_1,0,0,0,,,,,,,
,2,Y,35,0,0,0,NA,NA,NA,3,3,3,0,0,0,0.659,0.734,0.68,,,,,0.0003333333333,-0.03450222222,0.691,,,,1_1,2_2,3_3,0,0,0,,,1,1,,1,1
,2,Y,36,0,0,0,NA,NA,NA,0,0,0,x,x,NA,0.695,0.631,0.745,0.714,0.641,0.735,,0.02666666667,-0.008168888889,0.6903333333,,,,1_3,2_1,3_2,0,0,0,,,,,,,
,2,Y,37,0,0,0,NA,NA,NA,4,6,3,1,x,0.5,0.689,0.753,0.747,,,,,0.01733333333,-0.01750222222,0.7296666667,,,,1_1,2_3,3_2,0,0,0,,1,1,,1,1,
,2,Y,38,0,0,0,NA,NA,NA,5,10,9,3,0,0.1,0.751,0.697,0.691,,,,,0.04866666667,0.01383111111,0.713,,,,1_2,2_3,3_1,0,0,0,,,,,,,
,2,Y,39,0,0,0,NA,NA,NA,7,10,7,5,1,0.3,0.795,0.835,0.633,,,,,0.075,0.04016444444,0.7543333333,,,,1_2,2_3,3_1,0,0,0,,,,,,,
,2,Y,40,0,0,0,NA,NA,NA,3,7,7,4,0,0,0.792,0.724,0.84,0.786,0.728,0.849,,0.02533333333,-0.009502222222,0.7853333333,,,,1_2,2_1,3_3,0,0,0,,1,1,,1,1,
,2,Y,41,0,0,0,NA,NA,NA,4,10,8,8,x,0.2,0.759,0.68,0.625,,,,,0.04433333333,0.009497777778,0.688,,,,1_2,2_3,3_1,0,0,0,,,,,,,
,2,Y,42,0,0,0,NA,NA,NA,7,10,9,5,0,0.1,0.688,0.738,0.771,,,,,0.05266666667,0.01783111111,0.7323333333,,,,1_2,2_1,3_3,0,0,0,,,,,,,
,2,Y,43,0,0,0,NA,NA,NA,4,8,7,7,x,0.125,0.678,0.703,0.838,,,,,0.01166666667,-0.02316888889,0.7396666667,,,,1_3,2_1,3_2,0,0,0,,,,,,,
,2,Y,44,0,0,0,NA,NA,NA,6,8,8,4,0,0,0.787,0.766,0.616,,,,,0.054,0.019,0.723,1,,,1_1,2_3,3_2,0,0,0,,,,,,,
,2,Y,45,0,0,0,NA,NA,NA,2,4,4,2,0,0,0.74,0.652,0.877,,,,,0.02633333333,-0.008502222222,0.7563333333,,,,1_2,2_1,3_3,0,0,0,,,,,,,
,2,Y,46,0,0,0,NA,NA,NA,0,0,0,x,x,NA,0.661,0.696,0.707,,,,,0.001,-0.034,0.688,,,,1_2,2_3,3_1,0,0,0,,,,,,,
,2,Y,47,0,0,0,NA,NA,NA,2,4,4,4,x,0,0.588,0.795,0.667,,,,,0.002666666667,-0.03216888889,0.6833333333,,,,1_1,2_2,3_3,0,0,0,,,,,,,
,2,Y,48,0,0,0,NA,NA,NA,1,0,0,x,x,NA,0.817,0.704,0.76,,,,,0.001666666667,-0.03316888889,0.7603333333,,,,1_1,2_2,3_3,0,0,0,,,,,,,
,2,Y,49,0,0,0,NA,NA,NA,0,0,0,x,x,NA,0.703,0.805,0.749,,,,,0.02333333333,-0.01150222222,0.7523333333,,,,1_3,2_1,3_1,0,0,0,,,,,,,
,2,Y,50,0,0,0,NA,NA,NA,3,1,1,1,x,0,0.682,0.777,0.71,,,,,0.01466666667,-0.02016888889,0.723,,,,1_3,2_2,3_1,0,0,0,,,,,,,
,2,Y,51,0,0,0,NA,NA,NA,2,10,10,10,x,0,0.771,0.842,0.701,,,,,0.05766666667,0.02283111111,0.7713333333,,,,1_1,2_1,3_2,0,0,0,,,,,,,
,2,Y,52,0,0,0,NA,NA,NA,3,13,13,0,0,0,0.717,0.785,0.709,0.734,0.79,0.702,,0.07633333333,0.04149777778,0.737,,,,1_3,2_2,3_1,0,0,0,,,,,,,
,2,Y,53,0,0,0,NA,NA,NA,1,6,6,0,0,0,0.752,0.745,0.666,0.748,0.755,0.678,,0.02833333333,-0.006502222222,0.721,,,,1_2,2_3,3_1,0,0,0,,1,1,,1,1,
,2,Y,54,0,0,0,NA,NA,NA,1,2,2,0,0,0,0.836,0.728,0.71,,,,,0.031,-0.003835555556,0.758,,,,1_3,2_2,3_1,0,0,0,,,,,,,
,2,Y,55,0,0,0,NA,NA,NA,4,14,14,11,1,0,0.774,0.77,0.786,,,,,0.04833333333,0.01349777778,0.7766666667,,,,1_2,2_3,3_1,0,0,0,,,,,,,
,2,Y,56,0,0,0,NA,NA,NA,1,0,0,x,x,NA,0.772,0.706,0.68,,,,,0.07133333333,0.03649777778,0.7193333333,,,,1_3,2_2,3_1,0,0,0,,,,,,,
,2,Y,57,0,0,0,NA,NA,NA,3,1,1,0,0,0,0.697,0.694,0.687,,,,,0.002333333333,-0.03250222222,0.6926666667,1,,,1_3,2_1,3_2,0,0,0,,,,,,,
,2,Y,58,0,0,0,NA,NA,NA,6,10,9,8,x,0.1,0.755,0.753,0.803,,,,,0.03166666667,-0.003168888889,0.7703333333,,1,,1_3,2_1,3_2,0,0,0,,,,,,,
,2,Y,59,0,0,0,NA,NA,NA,0,0,0,x,x,NA,0.745,0.633,0.728,,,,,0.05166666667,0.01683111111,0.702,,,,1_3,2_1,3_2,0,0,0,,,,,,,
,2,Y,60,0,0,0,NA,NA,NA,0,0,0,x,x,NA,0.662,0.702,0.571,,,,,0.01166666667,-0.02316888889,0.645,,,,1_2,2_3,3_1,0,0,0,,,,,,,
,2,Y,61,0,0,0,NA,NA,NA,0,0,0,x,x,NA,0.639,0.71,0.614,,,,,0.003,-0.03183555556,0.6543333333,1,,,1_3,2_3,3_2,0,0,0,,,,,,,
,2,Y,62,0,0,0,NA,NA,NA,5,9,9,5,2,0,0.806,0.94,0.7,,,,,0.01433333333,-0.02050222222,0.8153333333,1,,,1_3,2_2,3_1,0,0,0,,,,,,,
,2,Y,63,0,0,0,NA,NA,NA,2,10,10,6,1,0,0.625,0.772,0.932,,,,,0.064,0.02916444444,0.7763333333,,,,1_2,2_3,3_1,0,0,0,,,,,,,
,2,Y,64,0,0,0,NA,NA,NA,2,5,5,1,0,0,0.773,0.604,0.791,0.793,0.591,0.810,,0.03366666667,-0.001168888889,0.7226666667,,,,1_2,2_3,3_1,0,0,0,,,,,,,
,2,Y,65,0,0,0,NA,NA,NA,0,0,0,x,x,NA,0.678,0.641,0.687,,,,,0.03233333333,-0.002502222222,0.6686666667,,,,1_1,2_3,3_2,0,0,0,,,,,,,
,2,Y,66,0,0,0,NA,NA,NA,2,0,0,x,x,NA,0.664,0.704,0.745,,,,,0.01933333333,-0.01550222222,0.7043333333,,,,1_1,2_3,3_2,0,0,0,,,,,,,
,2,Y,67,0,0,0,NA,NA,NA,2,8,8,5,0,0,0.728,0.698,0.677,,,,,0.02266666667,-0.01216888889,0.701,1,,,1_1,2_2,3_3,0,0,0,,,,,,,
,2,Y,68,0,0,0,NA,NA,NA,4,7,4,4,x,0.4285714286,0.606,0.71,0.681,,,,,0.02,-0.01483555556,0.6656666667,,,,1_1,2_2,3_3,0,0,0,,,,,,,
,2,Y,69,0,0,0,NA,NA,NA,4,8,8,2,0,0,0.672,0.774,0.752,,,,,0.002,-0.03283555556,0.7326666667,,,,1_3,2_2,3_1,0,0,0,,,,,,,
,2,Y,70,0,0,0,NA,NA,NA,3,1,1,0,0,0,0.814,0.672,0.512,0.819,0.683,0.542,,0.0006666666667,-0.03416888889,0.666,,,,1_3,2_1,3_2,0,0,0,,1,1,,1,1,
,2,Y,71,0,0,0,NA,NA,NA,2,2,2,2,x,0,0.663,0.686,0.789,,,,,0.01433333333,-0.02050222222,0.7126666667,,,,1_2,2_3,3_1,0,0,0,,,,,,,
,2,Y,72,0,0,0,NA,NA,NA,0,0,0,x,x,NA,0.642,0.69,0.646,,,,,0.05,0.01516444444,0.6593333333,,,,1_2,2_3,3_1,0,0,0,,,,,,,
,2,Y,73,0,0,0,NA,NA,NA,2,9,9,0,0,0,0.892,0.745,0.652,,,,,0.033,-0.001835555556,0.763,,,,1_2,2_1,3_3,0,0,0,,,,,,,
,2,Y,74,0,0,0,NA,NA,NA,3,8,8,3,1,0,0.618,0.833,0.672,,,,,0.01166666667,-0.02316888889,0.7076666667,,,,1_1,2_3,3_2,0,0,0,,,,,,,
,2,Y,75,0,0,0,NA,NA,NA,0,0,0,x,x,NA,0.625,0.736,0.645,,,,,0.0003333333333,-0.03450222222,0.6686666667,,,,1_1,2_1,3_3,0,0,0,,,,,,,
,2,G,1,0,0,0,NA,NA,NA,6,10,9,0,x,0.1,0.848,0.744,0.953,0.941,0.751,0.840,Y,0.011,-0.01881333333,0.8483333333,,,,1_2,2_1,3_3,0,0,0,,,,,,,
,2,G,2,0,0,0,NA,NA,NA,5,13,13,0,1,0,0.883,0.862,0.739,,,,,0.08833333333,0.05852,0.828,,,,1_2,2_1,3_3,0,0,0,,,,,,,
,2,G,3,0,0,0,NA,NA,NA,3,11,11,0,x,0,0.865,0.759,0.87,,,,,0.027,-0.002813333333,0.8313333333,,,,1_1,2_2,3_3,0,0,0,,,,,,,
,2,G,4,0,0,0,NA,NA,NA,2,3,3,0,x,0,0.787,0.764,0.787,,,,,0.005333333333,-0.02448,0.7793333333,,,W2-G group length avg:,1_3,2_1,3_2,0,0,0,,,,,,,
,2,G,5,0,0,0,NA,NA,NA,8,11,10,9,x,0.09090909091,0.922,0.768,0.829,,,,,0.02566666667,-0.004146666667,0.8396666667,,,0.7935,1_2,2_1,3_3,0,0,0,,,,,,,
,2,G,6,0,0,0,NA,NA,NA,6,7,7,0,2,0,0.847,0.747,0.88,,,,,0.07733333333,0.04752,0.8246666667,,,,1_1,2_2,3_3,0,0,0,,,,,,,
,2,G,7,0,0,0,NA,NA,NA,6,10,9,1,2,0.1,0.823,0.829,0.857,0.832,0.829,0.817,Y,0.03566666667,0.005853333333,0.8363333333,,,,1_1,2_3,3_2,0,0,0,,,,,,,
,2,G,8,0,0,0,NA,NA,NA,5,12,10,6,x,0.1666666667,0.825,0.844,0.727,,,,,0.03233333333,0.00252,0.7986666667,,,W2-W1 -G growth avg:,1_3,2_1,3_2,0,0,0,,1,1,,1,1,
,2,G,9,0,0,0,NA,NA,NA,8,10,10,0,4,0,0.851,0.904,0.727,,,,,0.02633333333,-0.00348,0.8273333333,1,,0.02981333333,1_1,2_2,3_3,0,0,0,,,,,,,
,2,G,10,0,0,0,NA,NA,NA,3,7,7,0,x,0,0.803,0.758,0.77,,,,,0.069,0.03918666667,0.777,,,,1_3,2_1,3_2,0,0,0,,,,,,,
,2,G,11,0,0,0,NA,NA,NA,8,10,7,7,x,0.3,0.795,0.777,0.877,,,,,0.009,-0.02081333333,0.8163333333,,,,1_3,2_2,3_1,0,0,0,,,,,,,
,2,G,12,0,0,0,NA,NA,NA,4,4,3,2,x,0.25,0.699,0.668,0.705,,,,,0.01166666667,-0.01814666667,0.6906666667,,,,1_2,2_1,3_3,0,0,0,,,,,,,
,2,G,13,0,0,0,NA,NA,NA,2,4,4,1,x,0,0.774,0.787,0.868,0.862,0.784,0.773,Y,0.06233333333,0.03252,0.8096666667,,,,1_1,2_2,3_3,0,0,0,,,,,,,
,2,G,14,0,0,0,NA,NA,NA,3,5,5,2,2,0,0.855,0.85,0.828,,,,,0.03166666667,0.001853333333,0.8443333333,,,,1_3,2_2,3_1,0,0,0,,,,,,,
,2,G,15,0,0,0,NA,NA,NA,5,6,3,1,,0.5,0.76,0.803,0.748,,,,,0.01866666667,-0.01114666667,0.7703333333,1,,,1_2,2_3,3_1,0,0,0,,,,,,,
,2,G,16,1,0,0,2,NA,NA,4,10,10,7,x,0,0.715,0.875,NA,,,,,0.08633333333,0.05652,0.795,,,,1_1,2_2,NA,0,0,NA,,,,,,,
,2,G,17,0,0,0,NA,NA,NA,6,9,9,8,x,0,0.793,0.756,0.796,,,,,0.01166666667,-0.01814666667,0.7816666667,,,,1_1,2_2,3_3,0,0,0,,,,,,,
,2,G,18,0,0,0,NA,NA,NA,6,9,6,1,3,0.3333333333,0.822,0.849,0.741,,,,,0.04433333333,0.01452,0.804,,,,1_1,2_2,3_3,0,0,0,,,,,,,
,2,G,19,0,0,0,NA,NA,NA,7,5,5,1,1,0,0.869,0.788,0.839,,,,,0.01033333333,-0.01948,0.832,,,,1_1,2_2,3_3,0,0,0,,,,,,,
,2,G,20,0,0,0,NA,NA,NA,5,9,9,4,x,0,0.782,0.866,0.891,,,,,0.009,-0.02081333333,0.8463333333,,,,1_3,2_1,3_2,0,0,0,,,1,1,,1,1
,2,G,21,0,0,0,NA,NA,NA,2,10,10,10,x,0,0.774,0.703,0.931,,,,,0.02633333333,-0.00348,0.8026666667,,,,1_2,2_3,3_1,0,0,0,,,,,,,
,2,G,22,0,0,0,NA,NA,NA,9,13,13,3,2,0,0.882,0.837,0.702,,,,,0.01866666667,-0.01114666667,0.807,1,,,1_2,2_1,3_3,0,0,0,,,,,,,
,2,G,23,0,0,0,NA,NA,NA,14,11,11,1,2,0,0.931,0.789,0.826,,,,,0.045,0.01518666667,0.8486666667,,,,1_3,2_1,3_2,0,0,0,,1,1,,1,1,
,2,G,24,0,0,0,NA,NA,NA,7,11,11,0,x,0,0.789,0.861,0.848,,,,,0.07666666667,0.04685333333,0.8326666667,,,,1_1,,,0,1,1,W2_2 and W2_3 are identical (same picture taken twice probably),,1,1,,1,1
,2,G,25,1,0,0,2,NA,NA,8,12,12,12,x,0,0.862,0.822,NA,0.849,0.866,,Y,0.01666666667,-0.01314666667,0.842,,,,1_3,2_1,NA,0,0,NA,,,,,,,
,2,G,26,0,0,0,NA,NA,NA,3,1,1,1,x,0,0.714,0.642,0.805,,,,,0.065,0.03518666667,0.7203333333,,,,1_1,2_3,3_2,0,0,0,,,,,,,
,2,G,27,0,0,0,NA,NA,NA,14,12,12,1,x,0,0.891,0.774,0.879,,,,,0.035,0.005186666667,0.848,,,,1_3,2_1,3_2,0,0,0,,,,,,,
,2,G,28,0,0,0,NA,NA,NA,6,9,3,3,x,0.6666666667,0.923,0.797,0.811,,,,,0.02833333333,-0.00148,0.8436666667,,,,1_3,2_2,3_1,0,0,0,,,,,,,
,2,G,29,0,0,0,NA,NA,NA,4,7,6,6,x,0.1428571429,0.727,0.747,0.839,,,,,-0.004666666667,-0.03448,0.771,,,,1_3,2_2,3_1,0,0,0,,,,,,,
,2,G,30,0,0,0,NA,NA,NA,10,12,12,4,x,0,0.867,0.734,0.801,,,,,0.027,-0.002813333333,0.8006666667,,,,1_2,2_3,3_1,0,0,0,,,,,,,
,2,G,31,0,0,0,NA,NA,NA,5,1,1,2,x,0,0.713,0.783,0.707,0.706,0.794,0.703,,0.03966666667,0.009853333333,0.7343333333,,,,1_3,2_1,3_2,0,0,0,,,1,1,,1,1
,2,G,32,0,0,0,NA,NA,NA,5,7,7,3,x,0,0.86,0.739,0.739,,,,,0.02633333333,-0.00348,0.7793333333,,,,1_1,2_3,3_2,0,0,0,,,,,,,
,2,G,33,0,0,0,NA,NA,NA,11,10,5,1,x,0.5,0.773,0.796,0.756,,,,,0.001,-0.02881333333,0.775,,,,1_1,2_3,3_2,0,0,0,,,,,,,
,2,G,34,0,0,0,NA,NA,NA,9,14,9,2,x,0.3571428571,0.821,0.843,0.788,,,,,0.027,-0.002813333333,0.8173333333,,,,1_1,2_2,3_3,0,0,0,,,,,,,
,2,G,35,0,0,0,NA,NA,NA,4,10,10,8,1,0,0.897,0.858,0.844,,,,,0.03,0.0001866666667,0.8663333333,,,,1_3,2_2,3_1,0,0,0,,,,,,,
,2,G,36,0,0,0,NA,NA,NA,1,5,5,0,x,0,0.751,0.745,0.82,,,,,0.058,0.02818666667,0.772,1,,,1_2,2_3,3_1,0,0,0,,,,,,,
,2,G,37,0,0,0,NA,NA,NA,3,5,5,0,x,0,0.766,0.924,0.827,,,,,0.047,0.01718666667,0.839,,,,1_3,2_1,3_2,0,0,0,,,,,,,
,2,G,38,0,0,0,NA,NA,NA,6,11,11,0,2,0,0.903,0.799,0.878,,,,,0.02,-0.009813333333,0.86,,,,1_2,2_3,3_1,0,0,0,,,,,,,
,2,G,39,0,0,0,NA,NA,NA,1,0,0,x,x,NA,0.762,0.718,0.707,,,,,0.007,-0.02281333333,0.729,,,,1_2,2_3,3_1,0,0,0,,,,,,,
,2,G,40,0,0,0,NA,NA,NA,4,4,4,0,1,0,0.723,0.822,0.719,,,,,0.011,-0.01881333333,0.7546666667,,,,1_1,2_3,3_2,0,0,0,,,,,,,
,2,G,41,0,0,0,NA,NA,NA,2,6,5,5,x,0.1666666667,0.772,0.756,0.66,,,,,0.009333333333,-0.02048,0.7293333333,,,,1_2,2_1,3_3,0,0,0,,,,,,,
,2,G,42,0,0,0,NA,NA,NA,4,6,6,2,x,0,0.781,0.638,0.867,,,,,0.02166666667,-0.008146666667,0.762,1,1,,1_2,2_3,3_1,0,0,0,,,,,,,
,2,G,43,0,0,0,NA,NA,NA,3,9,9,4,x,0,0.858,0.887,0.714,,,,,0.03833333333,0.00852,0.8196666667,,,,1_1,2_3,3_2,0,0,0,,,,,,,
,2,G,44,0,0,0,NA,NA,NA,3,7,5,3,x,0.2857142857,0.746,0.695,0.871,,,,,0.006666666667,-0.02314666667,0.7706666667,,,,1_3,2_2,3_1,0,0,0,,,,,,,
,2,G,45,0,0,0,NA,NA,NA,5,5,5,1,x,0,0.756,0.825,0.745,,,,,0.022,-0.007813333333,0.7753333333,1,,,1_2,2_3,3_1,0,0,0,,,,,,,
,2,G,46,0,0,0,NA,NA,NA,5,9,9,8,x,0,0.768,0.745,0.675,,,,,0.031,0.001186666667,0.7293333333,,,,1_1,2_2,3_3,0,0,0,,1,1,,1,1,
,2,G,47,0,0,0,NA,NA,NA,3,5,1,1,x,0.8,0.689,0.83,0.706,,,,,0.007,-0.02281333333,0.7416666667,,,,1_2,2_1,3_3,0,0,0,,,,,,,
,2,G,48,0,0,0,NA,NA,NA,5,11,11,2,3,0,0.658,0.86,0.808,,,,,0.031,0.001186666667,0.7753333333,,,,1_2,2_3,3_1,0,0,0,,,,,,,
,2,G,49,0,0,0,NA,NA,NA,7,10,10,0,x,0,0.739,0.816,0.914,,,,,0.037,0.007186666667,0.823,,,,1_3,2_2,3_1,0,0,0,,,,,,,
,2,G,50,0,0,0,NA,NA,NA,10,10,10,9,x,0,0.859,0.825,0.759,,,,,0.031,0.001186666667,0.8143333333,,,,1_2,2_3,3_1,0,0,0,,,,,,,
,2,G,51,0,0,0,NA,NA,NA,4,7,7,2,x,0,0.772,0.782,0.768,,,,,0.03566666667,0.005853333333,0.774,,,,1_1,2_3,3_2,0,0,0,,,,,,,
,2,G,52,1,0,0,2,NA,NA,7,15,0,0,x,1,0.7,0.616,NA,,,,,0.01733333333,-0.01248,0.658,,,,1_3,2_1,NA,0,0,NA,,,,,,,
,2,G,53,0,0,0,NA,NA,NA,6,10,4,0,1,0.6,0.856,0.75,0.823,,,,,0.03666666667,0.006853333333,0.8096666667,,,,1_2,2_3,3_1,0,0,0,,,,,,,
,2,G,54,0,0,0,NA,NA,NA,4,0,0,x,x,NA,0.799,0.595,0.675,,,,,0.03766666667,0.007853333333,0.6896666667,,1,,1_2,2_3,3_1,0,0,0,,,,,,,
,2,G,55,0,0,0,NA,NA,NA,2,0,0,x,x,NA,0.858,0.666,0.788,,,,,0.02866666667,-0.001146666667,0.7706666667,,,,1_1,2_3,3_2,0,0,0,,,,,,,
,2,G,56,0,0,0,NA,NA,NA,10,10,9,1,2,0.1,0.791,0.87,0.844,,,,,0.01466666667,-0.01514666667,0.835,,,,1_1,2_2,3_3,0,0,0,,,,,,,
,2,G,57,0,0,0,NA,NA,NA,3,6,6,0,x,0,0.901,0.73,0.786,,,,,0.039,0.009186666667,0.8056666667,,,,1_1,2_2,3_3,0,0,0,,,,,,,
,2,G,58,0,0,0,NA,NA,NA,2,1,1,0,x,0,0.739,0.679,0.893,,,,,0.03033333333,0.00052,0.7703333333,1,,,1_3,2_2,3_1,0,0,0,,,,,,,
,2,G,59,0,0,0,NA,NA,NA,4,10,9,9,x,0.1,0.81,0.791,0.764,,,,,0.02133333333,-0.00848,0.7883333333,,,,1_1,2_3,3_2,0,0,0,,,,,,,
,2,G,60,0,0,0,NA,NA,NA,0,0,0,x,x,NA,0.717,0.676,0.642,,,,,0.01966666667,-0.01014666667,0.6783333333,,,,1_2,2_3,3_1,0,0,0,,,,,,,
,2,G,61,0,0,0,NA,NA,NA,6,10,6,3,1,0.4,0.894,0.785,0.787,,,,,0.03366666667,0.003853333333,0.822,2,,,1_2,2_3,3_1,0,0,0,,,,,,,
,2,G,62,0,0,0,NA,NA,NA,7,10,9,3,x,0.1,0.806,0.786,0.685,0.832,0.817,0.725,,0.01466666667,-0.01514666667,0.759,,,,1_2,2_3,3_1,0,0,0,,,,,,,
,2,G,63,0,0,0,NA,NA,NA,1,1,1,0,x,0,0.816,0.584,0.767,0.797,0.58,0.779,,0.039,0.009186666667,0.7223333333,,,,1_1,2_3,3_2,0,0,0,,,,,,,
,2,G,64,0,0,0,NA,NA,NA,11,10,5,5,x,0.5,0.724,0.819,0.852,0.773,0.827,0.832,,0.013,-0.01681333333,0.7983333333,,,,1_3,2_2,3_1,0,0,0,,,,,,,
,2,G,65,0,0,0,NA,NA,NA,7,10,9,5,2,0.1,0.821,0.803,0.935,,,,,0.03766666667,0.007853333333,0.853,,,,1_1,2_2,3_3,0,0,0,,,,,,,
,2,G,66,0,0,0,NA,NA,NA,2,2,2,0,x,0,0.803,0.775,0.741,,,,,0.009,-0.02081333333,0.773,,,,1_1,2_2,3_3,0,0,0,,,,,,,
,2,G,67,0,0,0,NA,NA,NA,7,7,7,0,2,0,0.828,0.798,0.84,,,,,0.043,0.01318666667,0.822,1,,,1_1,2_3,3_2,0,0,0,,,,,,,
,2,G,68,0,0,0,NA,NA,NA,10,15,15,3,x,0,0.858,0.781,0.856,,,,,0.034,0.004186666667,0.8316666667,,,,1_3,2_1,3_2,0,0,0,,,,,,,
,2,G,69,0,0,0,NA,NA,NA,1,6,6,0,x,0,0.77,0.805,0.837,,,,,0.03266666667,0.002853333333,0.804,,,,1_3,2_1,3_2,0,0,0,,,,,,,
,2,G,70,0,0,0,NA,NA,NA,5,11,6,3,x,0.4545454545,0.678,0.875,0.886,,,,,0.008,-0.02181333333,0.813,,,,1_3,2_2,3_1,0,0,0,,,,,,,
,2,G,71,0,0,0,NA,NA,NA,3,5,5,0,x,0,0.81,0.81,0.741,0.826,0.787,0.744,,0.02466666667,-0.005146666667,0.787,,,,1_2,2_1,3_3,0,0,0,,,,,,,
,2,G,72,0,0,0,NA,NA,NA,7,14,9,8,x,0.3571428571,0.83,0.846,0.708,,,,,0.02,-0.009813333333,0.7946666667,,,,1_1,,,0,1,1,,,1,1,,1,1
,2,G,73,0,0,0,NA,NA,NA,3,11,11,10,x,0,0.75,0.7,0.647,,,,,0.053,0.02318666667,0.699,,,,1_2,2_3,3_1,0,0,0,,,,,,,
,2,G,74,0,0,0,NA,NA,NA,7,9,7,0,1,0.2222222222,0.88,0.819,0.678,0.86,0.826,0.677,,0.03033333333,0.00052,0.7923333333,,,,1_2,2_1,3_3,0,0,0,,,,,,,
,2,G,75,0,0,0,NA,NA,NA,4,11,8,1,3,0.2727272727,0.895,0.825,0.883,,,,,0.03333333333,0.00352,0.8676666667,,,unhatched fully but alive,1_3,2_2,3_1,0,0,0,,,,,,,
,3,O,1,0,0,0,NA,NA,NA,12,12,11,3,3,,0.817,0.787,0.769,,,,,0.01566666667,-0.02936,0.791,,,,1_1,2_2,3_3,0,0,0,,,,,,,
,3,O,2,0,0,0,NA,NA,NA,10,11,10,0,0,,0.801,0.927,0.938,,,,,0.145,0.09997333333,0.8886666667,,,Total dead,1_2,2_3,3_1,0,0,0,,,1,1,,1,1
,3,O,3,0,0,0,NA,NA,NA,7,10,6,0,0,,0.853,0.764,0.799,,,,,0.07183333333,0.02680666667,0.8053333333,,,10,1_2,2_3,3_1,0,0,0,,,,,,,
,3,O,4,0,0,0,NA,NA,NA,10,13,12,8,1,,0.811,0.886,0.823,0.811,0.894,0.829,,0.09666666667,0.05164,0.84,,,W1,1_1,2_3,3_2,0,0,0,,,,,,,
,3,O,5,0,0,0,NA,NA,NA,12,9,7,3,0,,0.864,0.825,0.832,0.864,0.814,0.844,,0.046,0.0009733333333,0.8403333333,,,0,1_1,2_2,3_3,0,0,0,,,,,,,
,3,O,6,0,0,0,NA,NA,NA,9,15,14,2,1,,0.862,0.851,0.85,0.939,0.859,0.849,,0.1013333333,0.05630666667,0.8543333333,,,,1_1,2_3,3_2,0,0,0,,,,,,,
,3,O,7,0,0,0,NA,NA,NA,8,10,8,7,x,,0.795,0.794,0.827,,,,,0.04866666667,0.00364,0.8053333333,,,W2 dead,1_2,2_1,3_3,0,0,0,,,,,,,
,3,O,8,0,0,0,NA,NA,NA,9,14,10,2,1,,0.882,0.844,0.783,,,,,0.1606666667,0.11564,0.8363333333,,,3,,,3_2,1,1,0,"3 mating snails yet mating in pairs?  2 mating, 1 very out of the shell",1,1,1,1,1,1
,3,O,9,0,0,0,NA,NA,NA,4,8,5,2,0,,0.798,0.747,0.815,,,,,0.009666666667,-0.03536,0.7866666667,,,,1_3,2_2,3_1,0,0,0,,,,,,,
,3,O,10,0,0,0,NA,NA,NA,7,14,10,4,0,,0.824,0.839,0.836,,,,,0.1206666667,0.07564,0.833,,,W3 dead,1_3,2_1,3_2,0,0,0,,,,,,,
,3,O,11,0,0,0,NA,NA,NA,9,9,9,0,0,,0.845,0.87,0.974,0.881,0.874,0.882,,0.2066666667,0.16164,0.8963333333,,,7,1_3,2_2,3_1,0,0,0,,,,,,,
,3,O,12,0,0,0,NA,NA,NA,8,13,10,7,x,,0.805,0.834,0.771,,,,,0.032,-0.01302666667,0.8033333333,,,,1_1,2_3,3_2,0,0,0,,,,,,,
,3,O,13,0,0,0,NA,NA,NA,11,10,10,10,x,,0.84,0.825,0.911,,,,,0.09566666667,0.05064,0.8586666667,,,,1_3,2_1,3_2,0,0,0,,,,,,,
,3,O,14,1,0,0,3,NA,NA,8,9,8,0,0,,0.861,0.885,NA,,,,,0.1516666667,0.10664,0.873,,,W3-O group length avg:,1_1,2_2,NA,0,0,NA,,,,,,,
,3,O,15,0,0,0,NA,NA,NA,17,14,14,0,14,,0.893,0.862,0.854,,,,,0.08033333333,0.03530666667,0.8696666667,,,0.7984976744,1_1,2_3,3_2,0,0,0,,,,,,,
,3,O,16,1,0,0,2,NA,NA,6,11,11,9,x,,0.845,0.813,NA,,,,,0.09933333333,0.05430666667,0.829,,,,1_1,2_2,NA,0,0,NA,,,,,,,
,3,O,17,0,0,0,NA,NA,NA,9,11,8,1,0,,0.875,0.861,0.925,0.888,0.862,0.939,,0.061,0.01597333333,0.887,,,,1_3,2_2,3_1,0,0,0,,,,,,,
,3,O,18,1,0,0,2,NA,NA,4,9,9,6,x,,0.863,0.768,NA,,,,,0.06116666667,0.01614,0.8155,,,W3-W2 growth average,1_1,2_2,NA,0,0,NA,,,,,,,
,3,O,19,0,0,0,NA,NA,NA,9,10,8,1,0,,0.839,0.778,0.85,,,,,0.03266666667,-0.01236,0.8223333333,,,0.04502666667,1_3,2_1,3_2,0,0,0,,,,,,,
,3,O,20,0,0,0,NA,NA,NA,0,0,0,x,x,NA,0.795,0.738,0.712,,,,,0.03466666667,-0.01036,0.7483333333,,,,1_3,2_1,3_2,0,0,0,,,,,,,
,3,O,21,0,0,0,NA,NA,NA,7,10,10,0,0,,0.758,0.784,0.777,,,,,0.05433333333,0.009306666667,0.773,,,,1_3,2_2,3_1,0,0,0,,,,,,,
,3,O,22,0,0,0,NA,NA,NA,14,10,10,6,x,,0.862,0.817,0.753,0.875,0.798,0.749,,0.009666666667,-0.03536,0.8106666667,,,,1_3,2_2,3_1,0,0,0,,,,,,,
,3,O,23,0,0,0,NA,NA,NA,10,13,9,5,x,,0.858,0.805,0.77,,,,,0.01866666667,-0.02636,0.811,,,,1_2,2_1,3_3,0,0,0,"w2 assume top snail is 1, bottom snail is 2",,,,,,
,3,O,24,0,0,0,NA,NA,NA,12,10,9,8,x,,0.945,0.814,0.772,0.934,0.824,0.765,,0.1156666667,0.07064,0.8436666667,,,,1_3,2_1,3_2,0,0,0,,,,,,,
,3,O,25,0,0,0,NA,NA,NA,7,10,10,5,x,,0.776,0.785,0.799,,,,,0.076,0.03097333333,0.7866666667,,,,1_1,2_3,3_2,0,0,0,,,,,,,
,3,O,26,0,0,0,NA,NA,NA,8,11,8,7,x,,0.781,0.806,0.786,,,,,0.035,-0.01002666667,0.791,,,,1_3,2_2,3_1,0,0,0,,,,,,,
,3,O,27,1,0,0,3,NA,NA,13,12,9,1,0,,0.665,0.875,NA,,,,,0.1023333333,0.05730666667,0.77,,,,1_3,2_2,NA,0,0,NA,,,,,,,
,3,O,28,0,0,0,NA,NA,NA,6,11,6,0,x,,0.758,0.742,0.745,,,,,-0.073,-0.1180266667,0.7483333333,,,,1_2,2_3,3_1,0,0,0,,,,,,,
,3,O,29,0,0,0,NA,NA,NA,8,14,12,12,x,,0.749,0.937,0.689,0.756,0.947,0.698,,0.037,-0.008026666667,0.7916666667,,,,1_2,2_3,3_1,0,0,0,,,,,,,
,3,O,30,0,0,0,NA,NA,NA,4,7,7,0,0,,0.799,0.838,0.815,,,,,0.121,0.07597333333,0.8173333333,,,,1_2,2_1,3_3,0,0,0,,,,,,,
,3,O,31,1,0,0,3,NA,NA,0,0,0,x,x,NA,0.757,0.815,NA,,,,,0.07666666667,0.03164,0.786,,1,,1_1,2_3,NA,0,0,NA,,1,1,,1,1,
,3,O,32,1,0,0,2,NA,NA,6,12,8,0,0,,0.815,0.787,NA,,,,,0.02066666667,-0.02436,0.801,,,,1_1,2_2,NA,0,0,NA,,,,,,,
,3,O,33,0,0,0,NA,NA,NA,7,9,6,1,0,,0.78,0.832,0.806,,,,,0.06666666667,0.02164,0.806,,,,1_3,2_2,3_1,0,0,0,,,,,,,
,3,O,34,0,0,0,NA,NA,NA,16,8,8,2,x,,0.81,0.857,0.815,0.81,0.859,0.820,,0.167,0.1219733333,0.8273333333,,,,1_1,2_3,3_2,0,0,0,,,,,,,
,3,O,35,0,0,0,NA,NA,NA,11,12,8,7,0,,0.881,0.8,0.725,,,,,-0.01666666667,-0.06169333333,0.802,,,,1_1,2_3,3_2,0,0,0,,,,,,,
,3,O,36,0,0,0,NA,NA,NA,8,11,9,4,0,,0.804,0.915,0.796,,,,,0.1643333333,0.1193066667,0.8383333333,,,,1_3,2_2,3_1,0,0,0,,,,,,,
,3,O,37,0,0,0,NA,NA,NA,5,10,9,7,x,,0.76,0.855,0.77,,,,,0.015,-0.03002666667,0.795,,,,1_1,2_2,3_3,0,0,0,,,,,,,
,3,O,38,0,0,0,NA,NA,NA,9,10,4,2,0,,0.767,0.808,0.727,,,,,0.04166666667,-0.00336,0.7673333333,,,,1_3,2_1,3_2,0,0,0,,,,,,,
,3,O,39,0,0,0,NA,NA,NA,11,9,9,0,0,,0.666,0.79,0.795,,,,,0.065,0.01997333333,0.7503333333,,,,1_1,2_2,3_3,0,0,0,,,,,,,
,3,O,40,0,0,0,NA,NA,NA,3,8,7,3,2,,0.807,0.802,0.662,,,,,-0.067,-0.1120266667,0.757,,,,1_2,2_3,3_1,0,0,0,,,,,,,
,3,O,41,0,0,0,NA,NA,NA,4,4,4,0,x,,0.784,0.778,0.813,,,,,0.08233333333,0.03730666667,0.7916666667,,,,1_1,2_3,3_2,0,0,0,,,,,,,
,3,O,42,0,0,0,NA,NA,NA,5,12,12,0,0,,0.776,0.731,0.854,,,,,0.074,0.02897333333,0.787,,,,1_3,2_2,3_1,0,0,0,,,1,1,,1,1
,3,O,43,0,0,0,NA,NA,NA,5,10,10,0,x,,0.782,0.759,0.688,,,,,-0.021,-0.06602666667,0.743,,,,1_2,2_3,3_1,0,0,0,,,,,,,
,3,O,44,0,0,0,NA,NA,NA,13,11,9,0,6,,0.806,0.759,0.827,,,,,0.03066666667,-0.01436,0.7973333333,,,,1_1,2_3,3_2,0,0,0,,,,,,,
,3,O,45,0,0,0,NA,NA,NA,7,12,12,1,5,,0.629,0.714,0.827,,,,,0.03266666667,-0.01236,0.7233333333,,,,1_1,2_3,3_2,0,0,0,,,,,,,
,3,O,46,0,0,0,NA,NA,NA,14,11,11,0,x,,0.648,0.85,0.827,,,,,0.01933333333,-0.02569333333,0.775,,,,1_1,2_3,3_2,0,0,0,,,,,,,
,3,O,47,0,0,0,NA,NA,NA,6,10,10,2,0,,0.858,0.83,0.877,,,,,0.04566666667,0.00064,0.855,,,,1_3,2_1,3_2,0,0,0,,,,,,,
,3,O,48,0,0,0,NA,NA,NA,15,10,8,5,0,,0.786,0.845,0.795,,,,,0.005,-0.04002666667,0.8086666667,,,,1_1,2_2,3_3,0,0,0,,,,,,,
,3,O,49,0,0,0,NA,NA,NA,10,10,10,1,1,,0.795,0.733,0.832,,,,,0.09466666667,0.04964,0.7866666667,,,,1_1,2_3,3_2,0,0,0,,,,,,,
,3,O,50,0,0,0,NA,NA,NA,8,11,11,0,0,,0.871,0.821,0.805,,,,,0.08566666667,0.04064,0.8323333333,,,,1_1,2_2,3_3,0,0,0,,,,,,,
,3,O,51,1,0,0,3,NA,NA,13,8,7,7,x,,0.664,0.803,NA,,,,,-0.01783333333,-0.06286,0.7335,,,,1_3,2_1,NA,0,0,NA,,,,,,,
,3,O,52,0,0,0,NA,NA,NA,6,13,10,2,0,,0.677,0.819,0.822,,,,,-0.009333333333,-0.05436,0.7726666667,,,,1_3,2_1,3_2,0,0,0,,,,,,,
,3,O,53,0,0,0,NA,NA,NA,7,7,7,0,0,,0.757,0.698,0.705,,,,,0.009,-0.03602666667,0.72,,,,1_2,2_3,3_1,0,0,0,,,1,1,,1,1
,3,O,54,0,0,0,NA,NA,NA,2,15,13,2,0,,0.788,0.802,0.883,,,,,0.01433333333,-0.03069333333,0.8243333333,,,,1_3,2_2,3_1,0,0,0,,1,1,,1,1,
,3,O,55,1,0,0,3,NA,NA,4,9,8,0,0,,0.774,0.862,NA,,,,,0.01533333333,-0.02969333333,0.818,,,,1_2,2_1,NA,0,0,NA,,,,,,,
,3,O,56,0,0,0,NA,NA,NA,7,6,6,6,x,,0.68,0.772,0.895,,,,,-0.03766666667,-0.08269333333,0.7823333333,,,,1_3,2_1,3_2,0,0,0,,,,,,,
,3,O,57,0,0,0,NA,NA,NA,2,7,3,2,x,,0.839,0.629,0.754,,,,,-0.009666666667,-0.05469333333,0.7406666667,,,,1_3,2_2,3_1,0,0,0,,,,,,,
,3,O,58,0,0,0,NA,NA,NA,1,3,2,0,0,,0.712,0.675,0.76,,,,,-0.02766666667,-0.07269333333,0.7156666667,,,,1_2,2_1,3_3,0,0,0,,,,,,,
,3,O,59,0,0,0,NA,NA,NA,4,12,10,3,1,,0.684,0.793,0.791,,,,,0.1206666667,0.07564,0.756,,,,1_2,2_1,3_3,0,0,0,,,,,,,
,3,O,60,0,0,0,NA,NA,NA,13,12,8,0,3,,0.897,0.84,0.974,0.913,0.849,0.951,,0.05066666667,0.00564,0.9036666667,,,,1_2,2_3,3_1,0,0,0,,,,,,,
,3,O,61,0,0,0,NA,NA,NA,1,0,0,x,x,NA,0.706,0.744,0.818,,,,,-0.003,-0.04802666667,0.756,,,,1_1,2_3,3_2,0,0,0,,,,,,,
,3,O,62,0,0,0,NA,NA,NA,7,13,12,11,x,,0.612,0.744,0.716,,,,,-0.05266666667,-0.09769333333,0.6906666667,,,,1_1,2_2,3_3,0,0,0,,,1,1,,1,1
,3,O,63,0,0,0,NA,NA,NA,15,11,9,0,1,,0.925,0.884,0.878,,,,,0.204,0.1589733333,0.8956666667,,,,1_3,2_1,3_2,0,0,0,,,,,,,
,3,O,64,0,0,0,NA,NA,NA,9,12,6,0,2,,0.775,0.856,0.819,,,,,0.003666666667,-0.04136,0.8166666667,,,,1_1,2_2,3_3,0,0,0,,,,,,,
,3,O,65,1,0,0,3,NA,NA,4,8,8,0,x,,0.74,0.823,NA,,,,,-0.0675,-0.1125266667,0.7815,,,,1_2,2_3,NA,0,0,NA,,,,,,,
,3,O,66,0,0,0,NA,NA,NA,8,7,7,0,x,,0.8,0.784,0.792,,,,,0.06333333333,0.01830666667,0.792,,,,1_3,2_1,3_2,0,0,0,,,,,,,
,3,O,67,0,0,0,NA,NA,NA,10,8,8,5,3,,0.759,0.799,0.83,,,,,0.006,-0.03902666667,0.796,,,,1_2,2_3,3_1,0,0,0,,,1,1,,1,1
,3,O,68,0,0,0,NA,NA,NA,7,11,8,4,x,,0.725,0.805,0.83,,,,,0.04033333333,-0.004693333333,0.7866666667,,,,1_1,2_3,3_2,0,0,0,,,,,,,
,3,O,69,0,0,0,NA,NA,NA,6,15,10,0,0,,0.777,0.76,0.719,,,,,-0.01633333333,-0.06136,0.752,,,,1_3,2_2,3_1,0,0,0,,,,,,,
,3,O,70,0,0,0,NA,NA,NA,5,11,10,3,0,,0.783,0.764,0.756,,,,,-0.03833333333,-0.08336,0.7676666667,,,,1_2,2_3,3_1,0,0,0,,,,,,,
,3,O,71,1,0,0,3,NA,NA,10,11,10,1,x,,0.836,0.872,NA,,,,,0.09933333333,0.05430666667,0.854,,,,1_1,2_2,NA,0,0,NA,,,,,,,
,3,O,72,0,0,0,NA,NA,NA,3,9,9,3,0,,0.646,0.83,0.789,,,,,-0.003666666667,-0.04869333333,0.755,,,,1_1,2_3,3_2,0,0,0,,,,,,,
,3,O,73,0,0,0,NA,NA,NA,1,1,1,0,NA,NA,0.752,0.673,0.697,,,,,-0.1036666667,-0.1486933333,0.7073333333,,,,1_1,2_3,3_2,0,0,0,,,,,,,
,3,O,74,0,0,0,NA,NA,NA,4,3,3,1,NA,NA,0.775,0.789,0.678,,,,,-0.05033333333,-0.09536,0.7473333333,,,,1_2,2_1,3_3,0,0,0,,,,,,,
,3,O,75,0,0,0,NA,NA,NA,2,6,6,3,NA,NA,0.839,0.805,0.725,,,,,0.03766666667,-0.00736,0.7896666667,,,,1_1,2_2,3_3,0,0,0,,,,,,,
,3,W,1,1,0,0,3,NA,NA,3,9,9,8,0,,0.783,0.829,,,,,,0.028,0.01816444444,0.806,,,,1_1,2_3,NA,0,0,NA,,,,,,,
,3,W,2,1,0,0,3,NA,NA,6,12,12,0,0,,0.729,0.698,,,,,,-0.1515,-0.1613355556,0.7135,,,Total dead,1_3,2_2,NA,0,0,NA,,,,,,,
,3,W,3,1,0,0,2,NA,NA,8,13,11,0,0,,0.691,0.807,,,,,,-0.03533333333,-0.04516888889,0.749,,,15,1_1,2_2,NA,0,0,NA,,,,,,,
,3,W,4,0,0,0,NA,NA,NA,10,15,15,1,0,,0.691,0.862,0.746,,,,,-0.046,-0.05583555556,0.7663333333,1,,W1,1_1,2_2,3_3,0,0,0,,,,,,,
,3,W,5,0,0,0,NA,NA,NA,8,11,11,1,0,,0.832,0.84,0.764,,,,,0.07466666667,0.06483111111,0.812,,,0,1_3,2_1,3_ 2,0,0,0,,,,,,,
,3,W,6,0,0,0,NA,NA,NA,8,12,12,4,0,,0.825,0.771,0.709,,,,,-0.04033333333,-0.05016888889,0.7683333333,,,,1_1,2_2,3_3,0,0,0,,,,,,,
,3,W,7,0,0,0,NA,NA,NA,9,13,9,4,0,,0.76,0.707,0.82,,,,,-0.02933333333,-0.03916888889,0.7623333333,,,W2 dead,1_2,2_ 1,3_3,0,0,0,,,,,,,
,3,W,8,0,0,0,NA,NA,NA,2,7,6,1,0,,0.725,0.667,0.68,,,,,-0.1113333333,-0.1211688889,0.6906666667,,,1,1_3,2_2,3_1,0,0,0,,,,,,,
,3,W,9,0,0,0,NA,NA,NA,6,9,8,1,x,,0.886,0.746,0.724,,,,,0.007666666667,-0.002168888889,0.7853333333,,,,1_2,2_1,3_3,0,0,0,,,,,,,
,3,W,10,1,0,0,3,NA,NA,4,8,7,6,0,,0.781,0.746,,,,,,-0.06416666667,-0.07400222222,0.7635,,,W3 dead,1_1,2_3,NA,0,0,NA,,,,,,,
,3,W,11,1,0,0,3,NA,NA,6,8,7,3,0,,0.628,0.712,,,,,,-0.1933333333,-0.2031688889,0.67,,,14,1_2,2_ 3,NA,0,0,NA,,,,,,,
,3,W,12,0,0,0,NA,NA,NA,7,9,7,0,0,,0.825,0.776,0.715,,,,,-0.005333333333,-0.01516888889,0.772,,,,1_1,2_3,3_2,0,0,0,,,,,,,
,3,W,13,0,0,0,NA,NA,NA,10,11,10,0,0,,0.823,0.673,0.827,,,,,-0.07366666667,-0.08350222222,0.7743333333,,,,1_3,2_2,3_1,0,0,0,,1,1,,1,1,
,3,W,14,0,0,0,NA,NA,NA,6,13,10,3,0,,0.77,0.686,0.73,,,,,-0.092,-0.1018355556,0.7286666667,,,,1_3,2_1,3_2,0,0,0,,,,,,,
,3,W,15,1,0,0,3,NA,NA,14,10,6,5,x,,0.844,0.829,,,,,,-0.006166666667,-0.01600222222,0.8365,,,,1_2,2_1,NA,0,0,NA,,,,,,,
,3,W,16,0,0,0,NA,NA,NA,3,7,3,0,0,,0.76,0.745,0.698,,,,,-0.05816666667,-0.06800222222,0.7343333333,,,,1_2,2_1,3_3,0,0,0,,,,,,,
,3,W,17,0,0,0,NA,NA,NA,12,11,9,0,1,,0.835,0.874,0.829,,,,,-0.001,-0.01083555556,0.846,,,alive@final check,1_1,2_2,3_3,0,0,0,,1,1,,1,1,
,3,W,18,0,0,0,NA,NA,NA,10,9,9,2,0,,0.773,0.803,0.799,0.788,0.819,0.803,,0.03366666667,0.02383111111,0.7916666667,,,,1_2,2_3,3_1,0,0,0,,,,,,,
,3,W,19,0,0,0,NA,NA,NA,9,7,5,0,0,,0.879,0.811,0.833,0.898,0.82,0.846,,0.035,0.02516444444,0.841,,,,1_3,2_2,3_1,0,0,0,,,,,,,
,3,W,20,0,0,0,NA,NA,NA,10,11,10,0,0,,0.73,0.737,0.705,,,,,-0.017,-0.02683555556,0.724,,1,,1_3,2_1,3_2,0,0,0,,,,,,,
,3,W,21,1,0,0,3,NA,NA,1,8,7,0,0,,0.782,0.666,,,,,,-0.03933333333,-0.04916888889,0.724,,,,1_2,2_3,NA,0,0,NA,,,,,,,
,3,W,22,0,0,0,NA,NA,NA,7,12,9,2,0,,0.75,0.769,0.9,,,,,0.05966666667,0.04983111111,0.8063333333,,,,1_1,2_2,3_3,0,0,0,,,,,,,
,3,W,23,0,0,0,NA,NA,NA,3,5,4,0,x,,0.726,0.86,0.797,,,,,0.03933333333,0.02949777778,0.7943333333,,,Week3-W group length avg:,1_2,2_3,3_1,0,0,0,,,,,,,
,3,W,24,0,0,0,NA,NA,NA,5,11,10,2,0,,0.774,0.792,0.678,,,,,-0.06666666667,-0.07650222222,0.748,1,,0.77964,1_2,2_1,3_3,0,0,0,,,,,,,
,3,W,25,0,0,0,NA,NA,NA,4,11,4,1,0,,0.629,0.806,0.739,,,,,-0.05866666667,-0.06850222222,0.7246666667,,,,1_2,2_3,3_1,0,0,0,,,,,,,
,3,W,26,0,0,0,NA,NA,NA,2,6,5,1,0,,0.82,0.752,0.787,,,,,-0.002333333333,-0.01216888889,0.7863333333,,,,1_2,2_3,3_1,0,0,0,,,,,,,
,3,W,27,0,0,0,NA,NA,NA,6,9,9,4,0,,0.786,0.574,0.72,,,,,-0.067,-0.07683555556,0.6933333333,,,W3-W2 growth avg:,1_3,2_2,3_1,0,0,0,,,,,,,
,3,W,28,0,0,0,NA,NA,NA,11,10,7,0,0,,0.894,0.827,0.802,,,,,0.1146666667,0.1048311111,0.841,,,0.009835555556,1_3,2_2,3_1,0,0,0,,,,,,,
,3,W,29,0,0,0,NA,NA,NA,8,11,9,6,0,,0.776,0.696,0.812,,,,,0.01166666667,0.001831111111,0.7613333333,,,,1_3,2_2,3_1,0,0,0,,1,1,,1,1,
,3,W,30,0,0,0,NA,NA,NA,7,9,8,8,x,,0.728,0.743,0.808,0.753,0.743,0.797,,0.0003333333333,-0.009502222222,0.7596666667,,,,1_1,2_2,3_3,0,0,0,,,,,,,
,3,W,31,0,0,0,NA,NA,NA,10,11,11,0,0,,0.774,0.753,0.645,,,,,0.02566666667,0.01583111111,0.724,,,,1_1,2_3,3_2,0,0,0,,,,,,,
,3,W,32,0,0,0,NA,NA,NA,8,9,4,2,0,,0.74,0.71,0.935,,,,,0.0625,0.05266444444,0.795,,,,1_1,2_3,3_2,0,0,0,,,,,,,
,3,W,33,0,0,0,NA,NA,NA,9,14,14,1,0,,0.785,0.867,0.604,,,,,-0.04266666667,-0.05250222222,0.752,,,,1_1,2_2,3_3,0,0,0,,,,,,,
,3,W,34,0,0,0,NA,NA,NA,8,12,10,7,0,,0.685,0.719,0.702,,,,,-0.07833333333,-0.08816888889,0.702,,,,1_1,2_2,3_3,0,0,0,,,,,,,
,3,W,35,1,0,0,3,NA,NA,13,16,14,2,0,,0.948,0.874,,,,,,0.1376666667,0.1278311111,0.911,,,,1_2,2_3,NA,0,0,NA,,,,,,,
,3,W,36,1,0,0,3,NA,NA,7,13,11,1,0,,0.715,0.798,,,,,,-0.0325,-0.04233555556,0.7565,,1,,1_2,2_1,NA,0,0,NA,,,,,,,
,3,W,37,0,0,0,NA,NA,NA,8,5,2,2,x,,0.796,0.785,0.893,0.805,0.777,0.885,,0.04466666667,0.03483111111,0.8246666667,,,,1_2,2_3,3_1,0,0,0,,,,,,,
,3,W,38,0,0,0,NA,NA,NA,10,8,6,6,x,,0.811,0.769,0.811,,,,,0.07266666667,0.06283111111,0.797,,,,1_2,2_3,3_1,0,0,0,,,,,,,
,3,W,39,0,0,0,NA,NA,NA,7,7,7,5,x,,0.696,0.771,0.725,,,,,0.009666666667,-0.0001688888889,0.7306666667,,,,1_2,2_3,3_1,0,0,0,,,,,,,
,3,W,40,0,0,0,NA,NA,NA,3,9,7,1,1,,0.975,0.726,0.789,,,,,0.1013333333,0.09149777778,0.83,,,alive@last check,1_3,2_2,3_1,0,0,0,,,,,,,
,3,W,41,0,0,0,NA,NA,NA,7,13,13,0,3,,0.781,0.725,0.624,,,,,-0.078,-0.08783555556,0.71,,,alive@last check,1_3,2_2,3_1,0,0,0,,1,1,,1,1,
,3,W,42,1,0,0,3,NA,NA,3,9,8,0,3,,0.718,0.799,,,,,,-0.02083333333,-0.03066888889,0.7585,,,alive@last check,1_2,2_1,NA,0,0,NA,,,,,,,
,3,W,43,0,0,0,NA,NA,NA,5,11,7,1,0,,0.747,0.826,0.745,,,,,0.04,0.03016444444,0.7726666667,,,,1_2,2_1,3_3,0,0,0,,,,,,,
,3,W,44,0,0,0,NA,NA,NA,2,10,7,0,0,,0.839,0.75,0.823,,,,,0.03733333333,0.02749777778,0.804,,,,1_2,2_3,3_1,0,0,0,,,,,,,
,3,W,45,1,0,0,3,NA,NA,2,9,8,1,0,,0.757,0.775,,,,,,0.058,0.04816444444,0.766,,,,1_3,2_2,NA,0,0,NA,,,,,,,
,3,W,46,0,0,0,NA,NA,NA,11,9,6,2,0,,0.794,0.805,0.839,0.792,0.803,0.835,,0.04666666667,0.03683111111,0.8126666667,,,,1_3,2_2,3_1,0,0,0,,,,,,,
,3,W,47,0,0,0,NA,NA,NA,10,8,8,4,1,,0.707,0.859,0.897,,,,,-0.03033333333,-0.04016888889,0.821,,,,1_3,2_1,3_2,0,0,0,,,,,,,
,3,W,48,0,0,0,NA,NA,NA,5,7,7,0,0,,0.875,0.738,0.867,,,,,0.06166666667,0.05183111111,0.8266666667,,,,1_2,2_3,3_1,0,0,0,,,,,,,
,3,W,49,0,0,0,NA,NA,NA,3,10,4,3,x,,0.748,0.69,0.864,,,,,-0.01733333333,-0.02716888889,0.7673333333,1,,,1_2,2_1,3_3,0,0,0,,,,,,,
,3,W,50,1,0,0,3,NA,NA,11,15,11,5,x,,0.775,0.845,,,,,,0.021,0.01116444444,0.81,,,,1_1,2_3,NA,0,0,NA,,,,,,,
,3,W,51,0,0,0,NA,NA,NA,13,9,6,6,x,,0.703,0.749,0.883,0.701,0.748,0.897,,0.06,0.05016444444,0.7783333333,,,,1_3,2_2,3_1,0,0,0,,,,,,,
,3,W,52,0,0,0,NA,NA,NA,10,10,8,2,x,,0.785,0.76,0.839,,,,,0.02333333333,0.01349777778,0.7946666667,,,,1_2,2_1,3_3,0,0,0,,,,,,,
,3,W,53,0,0,0,NA,NA,NA,3,12,4,3,x,,0.756,0.675,0.739,,,,,0.033,0.02316444444,0.7233333333,,,,1_3,2_1,3_2,0,0,0,,,,,,,
,3,W,54,0,0,0,NA,NA,NA,10,8,6,5,x,,0.878,0.849,0.79,,,,,0.02533333333,0.01549777778,0.839,,,,1_3,2_2,3_1,0,0,0,,,,,,,
,3,W,55,0,0,0,NA,NA,NA,10,13,11,11,x,,0.907,0.756,0.851,,,,,0.08866666667,0.07883111111,0.838,,,,1_3,2_1,3_2,0,0,0,,,,,,,
,3,W,56,0,0,0,NA,NA,NA,7,12,7,3,1,,0.865,0.883,0.8,0.875,0.881,0.814,,0.1223333333,0.1124977778,0.8493333333,,,,1_3,2_1,3_2,0,0,0,,,,,,,
,3,W,57,0,0,0,NA,NA,NA,8,11,9,0,0,,0.731,0.821,0.811,,,,,0.089,0.07916444444,0.7876666667,,,,1_2,2_1,3_3,0,0,0,,,,,,,
,3,W,58,0,0,0,NA,NA,NA,7,8,5,0,0,,0.886,0.593,0.781,,,,,0.04866666667,0.03883111111,0.7533333333,,,,1_2,2_3,3_1,0,0,0,,,,,,,
,3,W,59,0,0,0,NA,NA,NA,1,0,0,x,x,NA,0.702,0.6,0.608,,,,,-0.08833333333,-0.09816888889,0.6366666667,,,,1_2,2_1,3_3,0,0,0,,,,,,,
,3,W,60,0,0,0,NA,NA,NA,11,9,8,0,x,,0.917,0.862,0.85,,,,,0.032,0.02216444444,0.8763333333,,,,1_1,2_3,3_2,0,0,0,,,,,,,
,3,W,61,1,0,0,3,NA,NA,12,11,8,1,0,,0.906,0.858,,,,,,0.1676666667,0.1578311111,0.882,,,,1_3,2_2,NA,0,0,NA,,,,,,,
,3,W,62,0,0,0,NA,NA,NA,16,14,8,8,x,,0.822,0.774,0.885,0.825,0.774,0.892,,0.156,0.1461644444,0.827,1,,,1_1,2_2,3_3,0,0,0,,1,1,,1,1,
,3,W,63,0,0,0,NA,NA,NA,4,9,9,0,0,,0.694,0.704,0.711,,,,,-0.174,-0.1838355556,0.703,,,,1_3,2_3,3_1,0,0,0,,,,,,,
,3,W,64,0,0,0,NA,NA,NA,15,8,8,8,x,,0.812,0.881,0.836,,,,,0.054,0.04416444444,0.843,1,,,1_2,2_3,3_1,0,0,0,,,,,,,
,3,W,65,0,0,0,NA,NA,NA,9,10,7,5,x,,0.779,0.918,0.911,,,,,0.1346666667,0.1248311111,0.8693333333,,,,1_1,2_3,3_2,0,0,0,,,,,,,
,3,W,66,0,0,0,NA,NA,NA,9,8,6,3,0,,0.768,0.714,0.766,,,,,-0.002333333333,-0.01216888889,0.7493333333,,,,1_2,2_3,3_1,0,0,0,W2 named wrong 2=1 3=2 6=3,,,,,,
,3,W,67,1,0,0,3,NA,NA,14,11,8,0,0,,0.878,0.79,,,,,,0.04566666667,0.03583111111,0.834,,,,1_1,2_2,NA,0,0,NA,,,,,,,
,3,W,68,0,0,0,NA,NA,NA,5,1,1,0,x,,0.626,0.773,0.881,,,,,-0.02133333333,-0.03116888889,0.76,,,,1_1,2_3,3_2,0,0,0,,,,,,,
,3,W,69,0,0,0,NA,NA,NA,11,11,9,4,1,,0.724,0.84,0.785,,,,,0.04866666667,0.03883111111,0.783,,,,1_3,2_2,3_1,0,0,0,,,,,,,
,3,W,70,0,0,0,NA,NA,NA,15,9,9,9,x,,0.848,0.847,0.762,0.839,0.844,0.774,,0.05433333333,0.04449777778,0.819,,,,1_2,2_3,3_1,0,0,0,,,,,,,
,3,W,71,0,0,0,NA,NA,NA,4,15,10,2,0,,0.717,0.718,0.847,,,,,-0.02666666667,-0.03650222222,0.7606666667,,,,1_3,2_2,3_1,0,0,0,,,,,,,
,3,W,72,0,0,0,NA,NA,NA,8,8,6,3,0,,0.7,0.774,0.839,,,,,0.02333333333,0.01349777778,0.771,,,,1_2,2_3,3_1,0,0,0,,,,,,,
,3,W,73,1,0,0,3,NA,NA,2,8,7,0,0,,0.873,0.698,,,,,,0.09016666667,0.08033111111,0.7855,1,,,1_3,2_1,NA,0,0,NA,,,,,,,
,3,W,74,0,0,0,NA,NA,NA,9,10,9,0,0,,0.81,0.796,0.82,0.827,0.81,0.824,,0.095,0.08516444444,0.8086666667,,,,1_1,2_2,3_3,0,0,0,,,,,,,
,3,W,75,0,0,0,NA,NA,NA,2,5,4,0,0,,0.78,0.698,0.786,,,,,-0.006333333333,-0.01616888889,0.7546666667,,,,1_3,2_2,3_1,0,0,0,,,,,,,
,3,Y,1,0,0,0,NA,NA,NA,8,10,10,3,1,,0.817,0.619,0.747,,,,,0.01966666667,-0.01593555556,0.7276666667,,,alive@last check,1_3,2_2,3_1,0,0,0,,,1,1,,1,1
,3,Y,2,0,0,0,NA,NA,NA,7,7,7,0,2,,0.773,0.738,0.763,,,,,0.03766666667,0.002064444444,0.758,1,,alive@last check,1_1,2_2,3_3,0,0,0,,,,,,,
,3,Y,3,0,0,0,NA,NA,NA,11,11,6,2,0,,0.712,0.773,0.741,,,,,0.038,0.002397777778,0.742,,,,1_2,2_3,3_1,0,0,0,,,,,,,
,3,Y,4,0,0,0,NA,NA,NA,11,10,10,5,x,,0.821,0.794,0.818,,,,,0.04533333333,0.009731111111,0.811,,,W1,1_3,2_1,3_2,0,0,0,,,,,,,
,3,Y,5,0,0,0,NA,NA,NA,6,10,10,0,0,,0.801,0.739,0.718,,,,,0.047,0.01139777778,0.7526666667,,,0,1_1,,,0,1,1,,,,,,,
,3,Y,6,0,0,0,NA,NA,NA,10,12,12,5,0,,0.8,0.736,0.696,,,,,0.03133333333,-0.004268888889,0.744,,,,1_2,2_3,3_1,0,0,0,,,,,,,
,3,Y,7,0,0,0,NA,NA,NA,9,11,10,1,4,,0.687,0.955,0.821,,,,,0.03133333333,-0.004268888889,0.821,,,alive@last check,1_2,2_1,,0,0,1,y7-3 is a blurry photo.,,,,,,
,3,Y,8,0,0,0,NA,NA,NA,7,11,11,0,0,,0.775,0.986,0.857,,,,,0.057,0.02139777778,0.8726666667,,,W2:1,1_3,2_2,3_1,0,0,0,,,,,,,
,3,Y,9,0,0,0,NA,NA,NA,5,6,4,4,x,,0.663,0.666,0.826,,,,,0.034,-0.001602222222,0.7183333333,,,,1_2,2_3,3_1,0,0,0,,,,,,,
,3,Y,10,0,0,0,NA,NA,NA,11,10,10,0,0,,0.74,0.86,0.718,,,,,0.052,0.01639777778,0.7726666667,,,W3 dead,1_2,2_1,3_3,0,0,0,,,,,,,
,3,Y,11,1,0,0,2,NA,NA,2,4,4,0,0,,0.722,0.82,NA,,,,,0.066,0.03039777778,0.771,,,4,1_1,2_2,NA,0,0,NA,,,,,,,
,3,Y,12,0,0,0,NA,NA,NA,13,14,8,5,0,,0.863,0.759,0.765,,,,,0.05733333333,0.02173111111,0.7956666667,,,,1_1,2_2,3_3,0,0,0,,1,1,,1,1,
,3,Y,13,0,0,0,NA,NA,NA,8,5,5,1,0,,0.795,0.818,0.777,,,,,0.06866666667,0.03306444444,0.7966666667,1,,W3-Y group length avg:,1_2,2_2,3_3,0,0,0,,,,,,,
,3,Y,14,0,0,0,NA,NA,NA,8,12,12,0,0,,0.727,0.706,0.788,,,,,0.074,0.03839777778,0.7403333333,,,0.7585090909,1_1,2_3,3_2,0,0,0,,,,,,,
,3,Y,15,0,0,0,NA,NA,NA,6,12,8,8,x,,0.73,0.787,0.76,,,,,0.015,-0.02060222222,0.759,,,,1_1,2_3,3_2,0,0,0,,,,,,,
,3,Y,16,0,0,0,NA,NA,NA,11,9,9,8,x,,0.792,0.769,0.747,,,,,0.061,0.02539777778,0.7693333333,,,,1_1,2_2,3_3,0,0,0,,,,,,,
,3,Y,17,0,0,0,NA,NA,NA,6,9,6,0,1,,0.744,0.647,0.75,0.767,0.668,0.764,,0.02833333333,-0.007268888889,0.7136666667,,,W3-W2 -Y growth avg:,1_2,2_1,3_3,0,0,0,,,,,,,
,3,Y,18,0,0,0,NA,NA,NA,6,5,5,0,0,,0.702,0.77,0.878,,,,,0.04033333333,0.004731111111,0.7833333333,,,0.03560222222,1_3,2_2,3_1,0,0,0,,,,,,,
,3,Y,19,0,0,0,NA,NA,NA,5,9,9,6,0,,0.724,0.789,0.813,,,,,0.01866666667,-0.01693555556,0.7753333333,1,,,1_2,2_3,3_1,0,0,0,,,,,,,
,3,Y,20,0,0,0,NA,NA,NA,6,12,5,4,x,,0.83,0.698,0.704,,,,,0.001,-0.03460222222,0.744,,,,1_3,2_2,3_1,0,0,0,,,,,,,
,3,Y,21,0,0,0,NA,NA,NA,4,5,5,0,1,,0.712,0.803,0.799,,,,,0.01533333333,-0.02026888889,0.7713333333,,,alive@last check,1_1,2_2,3_3,0,0,0,,,,,,,
,3,Y,22,0,0,0,NA,NA,NA,8,9,7,1,x,,0.682,0.787,0.834,,,,,0.011,-0.02460222222,0.7676666667,,,,1_3,2_1,3_2,0,0,0,,,,,,,
,3,Y,23,0,0,0,NA,NA,NA,5,13,13,0,0,,0.814,0.826,0.768,,,,,0.095,0.05939777778,0.8026666667,,,,1_3,2_1,3_2,0,0,0,,,,,,,
,3,Y,24,0,0,0,NA,NA,NA,7,9,9,6,x,,0.925,0.71,0.798,,,,,0.05,0.01439777778,0.811,,,,1_1,2_3,3_2,0,0,0,,,,,,,
,3,Y,25,0,0,0,NA,NA,NA,7,10,7,3,x,,0.807,0.697,0.82,,,,,0.06266666667,0.02706444444,0.7746666667,1,,,1_2,2_3,3_1,0,0,0,,,,,,,
,3,Y,26,0,0,0,NA,NA,NA,13,11,11,0,4,,0.792,0.896,0.81,,,,,0.08033333333,0.04473111111,0.8326666667,,,,1_3,2_1,3_2,0,0,0,,,,,,,
,3,Y,27,0,0,0,NA,NA,NA,5,8,8,0,0,,0.79,0.81,0.826,,,,,0.03633333333,0.0007311111111,0.8086666667,,,,1_2,2_3,3_1,0,0,0,,,,,,,
,3,Y,28,0,0,0,NA,NA,NA,8,10,9,9,x,,0.773,0.758,0.719,,,,,0.005666666667,-0.02993555556,0.75,,,,1_3,2_1,3_2,0,0,0,,,,,,,
,3,Y,29,1,0,0,3,NA,NA,6,11,8,4,1,,0.73,0.754,NA,0.735,0.757,,,0.032,-0.003602222222,0.742,,,alive@last check,1_3,2_1,N/A,0,0,N/A,,,,,,,
,3,Y,30,0,0,0,NA,NA,NA,10,2,1,1,x,,0.764,0.717,0.74,0.786,0.74,0.754,,0.03866666667,0.003064444444,0.7403333333,1,,,1_1,2_2,3_3,0,0,0,,,,,,,
,3,Y,31,0,0,0,NA,NA,NA,6,11,11,4,2,,0.795,0.859,0.762,,,,,0.07233333333,0.03673111111,0.8053333333,,,alive@last check,1_2,2_3,3_1,0,0,0,,,,,,,
,3,Y,32,0,0,0,NA,NA,NA,2,3,2,2,x,,0.753,0.753,0.692,0.796,0.818,0.731,,0.051,0.01539777778,0.7326666667,1,,,1_2,2_3,3_1,0,0,0,,,,,,,
,3,Y,33,0,0,0,NA,NA,NA,4,11,0,x,x,,0.508,0.644,0.847,0.527,0.664,0.868,,0.01966666667,-0.01593555556,0.6663333333,1,,,1_1,2_3,3_2,0,0,0,y33-3 unclear,,,,,,
,3,Y,34,0,0,0,NA,NA,NA,5,13,13,6,4,,0.705,0.751,0.817,,,,,0.008666666667,-0.02693555556,0.7576666667,,,alive@last check,1_3,2_1,3_2,0,0,0,,,,,,,
,3,Y,35,0,0,0,NA,NA,NA,7,9,9,0,0,,0.754,0.742,0.744,,,,,0.05566666667,0.02006444444,0.7466666667,1,,,1_3,2_1,3_2,0,0,0,,,,,,,
,3,Y,36,0,0,0,NA,NA,NA,3,8,8,3,2,,0.743,0.62,0.71,,,,,0.0006666666667,-0.03493555556,0.691,,,alive@last check,1_3,2_2,3_1,0,0,0,,,,,,,
,3,Y,37,0,0,0,NA,NA,NA,5,1,1,0,x,,0.734,0.732,0.759,,,,,0.012,-0.02360222222,0.7416666667,,,,1_2,2_1,3_3,0,0,0,,,,,,,
,3,Y,38,0,0,0,NA,NA,NA,6,11,11,10,x,,0.729,0.735,0.682,,,,,0.002333333333,-0.03326888889,0.7153333333,1,,,1_1,2_3,3_2,0,0,0,,,,,,,
,3,Y,39,1,0,0,3,NA,NA,7,14,14,1,0,,0.881,0.678,NA,,,,,0.02516666667,-0.01043555556,0.7795,1,,,1_2,2_1,3_3,0,0,N/A,,,,,,,
,3,Y,40,0,0,0,NA,NA,NA,8,13,13,13,x,,0.778,0.886,0.809,,,,,0.039,0.003397777778,0.8243333333,,,,1_2,2_1,3_3,0,0,0,,,,,,,
,3,Y,41,0,0,0,NA,NA,NA,3,6,6,0,3,,0.758,0.763,0.674,,,,,0.04366666667,0.008064444444,0.7316666667,,,alive@last check,1_2,2_1,3_3,0,0,0,,1,1,,1,1,
,3,Y,42,0,0,0,NA,NA,NA,4,10,10,0,0,,0.782,0.768,0.718,0.805,0.793,0.724,,0.02366666667,-0.01193555556,0.756,,,,1_2,2_3,3_1,0,0,0,,,,,,,
,3,Y,43,0,0,0,NA,NA,NA,5,10,6,6,x,,0.727,0.859,0.716,,,,,0.02766666667,-0.007935555556,0.7673333333,,,,1_2,2_3,3_1,0,0,0,,,,,,,
,3,Y,44,0,0,0,NA,NA,NA,7,8,8,7,x,,0.843,0.738,0.796,,,,,0.06933333333,0.03373111111,0.7923333333,,,,1_2,2_3,3_1,0,0,0,,,,,,,
,3,Y,45,0,0,0,NA,NA,NA,4,7,7,1,0,,0.876,0.799,0.749,0.913,0.845,0.773,,0.05166666667,0.01606444444,0.808,1,,,1_3,2_1,3_2,0,0,0,,,,,,,
,3,Y,46,0,0,0,NA,NA,NA,5,14,14,14,x,,0.754,0.725,0.712,0.775,0.748,0.730,,0.04233333333,0.006731111111,0.7303333333,,,,1_2,2_3,3_1,0,0,0,,,,,,,
,3,Y,47,0,0,0,NA,NA,NA,5,5,4,3,1,,0.763,0.786,0.635,,,,,0.04466666667,0.009064444444,0.728,1,,alive@last check,1_3,2_2,3_1,0,0,0,,1,1,,1,1,
,3,Y,48,0,0,0,NA,NA,NA,6,10,10,5,0,,0.847,0.736,0.814,,,,,0.03866666667,0.003064444444,0.799,,,,1_2,2_1,3_3,0,0,0,,,,,,,
,3,Y,49,0,0,0,NA,NA,NA,7,9,6,2,x,,0.71,0.826,0.723,,,,,0.0006666666667,-0.03493555556,0.753,,,,1_1,2_2,3_3,0,0,0,,,,,,,
,3,Y,50,0,0,0,NA,NA,NA,5,11,11,1,0,,0.729,0.774,0.713,,,,,0.01566666667,-0.01993555556,0.7386666667,,,,1_1,2_3,3_2,0,0,0,,,,,,,
,3,Y,51,0,0,0,NA,NA,NA,11,8,7,5,1,,0.822,0.748,0.799,,,,,0.01833333333,-0.01726888889,0.7896666667,,,alive@last check,1_2,2_3,3_1,0,0,0,,,,,,,
,3,Y,52,0,0,0,NA,NA,NA,9,9,9,9,x,,0.732,0.761,0.75,,,,,0.01066666667,-0.02493555556,0.7476666667,,,,1_1,2_2,3_3,0,0,0,,,,,,,
,3,Y,53,0,0,0,NA,NA,NA,7,5,4,4,x,,0.733,0.755,0.717,0.723,0.767,0.697,,0.014,-0.02160222222,0.735,,,,1_3,2_2,3_1,0,0,0,,,,,,,
,3,Y,54,0,0,0,NA,NA,NA,6,10,3,0,2,,0.798,0.754,0.921,,,,,0.06633333333,0.03073111111,0.8243333333,,,alive@last check,1_2,2_3,3_1,0,0,0,,,,,,,
,3,Y,55,0,0,0,NA,NA,NA,13,9,5,2,x,,0.838,0.811,0.869,,,,,0.06266666667,0.02706444444,0.8393333333,,,,1_2,2_1,3_3,0,0,0,,,,,,,
,3,Y,56,0,0,0,NA,NA,NA,10,12,12,8,0,,0.715,0.84,0.742,,,,,0.04633333333,0.01073111111,0.7656666667,,,,1_3,2_2,3_1,0,0,0,,,,,,,
,3,Y,57,0,0,0,NA,NA,NA,4,11,8,1,0,,0.752,0.689,0.783,,,,,0.04866666667,0.01306444444,0.7413333333,,,,1_2,2_3,3_1,0,0,0,,,,,,,
,3,Y,58,1,0,0,3,NA,NA,1,8,8,0,0,,0.807,0.831,NA,,,,,0.04866666667,0.01306444444,0.819,,1,,1_1,2_2,N/A,0,0,N/A,,,,,,,
,3,Y,59,0,0,0,NA,NA,NA,3,9,9,5,x,,0.71,0.771,0.689,,,,,0.02133333333,-0.01426888889,0.7233333333,1,,,1_3,2_1,3_1,0,0,0,,,,,,,
,3,Y,60,0,0,0,NA,NA,NA,3,3,3,0,0,,0.654,0.696,0.755,,,,,0.05666666667,0.02106444444,0.7016666667,,,,1_3,2_2,3_1,0,0,0,,,,,,,
,3,Y,61,0,0,0,NA,NA,NA,6,12,11,5,5,,0.718,0.578,0.726,,,,,0.01966666667,-0.01593555556,0.674,,,alive@last check,1_1,2_2,3_3,0,0,0,,,,,,,
,3,Y,62,0,0,0,NA,NA,NA,13,10,9,3,2,,0.9,0.747,0.822,,,,,0.007666666667,-0.02793555556,0.823,,,1x alive@last check,1_1,2_3,3_2,0,0,0,,,,,,,
,3,Y,63,0,0,0,NA,NA,NA,9,11,11,0,11,,0.773,0.681,0.92,,,,,0.015,-0.02060222222,0.7913333333,,,alive@last check,1_2,2_1,3_3,0,0,0,,,,,,,
,3,Y,64,0,0,0,NA,NA,NA,3,6,6,0,3,,0.788,0.793,0.67,,,,,0.02766666667,-0.007935555556,0.7503333333,,,alive@last check,1_1,2_1,3_2,0,0,0,,,1,1,,1,1
,3,Y,65,0,0,0,NA,NA,NA,3,9,4,0,3,,0.742,0.732,0.646,,,,,0.038,0.002397777778,0.7066666667,2,,alive@last check,1_3,2_1,3_2,0,0,0,,,,,,,
,3,Y,66,0,0,0,NA,NA,NA,11,9,7,1,4,,0.768,0.725,0.727,,,,,0.03566666667,0.00006444444444,0.74,,,alive@last check,1_3,2_2,3_1,0,0,0,,,,,,,
,3,Y,67,0,0,0,NA,NA,NA,4,9,9,9,x,,0.738,0.703,0.759,,,,,0.03233333333,-0.003268888889,0.7333333333,,,,1_2,2_3,3_1,0,0,0,,,,,,,
,3,Y,68,0,0,0,NA,NA,NA,4,9,9,3,2,,0.709,0.663,0.708,,,,,0.02766666667,-0.007935555556,0.6933333333,,,alive@last check,1_1,2_3,3_2,0,0,0,,,,,,,
,3,Y,69,0,0,0,NA,NA,NA,6,7,6,1,3,,0.601,0.824,0.808,,,,,0.01166666667,-0.02393555556,0.7443333333,,,2x alive@last check,1_1,2_2,3_3,0,0,0,,,,,,,
,3,Y,70,0,0,0,NA,NA,NA,4,10,10,0,4,,0.509,0.667,0.829,,,,,0.002333333333,-0.03326888889,0.6683333333,,,alive@last check,1_3,2_1,3_2,0,0,0,,,,,,,
,3,Y,71,1,0,0,3,NA,NA,3,11,11,1,6,,0.739,0.819,NA,,,,,0.06633333333,0.03073111111,0.779,,,alive@last check,1_2,2_3,NA,0,0,N/A,,,,,,,
,3,Y,72,0,0,0,NA,NA,NA,4,11,11,0,1,,0.707,0.731,0.647,,,,,0.03566666667,0.00006444444444,0.695,,,alive@last check,1_3,2_2,3_1,0,0,0,,,,,,,
,3,Y,73,0,0,0,NA,NA,NA,8,11,8,6,x,,0.735,0.872,0.695,0.749,0.907,0.707,,0.004333333333,-0.03126888889,0.7673333333,,,,1_2,2_1,3_3,0,0,0,,,,,,,
,3,Y,74,0,0,0,NA,NA,NA,7,11,11,9,x,,0.831,0.684,0.735,,,,,0.04233333333,0.006731111111,0.75,,,,1_2,2_3,3_1,0,0,0,,,,,,,
,3,Y,75,0,0,0,NA,NA,NA,5,4,2,1,x,,0.758,0.617,0.676,,,,,0.015,-0.02060222222,0.6836666667,,,,1_2,2_1,3_3,0,0,0,,,,,,,
,3,G,1,0,0,0,NA,NA,NA,9,9,9,7,x,,0.758,0.974,0.874,0.881,0.98,0.768,Y,0.02033333333,-0.007553333333,0.8686666667,,,Total dead,1_3,2_1,3_2,0,0,0,,,,,,,
,3,G,2,0,0,0,NA,NA,NA,10,14,9,9,x,,0.782,0.856,0.912,,,,,0.022,-0.005886666667,0.85,,,4,1_3,2_2,3_1,0,0,0,,,,,,,
,3,G,3,0,0,0,NA,NA,NA,10,11,9,0,0,,0.89,0.897,0.786,,,,,0.02633333333,-0.001553333333,0.8576666667,,,W1,1_1,2_2,3_3,0,0,0,,,,,,,
,3,G,4,0,0,0,NA,NA,NA,9,8,6,4,x,,0.813,0.832,0.804,,,,,0.037,0.009113333333,0.8163333333,,,0,1_2,2_1,3_3,0,0,0,,,,,,,
,3,G,5,1,0,0,3,NA,NA,8,8,8,7,x,,0.852,0.93,NA,,,,,0.05133333333,0.02344666667,0.891,,,,1_1,2_3,N/A,0,0,N/A,,,,,,,
,3,G,6,1,0,0,3,NA,NA,6,9,5,4,x,,0.828,0.872,NA,,,,,0.02533333333,-0.002553333333,0.85,,,W2 dead,1_3,2_1,N/A,0,0,N/A,,,,,,,
,3,G,7,0,0,0,NA,NA,NA,12,12,10,3,1,,0.844,0.81,0.876,,,,,0.007,-0.02088666667,0.8433333333,,1,3,1_3,2_2,3_1,0,0,0,,,,,,,
,3,G,8,0,0,0,NA,NA,NA,8,9,5,5,x,,0.854,0.734,0.839,,,,,0.01033333333,-0.01755333333,0.809,,,,1_2,2_3,3_1,0,0,0,,,,,,,
,3,G,9,0,0,0,NA,NA,NA,11,10,10,0,0,,0.869,0.901,0.798,,,,,0.02866666667,0.00078,0.856,,,W3 dead,,2_2,,1,0,1,,,,,,,
,3,G,10,0,0,0,NA,NA,NA,5,10,7,7,x,,0.78,0.79,0.797,,,,,0.012,-0.01588666667,0.789,,,1,1_2,2_3,3_1,0,0,0,,,,,,,
,3,G,11,0,0,0,NA,NA,NA,6,7,7,7,x,,0.87,0.794,0.801,,,,,0.005333333333,-0.02255333333,0.8216666667,,,,1_1,2_3,3_2,0,0,0,,,,,,,
,3,G,12,0,0,0,NA,NA,NA,8,8,8,2,1,,0.751,0.668,0.692,,,,,0.013,-0.01488666667,0.7036666667,,,W3-G group length avg:,1_1,2_3,3_2,0,0,0,,,,,,,
,3,G,13,0,0,0,NA,NA,NA,7,11,11,10,0,,0.819,0.892,0.799,,,,,0.027,-0.0008866666667,0.8366666667,,,0.8210066667,1_2,2_1,3_3,0,0,0,,,,,,,
,3,G,14,0,0,0,NA,NA,NA,10,11,6,0,0,,0.87,0.85,0.864,,,,,0.017,-0.01088666667,0.8613333333,,,,1_3,2_1,3_2,0,0,0,,,,,,,
,3,G,15,0,0,0,NA,NA,NA,4,11,11,0,0,,0.78,0.769,0.833,,,,,0.02366666667,-0.00422,0.794,,,,1_2,2_1,3_3,0,0,0,,,,,,,
,3,G,16,1,0,0,2,NA,NA,4,11,11,4,0,,0.736,0.894,NA,,,,,0.02,-0.007886666667,0.815,,,W3-W2 -G growth avg:,1_2,2_1,N/A,0,0,N/A,,,,,,,
,3,G,17,0,0,0,NA,NA,NA,8,10,10,10,x,,0.789,0.816,0.824,,,,,0.028,0.0001133333333,0.8096666667,,,0.02788666667,1_2,2_3,3_1,0,0,0,,,,,,,
,3,G,18,0,0,0,NA,NA,NA,5,9,9,9,x,,0.838,0.763,0.854,,,,,0.01433333333,-0.01355333333,0.8183333333,,,,1_3,2_1,3_2,0,0,0,,,,,,,
,3,G,19,0,0,0,NA,NA,NA,12,9,9,0,5,,0.909,0.774,0.86,0.886,0.766,0.850,,0.01566666667,-0.01222,0.8476666667,,,,1_3,2_2,3_1,0,0,0,,,,,,,
,3,G,20,0,0,0,NA,NA,NA,11,12,12,0,x,,0.871,0.901,0.861,,,,,0.03133333333,0.003446666667,0.8776666667,,,,,,,1,1,1,,,,,,,
,3,G,21,0,0,0,NA,NA,NA,6,9,9,9,x,,0.828,0.728,0.919,,,,,0.02233333333,-0.005553333333,0.825,1,,,1_3,2_2,3_1,0,0,0,,,,,,,
,3,G,22,0,0,0,NA,NA,NA,8,10,9,8,x,,0.856,0.903,0.78,,,,,0.03933333333,0.01144666667,0.8463333333,,,,1_2,2_3,3_1,0,0,0,,,,,,,
,3,G,23,0,0,0,NA,NA,NA,10,12,9,2,x,,0.95,0.789,0.84,,,,,0.011,-0.01688666667,0.8596666667,,,,1_1,2_2,3_3,0,0,0,,,,,,,
,3,G,24,0,0,0,NA,NA,NA,6,10,10,0,1,,0.867,0.864,0.82,0.844,0.871,0.839,,0.01766666667,-0.01022,0.8503333333,,,,1_1,2_3,3_2,0,0,0,,,,,,,
,3,G,25,1,1,0,2,3,NA,7,13,13,10,x,,0.906,NA,NA,,,,,0.064,0.03611333333,0.906,1,,,1_2,N/A,N/A,0,N/A,N/A,,,,,,,
,3,G,26,1,0,0,3,NA,NA,4,9,9,0,0,,0.865,0.721,NA,,,,,0.07266666667,0.04478,0.793,,,,1_1,2_3,N/A,0,0,N/A,,,,,,,
,3,G,27,0,0,0,NA,NA,NA,11,13,5,2,0,,0.873,0.807,0.904,,,,,0.01333333333,-0.01455333333,0.8613333333,,,,1_3,2_2,3_1,0,0,0,,,,,,,
,3,G,28,0,0,0,NA,NA,NA,11,10,10,0,0,,0.86,0.954,0.816,,,,,0.033,0.005113333333,0.8766666667,,,,1_2,2_3,3_1,0,0,0,,,,,,,
,3,G,29,0,0,0,NA,NA,NA,6,9,9,9,x,,0.871,0.778,0.776,,,,,0.03733333333,0.009446666667,0.8083333333,,,,1_3,2_2,3_1,0,0,0,,,,,,,
,3,G,30,0,0,0,NA,NA,NA,4,5,5,2,2,,0.904,0.816,0.746,0.889,0.803,0.753,,0.02133333333,-0.006553333333,0.822,,,,1_1,2_3,3_2,0,0,0,,,,,,,
,3,G,31,0,0,0,NA,NA,NA,4,4,4,4,x,,0.765,0.7,0.724,,,,,-0.004666666667,-0.03255333333,0.7296666667,1,,,1_3,2_1,3_2,0,0,0,,,,,,,
,3,G,32,0,0,0,NA,NA,NA,2,10,10,0,0,,0.734,0.877,0.758,0.745,0.873,0.749,,0.01033333333,-0.01755333333,0.7896666667,,,,,2_1,,1,0,1,,,,,,,
,3,G,33,1,0,0,3,NA,NA,5,11,11,0,7,,0.839,0.818,NA,,,,,0.0535,0.02561333333,0.8285,1,,,1_2,2_1,N/A,0,0,N/A,,,,,,,
,3,G,34,0,0,0,NA,NA,NA,9,10,7,0,5,,0.85,0.815,0.848,,,,,0.02033333333,-0.007553333333,0.8376666667,,,,1_2,2_3,3_1,0,0,0,,,,,,,
,3,G,35,0,0,0,NA,NA,NA,15,12,8,0,x,,0.891,0.906,0.876,,,,,0.02466666667,-0.00322,0.891,,,,1_2,2_1,3_3,0,0,0,,,,,,,
,3,G,36,0,0,0,NA,NA,NA,8,9,9,9,x,,0.815,0.757,0.747,,,,,0.001,-0.02688666667,0.773,,,,1_3,2_1,3_2,0,0,0,,,,,,,
,3,G,37,0,0,0,NA,NA,NA,6,9,8,8,x,,0.845,0.91,0.827,,,,,0.02166666667,-0.00622,0.8606666667,,,,1_3,2_2,3_1,0,0,0,,,,,,,
,3,G,38,0,0,0,NA,NA,NA,9,13,13,13,x,,0.817,0.898,0.92,,,,,0.01833333333,-0.009553333333,0.8783333333,,,,1_2,2_3,3_1,0,0,0,,,,,,,
,3,G,39,0,0,0,NA,NA,NA,8,10,3,3,x,,0.747,0.808,0.766,,,,,0.04466666667,0.01678,0.7736666667,,,,1_3,2_1,3_2,0,0,0,,,,,,,
,3,G,40,0,0,0,NA,NA,NA,6,9,9,8,x,,0.785,0.748,0.852,,,,,0.04033333333,0.01244666667,0.795,,,,,,,1,1,1,,,,,,,
,3,G,41,0,0,0,NA,NA,NA,4,8,5,4,x,,0.824,0.734,0.8,,,,,0.05666666667,0.02878,0.786,,,,,,3_1,1,1,0,W3_1 + W3_2 pics taken at a bad angle,,,,,,
,3,G,42,1,0,0,3,NA,NA,5,10,8,0,0,,0.85,0.89,NA,,,,,0.108,0.08011333333,0.87,,1,,1_1,2_3,N/A,0,0,N/A,,,,,,,
,3,G,43,0,0,0,NA,NA,NA,9,12,12,8,x,,0.785,0.897,0.877,,,,,0.03333333333,0.005446666667,0.853,,,,1_3,2_2,3_1,0,0,0,,,,,,,
,3,G,44,0,0,0,NA,NA,NA,9,14,13,10,x,,0.789,0.893,0.789,,,,,0.053,0.02511333333,0.8236666667,,,,1_1,2_3,3_2,0,0,0,,,,,,,
,3,G,45,0,0,0,NA,NA,NA,8,11,7,7,x,,0.837,0.792,0.825,,,,,0.04266666667,0.01478,0.818,,,,1_1,2_3,3_2,0,0,0,,,,,,,
,3,G,46,0,0,0,NA,NA,NA,13,11,11,11,x,,0.814,0.68,0.772,,,,,0.026,-0.001886666667,0.7553333333,,,,,2_3,,1,0,1,W3_1 + W3_3 pics taken at a bad angle,,,,,,
,3,G,47,1,0,0,3,NA,NA,7,9,7,6,x,,0.734,0.86,NA,,,,,0.05533333333,0.02744666667,0.797,,,,1_1,2_2,N/A,0,0,N/A,,,,,,,
,3,G,48,0,0,0,NA,NA,NA,6,9,5,5,x,,0.705,0.889,0.801,,,,,0.023,-0.004886666667,0.7983333333,,,,1_1,2_2,3_3,0,0,0,,,1,1,,1,1
,3,G,49,0,0,0,NA,NA,NA,6,13,8,2,1,,0.887,0.829,0.774,0.89,0.825,0.791,,0.007,-0.02088666667,0.83,,,,1_3,2_2,3_1,0,0,0,,,,,,,
,3,G,50,0,0,0,NA,NA,NA,11,13,2,0,x,,0.89,0.834,0.81,,,,,0.03033333333,0.002446666667,0.8446666667,2,,,1_1,2_2,3_3,0,0,0,,,,,,,
,3,G,51,0,0,0,NA,NA,NA,8,11,7,0,0,,0.833,0.796,0.801,0.811,0.799,0.799,,0.036,0.008113333333,0.81,,,,1_1,2_3,3_2,0,0,0,,,,,,,
,3,G,52,1,1,0,2,3,NA,1,6,6,0,0,,0.676,NA,NA,,,,,0.018,-0.009886666667,0.676,,,,1_2,N/A,N/A,0,N/A,N/A,,,,,,,
,3,G,53,1,0,0,3,NA,NA,7,0,0,x,x,NA,0.888,0.817,NA,,,,,0.04283333333,0.01494666667,0.8525,,,,1_3,2_2,N/A,0,0,N/A,,,,,,,
,3,G,54,0,0,0,NA,NA,NA,5,12,12,11,x,,0.674,0.824,0.634,,,,,0.021,-0.006886666667,0.7106666667,,,,1_3,2_1,3_2,0,0,0,,,,,,,
,3,G,55,0,0,0,NA,NA,NA,8,11,7,4,x,,0.718,0.879,0.822,0.715,0.866,0.813,,0.03566666667,0.00778,0.8063333333,1,,,1_2,2_1,3_3,0,0,0,,,,,,,
,3,G,56,1,0,0,3,NA,NA,5,9,8,1,1,,0.805,0.87,NA,,,,,0.0025,-0.02538666667,0.8375,1,,,1_1,2_3,N/A,0,0,N/A,,,,,,,
,3,G,57,0,0,0,NA,NA,NA,8,11,7,5,2,,0.839,0.775,0.912,,,,,0.03633333333,0.008446666667,0.842,,,,1_3,2_2,3_1,0,0,0,,,,,,,
,3,G,58,0,0,0,NA,NA,NA,9,12,6,6,x,,0.693,0.76,0.914,,,,,0.01866666667,-0.00922,0.789,,,,1_2,2_1,3_3,0,0,0,,,,,,,
,3,G,59,1,0,0,3,NA,NA,6,8,8,0,4,,0.792,0.812,NA,,,,,0.01366666667,-0.01422,0.802,,,,1_3,2_2,N/A,0,0,N/A,,,,,,,
,3,G,60,0,0,0,NA,NA,NA,3,8,4,0,1,,0.707,0.652,0.742,,,,,0.022,-0.005886666667,0.7003333333,,,,1_1,2_3,3_2,0,0,0,,,,,,,
,3,G,61,0,0,0,NA,NA,NA,12,9,9,9,x,,0.841,0.844,0.91,,,,,0.043,0.01511333333,0.865,,,,1_2,2_3,3_1,0,0,0,,,,,,,
,3,G,62,0,0,0,NA,NA,NA,5,6,6,1,1,,0.84,0.832,0.71,,,,,0.035,0.007113333333,0.794,,,,1_2,2_1,3_3,0,0,0,,,,,,,
,3,G,63,0,0,0,NA,NA,NA,6,6,6,1,0,,0.841,0.603,0.765,,,,,0.014,-0.01388666667,0.7363333333,,,,1_1,2_2,3_3,0,0,0,,,,,,,
,3,G,64,0,0,0,NA,NA,NA,9,10,7,6,x,,0.831,0.75,0.857,,,,,0.01433333333,-0.01355333333,0.8126666667,,,,1_2,2_1,3_3,0,0,0,,,,,,,
,3,G,65,0,0,0,NA,NA,NA,12,8,6,3,x,,0.845,0.82,0.94,,,,,0.01533333333,-0.01255333333,0.8683333333,,,,1_1,2_2,3_3,0,0,0,,,,,,,
,3,G,66,0,0,0,NA,NA,NA,9,9,8,0,3,,0.807,0.83,0.831,,,,,0.04966666667,0.02178,0.8226666667,,,,1_3,2_2,3_1,0,0,0,,,,,,,
,3,G,67,0,0,0,NA,NA,NA,8,10,10,0,0,,0.843,0.811,0.885,,,,,0.02433333333,-0.003553333333,0.8463333333,,,,1_1,2_2,3_3,0,0,0,,,,,,,
,3,G,68,0,0,0,NA,NA,NA,8,9,9,0,0,,0.884,0.805,0.869,,,,,0.021,-0.006886666667,0.8526666667,,,,1_3,2_2,3_1,0,0,0,,,,,,,
,3,G,69,1,0,0,3,NA,NA,7,9,9,0,6,,0.871,0.872,NA,,,,,0.0675,0.03961333333,0.8715,,,,1_2,2_3,N/A,0,0,N/A,,,,,,,
,3,G,70,0,0,0,NA,NA,NA,6,14,14,0,0,,0.93,0.931,0.767,,,,,0.063,0.03511333333,0.876,,,,1_3,2_2,3_1,0,0,0,,,1,1,,1,1
,3,G,71,0,0,0,NA,NA,NA,7,11,11,6,x,,0.786,0.82,0.833,0.769,0.836,0.845,,0.026,-0.001886666667,0.813,,,,1_3,2_1,3_2,0,0,0,,,,,,,
,3,G,72,1,0,0,3,NA,NA,6,8,8,8,x,,0.858,0.737,NA,,,,,0.002833333333,-0.02505333333,0.7975,,,,1_2,2_3,N/A,0,0,N/A,,,,,,,
,3,G,73,0,0,0,NA,NA,NA,6,11,10,10,x,,0.741,0.685,0.677,,,,,0.002,-0.02588666667,0.701,,,,1_2,,,0,1,1,W3_2 + W3_3 pics taken at a bad angle,,,,,,
,3,G,74,0,0,0,NA,NA,NA,5,8,8,0,0,,0.818,0.73,0.911,,,,,0.02733333333,-0.0005533333333,0.8196666667,,,,1_2,2_3,3_1,0,0,0,,,,,,,
,3,G,75,0,0,0,NA,NA,NA,6,14,12,0,3,,0.906,0.834,0.882,0.899,0.826,0.872,,0.006333333333,-0.02155333333,0.874,,,,1_1,2_2,3_3,0,0,0,,,,,,,
,4,O,1,1,0,0,4,NA,NA,13,11,10,1,0,,0.793,0.862,NA,,,,,0.0365,0.02212,0.8275,,,,1_3,2_2,NA,0,0,NA,,,,,,,
,4,O,2,0,0,0,NA,NA,NA,11,9,7,6,x,,0.823,0.957,0.89,0.82,0.934,0.873,,0.001333333333,-0.01304666667,0.89,,,,1_1,2_2,3_3,0,0,0,,,1,1,,1,1
,4,O,3,0,0,0,NA,NA,NA,8,9,9,0,x,,0.785,0.878,,,,,,0.02616666667,0.01178666667,0.8315,,,w4 O length average,1_3,2_2,,0,0,1,w4 1&3 same snail,,,,,,
,4,O,4,0,0,0,NA,NA,NA,15,14,14,14,x,,0.808,0.899,0.863,0.815,0.914,0.858,,0.01666666667,0.002286666667,0.8566666667,,,0.8132177778,1_1,2_2,3_3,0,0,0,,,,,,,
,4,O,5,0,0,0,NA,NA,NA,14,11,10,9,x,,0.837,0.879,0.849,,,,,0.01466666667,0.0002866666667,0.855,,,,1_1,2_3,3_2,0,0,0,3 mating snails all together,1,1,1,1,1,1
,4,O,6,1,0,0,4,NA,NA,10,10,10,7,x,,0.867,0.985,NA,0.866,0.976,,,0.07166666667,0.05728666667,0.926,,,w4 O growth average,1_3,2_1,NA,0,0,NA,,1,1,,1,1,
,4,O,7,0,0,0,NA,NA,NA,12,11,11,11,x,,0.809,0.825,,0.831,0.836,,,0.01166666667,-0.002713333333,0.817,,,0.01438,1_3,2_1,,0,0,1,w4 1&3 same snail,,,,,,
,4,O,8,1,0,0,4,NA,NA,12,10,10,9,x,,0.806,0.846,NA,,,,,-0.01033333333,-0.02471333333,0.826,,,,,,NA,1,1,NA,,1,1,,1,1,
,4,O,9,1,0,0,4,NA,NA,7,12,10,5,0,,0.803,0.862,NA,,,,,0.04583333333,0.03145333333,0.8325,,,,1_2,2_1,NA,0,0,NA,,,,,,,
,4,O,10,0,0,0,NA,NA,NA,12,10,9,0,0,,0.843,0.821,0.835,,,,,0,-0.01438,0.833,,,,1_2,2_1,3_3,0,0,0,,,,,,,
,4,O,11,0,0,0,NA,NA,NA,15,14,14,4,x,,0.919,0.92,0.979,,,,,0.043,0.02862,0.9393333333,,,,1_1,2_3,3_2,0,0,0,,,1,1,,1,1
,4,O,12,0,0,0,NA,NA,NA,9,8,7,7,x,,0.791,0.866,,,,,,0.02516666667,0.01078666667,0.8285,,,,1_1,2_2,,0,0,1,w4 1&3 same snail,,,,,,
,4,O,13,0,0,0,NA,NA,NA,10,11,10,8,0,,0.839,0.844,0.923,,,,,0.01,-0.00438,0.8686666667,,,,1_1,2_2,3_3,0,0,0,,,,,,,
,4,O,14,1,0,0,3,NA,NA,8,10,6,2,0,,0.845,0.892,NA,,,,,-0.0045,-0.01888,0.8685,,,,1_1,2_2,NA,0,0,NA,,,,,,,
,4,O,15,0,0,0,NA,NA,NA,14,10,6,6,x,,0.88,0.887,0.896,0.884,0.889,0.906,,0.018,0.00362,0.8876666667,,,,1_3,2_2,3_1,0,0,0,,,,,,,
,4,O,16,1,0,0,2,NA,NA,12,8,8,8,x,,0.798,0.847,NA,,,,,-0.0065,-0.02088,0.8225,,,,1_2,2_1,NA,0,0,NA,,1,1,,1,1,
,4,O,17,0,0,0,NA,NA,NA,14,5,5,5,x,,0.911,0.871,0.982,0.936,0.885,0.972,,0.03433333333,0.01995333333,0.9213333333,,,,1_3,2_2,3_1,0,0,0,,,,,,,
,4,O,18,1,0,0,2,NA,NA,3,6,6,0,0,,0.844,0.812,NA,,,,,0.0125,-0.00188,0.828,,,,1_2,2_1,NA,0,0,NA,,,,,,,
,4,O,19,0,0,0,NA,NA,NA,17,9,7,1,2,,0.754,0.846,0.878,,,,,0.003666666667,-0.01071333333,0.826,,,,1_2,2_1,3_3,0,0,0,,,,,,,
,4,O,20,1,0,0,4,NA,NA,11,5,4,4,x,,0.793,0.714,NA,,,,,0.005166666667,-0.009213333333,0.7535,,,,1_1,2_2,NA,0,0,NA,,,,,,,
,4,O,21,0,0,0,NA,NA,NA,12,7,4,2,x,,0.871,0.806,0.765,,,,,0.041,0.02662,0.814,,,,1_2,2_3,3_1,0,0,0,,1,1,,1,1,
,4,O,22,0,0,0,NA,NA,NA,9,14,14,11,0,,0.888,0.945,0.739,0.896,0.924,0.741,,0.04666666667,0.03228666667,0.8573333333,,,,1_1,2_2,3_3,0,0,0,,,,,,,
,4,O,23,0,0,0,NA,NA,NA,13,7,7,7,x,,0.841,0.827,0.851,0.846,0.83,0.859,,0.02866666667,0.01428666667,0.8396666667,,,,1_3,2_1,3_2,0,0,0,,,,,,,
,4,O,24,0,0,0,NA,NA,NA,12,13,12,11,x,,0.85,0.788,0.964,,,,,0.02366666667,0.009286666667,0.8673333333,,,,1_2,2_3,3_1,0,0,0,,,,,,,
,4,O,25,0,0,0,NA,NA,NA,16,14,10,9,x,,0.79,0.777,0.804,,,,,0.003666666667,-0.01071333333,0.7903333333,,,,1_2,2_3,3_1,0,0,0,,,1,,,,
,4,O,26,1,0,0,4,NA,NA,3,2,2,2,x,,0.802,0.816,NA,,,,,0.018,0.00362,0.809,,,,1_2,2_3,NA,0,0,NA,,,,,,,
,4,O,27,1,0,0,3,NA,NA,6,7,7,2,0,,0.825,0.771,NA,,,,,0.028,0.01362,0.798,,,,1_2,2_1,NA,0,0,NA,,1,,,,,
,4,O,28,0,0,0,NA,NA,NA,20,6,6,2,x,,0.748,0.725,0.801,,,,,0.009666666667,-0.004713333333,0.758,,,,1_3,2_1,3_2,0,0,0,,,,,,,
,4,O,29,0,0,0,NA,NA,NA,8,9,7,7,x,,0.949,0.74,0.769,,,,,0.02766666667,0.01328666667,0.8193333333,,,,1_2,2_3,3_1,0,0,0,,,,,,,
,4,O,30,0,0,0,NA,NA,NA,15,8,8,8,x,,0.824,0.841,0.888,,,,,0.03366666667,0.01928666667,0.851,,,,1_1,2_3,3_2,0,0,0,,,1,1,,1,1
,4,O,31,1,0,0,3,NA,NA,3,2,2,0,0,,0.786,0.808,NA,,,,,0.011,-0.00338,0.797,,,,,,NA,1,1,NA,,,,,,,
,4,O,32,1,0,0,2,NA,NA,9,12,10,6,x,,0.769,0.777,NA,,,,,-0.028,-0.04238,0.773,,,,1_2,2_1,NA,0,0,NA,,,,,,,
,4,O,33,0,0,0,NA,NA,NA,14,11,7,3,x,,0.794,0.826,0.833,,,,,0.01166666667,-0.002713333333,0.8176666667,,,,,2_1,,1,0,1,,,1,1,,1,1
,4,O,34,0,0,0,NA,NA,NA,16,7,6,6,x,,0.861,0.845,0.792,,,,,0.005333333333,-0.009046666667,0.8326666667,,,,1_3,2_2,3_1,0,0,0,,1,,,,,
,4,O,35,0,0,0,NA,NA,NA,9,7,4,2,x,,0.704,0.792,0.926,,,,,0.005333333333,-0.009046666667,0.8073333333,,,,1_3,2_2,3_1,0,0,0,,1,,,,,
,4,O,36,0,0,0,NA,NA,NA,16,11,9,9,x,,0.835,0.884,0.835,0.822,0.882,0.812,,0.013,-0.00138,0.8513333333,1,,,1_3,2_2,3_1,0,0,0,,,,,,,
,4,O,37,0,0,0,NA,NA,NA,3,2,2,0,0,,0.852,0.765,0.779,,,,,0.003666666667,-0.01071333333,0.7986666667,,,,1_2,2_3,3_1,0,0,0,,,,,,,
,4,O,38,0,0,0,NA,NA,NA,10,9,8,7,x,,0.852,0.893,0.881,,,,,0.108,0.09362,0.8753333333,,,,1_2,,,0,1,1,,,1,1,,1,1
,4,O,39,1,0,0,4,NA,NA,9,10,10,2,0,,0.849,0.764,NA,,,,,0.05616666667,0.04178666667,0.8065,,,,1_2,2_1,NA,0,0,NA,,1,1,,,,
,4,O,40,0,0,0,NA,NA,NA,11,8,8,0,0,,0.792,0.733,,,,,,0.0055,-0.00888,0.7625,,,,,2_3,3_2,0,0,0,w4 1&3 same snail,,,,,,
,4,O,41,1,0,0,4,NA,NA,8,10,8,0,x,,0.847,0.84,NA,,,,,0.05183333333,0.03745333333,0.8435,,,,1_2,2_1,NA,0,0,NA,,1,,,,,
,4,O,42,1,0,0,4,NA,NA,6,7,6,0,x,,0.745,0.754,NA,,,,,-0.0375,-0.05188,0.7495,,,,,,NA,1,1,NA,,,,,,,
,4,O,43,1,1,0,4,4,NA,7,4,2,0,x,,0.754,NA,NA,,,,,0.011,-0.00338,0.754,,,,1_2,NA,NA,0,NA,NA,,,,,,,
,4,O,44,0,0,0,NA,NA,NA,11,6,3,3,x,,0.85,0.815,0.76,,,,,0.011,-0.00338,0.8083333333,,,,1_3,2_1,3_2,0,0,0,,,,,,,
,4,O,45,0,0,0,NA,NA,NA,7,12,11,2,x,,0.859,0.704,0.665,,,,,0.01933333333,0.004953333333,0.7426666667,,,,1_3,2_2,3_1,0,0,0,,,,,,,
,4,O,46,0,0,0,NA,NA,NA,7,6,4,2,x,,0.836,0.852,0.73,,,,,0.031,0.01662,0.806,,,,1_3,2_2,3_1,0,0,0,,,,,,,
,4,O,47,1,0,0,4,NA,NA,4,6,5,0,x,,0.79,0.707,NA,,,,,-0.1065,-0.12088,0.7485,,,,1_2,2_1,NA,0,0,NA,,,,,,,
,4,O,48,0,0,0,NA,NA,NA,21,10,10,1,0,,0.832,0.797,0.799,,,,,0.0006666666667,-0.01371333333,0.8093333333,,,,1_3,2_2,3_1,0,0,0,,,,,,,
,4,O,49,0,0,0,NA,NA,NA,13,10,8,3,0,,0.709,0.83,0.828,,,,,0.002333333333,-0.01204666667,0.789,,,,1_2,2_1,3_3,0,0,0,,,,,,,
,4,O,50,0,0,0,NA,NA,NA,15,7,7,0,0,,0.805,0.832,0.873,,,,,0.004333333333,-0.01004666667,0.8366666667,,,,,,3_1,1,1,0,3 mating together,1,1,1,1,1,1
,4,O,51,1,0,0,3,NA,NA,9,9,9,0,0,,0.813,0.671,NA,,,,,0.0085,-0.00588,0.742,,,,1_2,2_1,NA,0,0,NA,,,,,,,
,4,O,52,1,0,0,4,NA,NA,11,8,8,2,x,,0.746,0.845,NA,,,,,0.02283333333,0.008453333333,0.7955,,,,1_2,2_3,NA,0,0,NA,,1,,,,,
,4,O,53,0,0,0,NA,NA,NA,8,11,10,2,0,,0.767,0.802,0.692,,,,,0.03366666667,0.01928666667,0.7536666667,,,,,,3_1,1,1,0,,,,,,,
,4,O,54,0,0,0,NA,NA,NA,21,8,8,2,2,,0.869,0.815,0.853,,,,,0.02133333333,0.006953333333,0.8456666667,,,,1_3,,,0,1,1,,1,,,,,
,4,O,55,1,0,0,3,NA,NA,8,11,10,1,0,,0.86,0.719,NA,,,,,-0.0285,-0.04288,0.7895,,,,1_2,2_1,NA,0,0,NA,,1,1,,,,
,4,O,56,1,1,0,4,4,NA,5,8,6,0,0,,0.845,NA,NA,,,,,0.06266666667,0.04828666667,0.845,,,,1_2,NA,NA,0,NA,NA,,,,,,,
,4,O,57,0,0,0,NA,NA,NA,3,4,3,0,0,,0.846,0.741,0.651,,,,,0.005333333333,-0.009046666667,0.746,,,,1_1,2_3,3_2,0,0,0,,,,,,,
,4,O,58,0,0,0,NA,NA,NA,8,10,8,0,x,,0.717,0.744,0.698,,,,,0.004,-0.01038,0.7196666667,,,,1_3,2_1,3_2,0,0,0,,,,,,,
,4,O,59,0,0,0,NA,NA,NA,15,11,11,5,0,,0.707,0.791,0.796,,,,,0.008666666667,-0.005713333333,0.7646666667,,,,1_1,2_3,3_2,0,0,0,,,,,,,
,4,O,60,0,0,0,NA,NA,NA,9,9,7,7,x,,0.944,0.864,0.927,0.952,0.841,0.937,,0.008,-0.00638,0.9116666667,,,,1_3,2_2,3_1,0,0,0,,,,,,,
,4,O,61,0,0,0,NA,NA,NA,12,7,7,6,x,,0.816,0.754,0.737,,,,,0.013,-0.00138,0.769,,,,1_3,2_2,3_1,0,0,0,,,,,,,
,4,O,62,0,0,0,NA,NA,NA,11,11,8,8,x,,0.61,0.715,0.808,,,,,0.02033333333,0.005953333333,0.711,,,,1_1,2_3,3_2,0,0,0,,,,,,,
,4,O,63,0,0,0,NA,NA,NA,8,10,8,0,0,,0.948,0.911,0.834,,,,,0.002,-0.01238,0.8976666667,,,,1_3,2_1,3_2,0,0,0,,,,,,,
,4,O,64,0,0,0,NA,NA,NA,9,11,11,0,0,,0.835,0.815,0.824,,,,,0.008,-0.00638,0.8246666667,,,,1_2,2_3,3_1,0,0,0,,,,,,,
,4,O,65,1,0,0,3,NA,NA,14,9,8,7,0,,0.743,0.833,NA,,,,,0.0065,-0.00788,0.788,,,,1_1,2_2,NA,0,0,NA,,,,,,,
,4,O,66,0,0,0,NA,NA,NA,13,10,7,1,0,,0.802,0.796,0.781,,,,,0.001,-0.01338,0.793,,,,1_1,2_3,3_2,0,0,0,,,,,,,
,4,O,67,0,0,0,NA,NA,NA,17,11,8,7,0,,0.786,0.851,0.784,,,,,0.011,-0.00338,0.807,,,,1_1,2_2,3_3,0,0,0,,,,,,,
,4,O,68,0,0,0,NA,NA,NA,3,1,1,0,0,,0.805,0.723,0.847,,,,,0.005,-0.00938,0.7916666667,,,,1_3,2_1,3_2,0,0,0,,,,,,,
,4,O,69,0,0,0,NA,NA,NA,10,8,8,8,x,,0.744,0.741,0.773,,,,,0.0006666666667,-0.01371333333,0.7526666667,,,,1_2,2_1,3_3,0,0,0,,,1,,,,
,4,O,70,0,0,0,NA,NA,NA,6,8,7,7,x,,0.787,0.821,0.787,,,,,0.03066666667,0.01628666667,0.7983333333,,,,1_3,2_1,3_2,0,0,0,,,,,,,
,4,O,71,1,0,0,3,NA,NA,9,12,9,2,0,,0.864,0.892,NA,,,,,0.024,0.00962,0.878,,,,1_1,2_2,NA,0,0,NA,,,,,,,
,4,O,72,0,0,0,NA,NA,NA,10,10,8,3,x,,0.672,0.873,0.751,,,,,0.01033333333,-0.004046666667,0.7653333333,,,,1_1,2_2,3_3,0,0,0,,,,,,,
,4,O,73,0,0,0,NA,NA,NA,15,9,9,NA,NA,NA,0.748,0.724,0.653,,,,,0.001,-0.01338,0.7083333333,,,,1_1,2_3,3_2,0,0,0,,1,,1,,,
,4,O,74,0,0,0,NA,NA,NA,15,10,8,NA,NA,NA,0.704,0.797,0.752,,,,,0.003666666667,-0.01071333333,0.751,,,,1_3,2_2,3_1,0,0,0,,,,,,,
,4,O,75,0,0,0,NA,NA,NA,6,7,6,NA,NA,NA,0.8,0.84,0.729,,,,,0,-0.01438,0.7896666667,,,,1_2,2_1,3_3,0,0,0,,,,,,,
,4,W,1,1,0,0,3,NA,NA,4,11,11,0,0,,0.823,0.87,,,,,,0.0405,0.02129555556,0.8465,,,,1_1,2_2,NA,0,0,NA,,,,,,,
,4,W,2,1,0,0,3,NA,NA,6,13,12,1,0,,0.71,0.718,,,,,,0.0005,-0.01870444444,0.714,,,Week3-W group length avg:,1_1,2_2,NA,0,0,NA,,,,,,,
,4,W,3,1,0,0,2,NA,NA,7,11,11,3,0,,0.845,0.715,,,,,,0.031,0.01179555556,0.78,,,0.7988444444,1_2,2_1,NA,0,0,NA,,,,,,,
,4,W,4,0,0,0,NA,NA,NA,11,10,10,8,0,,0.733,0.699,0.871,,,,,0.001333333333,-0.01787111111,0.7676666667,,,,1_1,2_3,3_2,0,0,0,,,,,,,
,4,W,5,0,0,0,NA,NA,NA,8,10,9,9,x,,0.764,0.843,0.844,,,,,0.005,-0.01420444444,0.817,,,,1_3,2_1,3_2,0,0,0,,,,,,,
,4,W,6,0,0,0,NA,NA,NA,5,8,8,0,0,,0.742,0.822,0.842,,,,,0.03366666667,0.01446222222,0.802,,,W3-W2 growth avg:,1_3,2_1,3_2,0,0,0,,,,,,,
,4,W,7,0,0,0,NA,NA,NA,9,7,7,0,0,,0.858,0.711,0.765,,,,,0.01566666667,-0.003537777778,0.778,,,0.01920444444,1_3,2_2,3_1,0,0,0,,,,,,,
,4,W,8,0,0,0,NA,NA,NA,11,14,14,9,0,,0.726,0.733,0.7,,,,,0.029,0.009795555556,0.7196666667,,,,1_3,2_1,3_2,0,0,0,,,,,,,
,4,W,9,0,0,0,NA,NA,NA,10,6,5,0,0,,0.713,0.896,0.76,,,,,0.004333333333,-0.01487111111,0.7896666667,,,,1_3,2_1,3_2,0,0,0,,,,,,,
,4,W,10,1,1,0,3,4,NA,7,11,11,0,0,,0.793,,,,,,,0.0295,0.01029555556,0.793,,,,1_1,NA,NA,0,NA,NA,,,,,,,
,4,W,11,1,1,0,3,4,NA,7,6,6,6,x,,0.758,,,,,,,0.088,0.06879555556,0.758,,,,1_2,NA,NA,0,NA,NA,,,,,,,
,4,W,12,0,0,0,NA,NA,NA,11,9,7,1,1,,0.78,0.709,0.828,,,,,0.0003333333333,-0.01887111111,0.7723333333,,,,1_2,2_3,3_1,0,0,0,,,,,,,
,4,W,13,1,0,0,4,NA,NA,11,7,7,1,x,,0.83,0.881,,,,,,0.08116666667,0.06196222222,0.8555,,,,1_1,2_3,NA,0,0,NA,,,,,,,
,4,W,14,0,0,0,NA,NA,NA,10,8,8,1,x,,0.694,0.793,0.73,,,,,0.01033333333,-0.008871111111,0.739,,,,1_2,2_1,3_3,0,0,0,,,,,,,
,4,W,15,1,0,0,3,NA,NA,7,7,7,3,x,,0.826,0.827,,,,,,-0.01,-0.02920444444,0.8265,,,,1_2,2_1,NA,0,0,NA,,,,,,,
,4,W,16,0,0,0,NA,NA,NA,27,12,9,4,x,,0.693,0.773,0.748,,,,,0.003666666667,-0.01553777778,0.738,,,,1_3,2_2,3_1,0,0,0,,,,,,,
,4,W,17,0,0,0,NA,NA,NA,6,7,7,0,0,,0.879,0.887,0.822,,,,,0.01666666667,-0.002537777778,0.8626666667,,,,1_1,2_3,3_2,0,0,0,,,,,,,
,4,W,18,0,0,0,NA,NA,NA,13,13,12,6,2,,0.817,0.823,,,,,,0.02833333333,0.009128888889,0.82,,,,1_3,2_1,,0,0,1,w4 1&3 same snail,,,,,,
,4,W,19,0,0,0,NA,NA,NA,11,14,14,8,0,,0.864,0.865,,,,,,0.0235,0.004295555556,0.8645,,,,1_1,2_3,,0,0,1,w4 2&3 same snail,,,,,,
,4,W,20,1,0,0,4,NA,NA,8,7,6,2,0,,0.735,0.757,,,,,,0.022,0.002795555556,0.746,,,,1_1,2_3,NA,0,0,NA,,,,,,,
,4,W,21,1,0,0,3,NA,NA,11,10,10,0,0,,0.78,0.665,,,,,,-0.0015,-0.02070444444,0.7225,,,,1_1,2_2,NA,0,0,NA,,,,,,,
,4,W,22,0,0,0,NA,NA,NA,12,9,9,4,0,,0.751,0.783,0.935,,,,,0.01666666667,-0.002537777778,0.823,,,,1_1,2_2,3_3,0,0,0,,,,,,,
,4,W,23,0,0,0,NA,NA,NA,13,11,11,2,0,,0.725,0.89,0.771,,,,,0.001,-0.01820444444,0.7953333333,,,,1_1,2_3,3_2,0,0,0,,,,,,,
,4,W,24,0,0,0,NA,NA,NA,10,8,8,2,0,,0.687,0.775,0.807,,,,,0.008333333333,-0.01087111111,0.7563333333,,,,1_3,2_2,3_1,0,0,0,,,,,,,
,4,W,25,0,0,0,NA,NA,NA,15,10,10,3,x,,0.765,0.655,0.762,,,,,0.002666666667,-0.01653777778,0.7273333333,,,,1_2,2_1,3_3,0,0,0,,,,,,,
,4,W,26,0,0,0,NA,NA,NA,10,12,10,0,x,,0.799,0.821,,,,,,0.02366666667,0.004462222222,0.81,,,,1_3,2_1,,0,0,1,w4 2&3 same snail,,,,,,
,4,W,27,1,0,0,4,NA,NA,4,5,5,0,x,,0.732,0.787,,,,,,0.06616666667,0.04696222222,0.7595,,,,1_3,2_1,NA,0,0,NA,,,,,,,
,4,W,28,1,0,0,4,NA,NA,6,11,11,6,0,,0.906,0.843,,,,,,0.0335,0.01429555556,0.8745,,,,1_1,2_2,NA,0,0,NA,,,,,,,
,4,W,29,0,0,0,NA,NA,NA,14,12,12,3,2,,0.845,0.863,0.78,0.85,0.853,0.782,,0.068,0.04879555556,0.8293333333,,,,1_3,2_1,3_2,0,0,0,,,,,,,
,4,W,30,0,0,0,NA,NA,NA,14,13,13,13,x,,0.815,0.777,0.764,0.812,0.755,0.749,,0.02566666667,0.006462222222,0.7853333333,,,,1_3,2_2,3_1,0,0,0,,,,,,,
,4,W,31,0,0,0,NA,NA,NA,8,9,9,0,0,,0.63,0.791,0.793,,,,,0.014,-0.005204444444,0.738,,,,1_3,2_1,3_2,0,0,0,,,,,,,
,4,W,32,0,0,0,NA,NA,NA,7,7,7,5,x,,0.935,0.75,0.734,,,,,0.01133333333,-0.007871111111,0.8063333333,,,,1_3,2_1,3_2,0,0,0,,,,,,,
,4,W,33,1,0,0,4,NA,NA,13,15,15,0,0,,0.794,0.89,,,,,,0.09,0.07079555556,0.842,,,,1_1,2_2,NA,0,0,NA,,,,,,,
,4,W,34,0,0,0,NA,NA,NA,7,8,8,7,x,,0.762,0.727,0.761,0.77,0.724,0.762,,0.048,0.02879555556,0.75,,,,1_1,2_2,3_3,0,0,0,,,,,,,
,4,W,35,1,0,0,3,NA,NA,11,9,4,1,0,,0.865,0.944,,,,,,-0.0065,-0.02570444444,0.9045,,,,1_2,2_1,NA,0,0,NA,,,,,,,
,4,W,36,1,0,0,3,NA,NA,10,6,6,4,x,,0.796,0.819,,,,,,0.051,0.03179555556,0.8075,,,,1_1,2_2,NA,0,0,NA,,,,,,,
,4,W,37,0,0,0,NA,NA,NA,8,10,10,9,x,,0.816,0.806,0.883,,,,,0.01033333333,-0.008871111111,0.835,,,,1_1,2_2,3_3,0,0,0,,,,,,,
,4,W,38,0,0,0,NA,NA,NA,9,10,8,6,x,,0.847,0.838,0.805,0.838,0.818,0.807,,0.033,0.01379555556,0.83,,,,1_3,2_1,3_2,0,0,0,,,,,,,
,4,W,39,0,0,0,NA,NA,NA,7,9,8,4,0,,0.789,0.735,0.705,,,,,0.01233333333,-0.006871111111,0.743,,,,1_2,2_3,3_1,0,0,0,,,,,,,
,4,W,40,0,0,0,NA,NA,NA,14,13,13,1,0,,0.784,0.739,0.974,,,,,0.002333333333,-0.01687111111,0.8323333333,,,,1_1,2_2,3_3,0,0,0,,,,,,,
,4,W,41,0,0,0,NA,NA,NA,18,11,11,11,x,,0.676,0.825,0.68,,,,,0.017,-0.002204444444,0.727,,,,1_2,,,0,1,1,W4 1&3 same snail,,,,,,
,4,W,42,1,0,0,3,NA,NA,13,10,10,1,x,,0.798,0.742,,,,,,0.0115,-0.007704444444,0.77,,,,1_2,2_1,NA,0,0,NA,,,,,,,
,4,W,43,1,0,0,4,NA,NA,4,12,12,2,0,,0.737,0.819,,,,,,0.005333333333,-0.01387111111,0.778,,,,1_1,2_2,NA,0,0,NA,,,,,,,
,4,W,44,0,0,0,NA,NA,NA,3,15,15,15,x,,0.862,0.789,0.846,,,,,0.02833333333,0.009128888889,0.8323333333,,,,1_3,2_2,3_1,0,0,0,,,,,,,
,4,W,45,1,0,0,3,NA,NA,13,15,13,1,1,,0.763,0.773,,,,,,0.002,-0.01720444444,0.768,,,,1_1,2_2,NA,0,0,NA,,,,,,,
,4,W,46,0,0,0,NA,NA,NA,19,10,9,8,x,,0.813,0.86,0.819,0.808,0.859,0.832,,0.018,-0.001204444444,0.8306666667,,,,1_2,2_3,3_1,0,0,0,,,,,,,
,4,W,47,0,0,0,NA,NA,NA,8,13,9,5,2,,0.914,0.704,0.873,,,,,0.009333333333,-0.009871111111,0.8303333333,,,,1_3,2_1,3_2,0,0,0,,,,,,,
,4,W,48,0,0,0,NA,NA,NA,14,10,10,0,0,,0.912,0.729,0.885,,,,,0.01533333333,-0.003871111111,0.842,,,,1_3,2_2,3_1,0,0,0,,,,,,,
,4,W,49,0,0,0,NA,NA,NA,7,11,10,4,0,,0.807,0.918,0.727,,,,,0.05,0.03079555556,0.8173333333,,,,1_1,2_2,3_3,0,0,0,,,,,,,
,4,W,50,1,0,0,3,NA,NA,12,12,11,2,x,,0.839,0.784,,,,,,0.0015,-0.01770444444,0.8115,,,,1_2,2_1,NA,0,0,NA,,,,,,,
,4,W,51,0,0,0,NA,NA,NA,8,10,8,7,x,,0.771,0.73,0.915,0.761,0.737,0.924,,0.027,0.007795555556,0.8053333333,,,,1_2,2_1,3_3,0,0,0,,,,,,,
,4,W,52,0,0,0,NA,NA,NA,8,5,5,1,x,,0.834,0.766,0.785,,,,,0.0003333333333,-0.01887111111,0.795,,,,1_3,2_2,3_1,0,0,0,,,,,,,
,4,W,53,0,0,0,NA,NA,NA,4,14,14,0,0,,0.679,0.739,0.758,,,,,0.002,-0.01720444444,0.7253333333,,,,1_1,2_2,3_3,0,0,0,,,,,,,
,4,W,54,0,0,0,NA,NA,NA,9,10,10,4,x,,0.891,0.823,0.821,,,,,0.006,-0.01320444444,0.845,,,,1_3,2_2,3_1,0,0,0,,,,,,,
,4,W,55,0,0,0,NA,NA,NA,11,11,11,5,0,,0.945,0.91,0.791,,,,,0.044,0.02479555556,0.882,,,,1_1,2_3,3_2,0,0,0,,,,,,,
,4,W,56,0,0,0,NA,NA,NA,16,13,13,1,0,,0.853,0.898,0.873,,,,,0.02533333333,0.006128888889,0.8746666667,,,,1_3,2_1,3_2,0,0,0,,,1,1,,1,1
,4,W,57,0,0,0,NA,NA,NA,6,11,11,1,0,,0.836,0.737,0.838,,,,,0.016,-0.003204444444,0.8036666667,,,,1_2,2_3,3_1,0,0,0,,,,,,,
,4,W,58,0,0,0,NA,NA,NA,11,10,9,9,x,,0.766,0.587,0.914,,,,,0.002333333333,-0.01687111111,0.7556666667,,,,1_1,2_2,3_3,0,0,0,,,,,,,
,4,W,59,0,0,0,NA,NA,NA,3,0,0,x,x,NA,0.712,0.615,0.587,,,,,0.001333333333,-0.01787111111,0.638,,,,1_1,2_2,3_3,0,0,0,,,,,,,
,4,W,60,0,0,0,NA,NA,NA,11,12,12,7,x,,0.838,0.884,0.92,,,,,0.004333333333,-0.01487111111,0.8806666667,,,,1_3,2_2,3_1,0,0,0,,,1,1,,1,1
,4,W,61,1,0,0,3,NA,NA,6,0,0,x,x,NA,0.89,0.851,,,,,,-0.0115,-0.03070444444,0.8705,,,,1_1,2_2,NA,0,0,NA,,,,,,,
,4,W,62,0,0,0,NA,NA,NA,13,12,11,0,0,,0.819,0.791,0.891,0.839,0.795,0.881,,0.006666666667,-0.01253777778,0.8336666667,,,,1_1,2_2,3_3,0,0,0,,,,,,,
,4,W,63,0,0,0,NA,NA,NA,14,10,10,1,x,,0.725,0.694,0.709,,,,,0.006333333333,-0.01287111111,0.7093333333,,,,1_2,2_3,3_1,0,0,0,,,,,,,
,4,W,64,0,0,0,NA,NA,NA,10,12,9,2,x,,0.866,0.846,0.856,,,,,0.013,-0.006204444444,0.856,,,,1_2,2_1,3_3,0,0,0,,,,,,,
,4,W,65,0,0,0,NA,NA,NA,12,10,10,2,0,,0.922,0.963,0.768,0.932,0.959,0.784,,0.015,-0.004204444444,0.8843333333,,,,1_3,2_2,3_1,0,0,0,,,,,,,
,4,W,66,0,0,0,NA,NA,NA,9,12,11,11,x,,0.798,0.801,0.735,0.806,0.813,0.733,,0.02866666667,0.009462222222,0.778,,,,1_1,2_3,3_2,0,0,0,,,,,,,
,4,W,67,1,0,0,3,NA,NA,11,9,9,0,0,,0.819,0.893,,,,,,0.022,0.002795555556,0.856,,,,1_2,2_1,NA,0,0,NA,,,,,,,
,4,W,68,1,0,0,4,NA,NA,2,15,15,0,x,,0.894,0.768,,,,,,0.071,0.05179555556,0.831,,,,1_3,2_2,NA,0,0,NA,,,,,,,
,4,W,69,1,0,0,4,NA,NA,8,10,10,0,0,,0.744,0.813,,,,,,-0.0045,-0.02370444444,0.7785,,,,1_1,2_3,NA,0,0,NA,,,,,,,
,4,W,70,0,0,0,NA,NA,NA,11,8,8,0,0,,0.752,0.87,0.86,,,,,0.008333333333,-0.01087111111,0.8273333333,,,,1_3,2_2,3_1,0,0,0,,,,,,,
,4,W,71,0,0,0,NA,NA,NA,10,9,9,1,0,,0.726,0.715,0.846,,,,,0.001666666667,-0.01753777778,0.7623333333,,,,1_1,2_2,3_3,0,0,0,,,,,,,
,4,W,72,0,0,0,NA,NA,NA,21,10,10,5,0,,0.783,0.703,0.828,,,,,0.0003333333333,-0.01887111111,0.7713333333,,,,1_2,2_1,3_3,0,0,0,,,,,,,
,4,W,73,1,0,0,3,NA,NA,8,11,11,0,0,,0.726,0.888,,,,,,0.0215,0.002295555556,0.807,,,,1_2,2_1,NA,0,0,NA,,,,,,,
,4,W,74,0,0,0,NA,NA,NA,13,15,9,7,x,,0.803,0.84,0.811,0.81,0.835,0.794,,0.009333333333,-0.009871111111,0.818,,,,1_2,2_1,3_3,0,0,0,,,1,1,,1,1
,4,W,75,0,0,0,NA,NA,NA,2,4,4,0,x,,0.721,0.765,0.781,,,,,0.001,-0.01820444444,0.7556666667,,,,1_2,2_3,3_1,0,0,0,,,,,,,
,4,Y,1,0,0,0,NA,NA,NA,8,11,11,11,x,,0.639,0.813,0.757,0.647,0.824,0.756,,0.008666666667,,0.7363333333,,,,1_2,2_3,3_1,0,0,0,,,,,,,
,4,Y,2,0,0,0,NA,NA,NA,10,9,9,8,x,,0.787,0.809,0.746,,,,,0.02266666667,,0.7806666667,,,,1_1,2_3,3_2,0,0,0,,,,,,,
,4,Y,3,0,0,0,NA,NA,NA,8,10,8,8,x,,0.738,0.72,0.771,,,,,0.001,,0.743,,,,1_1,2_3,3_2,0,0,0,,,,,,,
,4,Y,4,0,0,0,NA,NA,NA,5,13,13,2,0,,0.856,0.797,0.852,,,,,0.024,,0.835,,,,1_3,2_2,3_1,0,0,0,,,,,,,
,4,Y,5,0,0,0,NA,NA,NA,6,9,9,2,0,,0.809,0.741,0.759,0.815,0.738,0.768,,0.017,,0.7696666667,,,,1_1,2_3,3_2,0,0,0,W4_3 picture is obscured by leaf on shell ,,,,,,
,4,Y,6,0,0,0,NA,NA,NA,9,11,11,8,x,,0.796,0.762,0.793,,,,,0.03966666667,,0.7836666667,,,,1_2,2_3,3_1,0,0,0,,,,,,,
,4,Y,7,0,0,0,NA,NA,NA,11,11,9,7,x,,0.845,0.685,0.935,,,,,0.0006666666667,,0.8216666667,,,,1_3,2_1,3_2,0,0,0,,,1,1,,1,1
,4,Y,8,0,0,0,NA,NA,NA,12,11,11,4,1,,0.835,0.984,0.843,,,,,0.01466666667,,0.8873333333,,,,1_1,2_2,3_3,0,0,0,,,,,,,
,4,Y,9,1,0,0,4,NA,NA,7,10,10,10,x,,0.838,0.706,NA,,,,,0.05366666667,,0.772,,,,1_3,2_2,N/A,0,0,0,,,,,,,
,4,Y,10,0,0,0,NA,NA,NA,13,16,16,0,0,,0.713,0.729,0.917,,,,,0.01366666667,,0.7863333333,,,,1_1,2_3,3_2,0,0,0,,,1,1,,1,1
,4,Y,11,1,0,0,2,NA,NA,10,10,4,4,x,,0.788,0.844,NA,,,,,0.045,,0.816,,,,1_1,2_2,N/A,0,0,0,,,,,,,
,4,Y,12,0,0,0,NA,NA,NA,11,8,8,2,x,,0.802,0.766,0.823,,,,,0.001333333333,,0.797,,,,1_1,2_2,3_3,0,0,0,w12_3 taken at a bad angle ,,,,,,
,4,Y,13,0,0,0,NA,NA,NA,3,5,5,0,x,,0.81,0.837,0.824,,,,,0.027,,0.8236666667,,,,1_3,2_2,3_1,0,0,0,,,,,,,
,4,Y,14,0,0,0,NA,NA,NA,6,14,14,14,x,,0.787,0.733,0.724,,,,,0.007666666667,,0.748,,,,1_3,2_1,3_2,0,0,0,,,,,,,
,4,Y,15,0,0,0,NA,NA,NA,5,9,9,8,x,,0.745,0.781,0.765,0.767,0.787,0.759,,0.004666666667,,0.7636666667,,,,1_1,2_3,3_2,0,0,0,,,,,,,
,4,Y,16,0,0,0,NA,NA,NA,10,15,14,10,0,,0.799,0.782,0.826,,,,,0.033,,0.8023333333,,,,1_2,2_3,3_1,0,0,0,,,,,,,
,4,Y,17,0,0,0,NA,NA,NA,6,9,9,2,0,,0.66,0.759,0.766,,,,,0.01466666667,,0.7283333333,,,,1_2,2_3,3_1,0,0,0,,,,,,,
,4,Y,18,0,0,0,NA,NA,NA,9,12,12,0,1,,0.906,0.787,0.809,,,,,0.05066666667,,0.834,,,,1_3,2_2,3_1,0,0,0,,,,,,,
,4,Y,19,0,0,0,NA,NA,NA,7,12,12,0,0,,0.769,0.827,0.756,,,,,0.008666666667,,0.784,,,,1_1,2_2,3_3,0,0,0,,,,,,,
,4,Y,20,1,0,0,4,NA,NA,5,9,9,0,0,,0.809,0.775,NA,,,,,0.048,,0.792,,,,1_2,2_3,N/A,0,0,0,,,,,,,
,4,Y,21,0,0,0,NA,NA,NA,11,10,10,2,1,,0.843,0.767,0.861,,,,,0.05233333333,,0.8236666667,1,,,1_2,2_3,3_1,0,0,0,,,,,,,
,4,Y,22,0,0,0,NA,NA,NA,10,12,11,11,x,,0.805,0.865,0.717,0.783,0.857,0.720,,0.028,,0.7956666667,,,,1_1,2_2,3_3,0,0,0,,,,,,,
,4,Y,23,0,0,0,NA,NA,NA,8,13,13,11,0,,0.861,0.801,0.802,,,,,0.01866666667,,0.8213333333,,,,1_2,2_3,3_1,0,0,0,,,,,,,
,4,Y,24,0,0,0,NA,NA,NA,6,19,19,6,0,,0.781,0.934,0.787,,,,,0.023,,0.834,,,,1_3,2_1,3_2,0,0,0,,,,,,,
,4,Y,25,0,0,0,NA,NA,NA,13,8,8,5,x,,0.838,0.826,0.765,,,,,0.035,,0.8096666667,,,,1_3,2_1,3_2,0,0,0,,,,,,,
,4,Y,26,1,0,0,4,NA,NA,11,11,9,8,x,,0.876,0.85,NA,,,,,0.03033333333,,0.863,,,,1_1,2_2,N/A,0,0,0,,,,,,,
,4,Y,27,0,0,0,NA,NA,NA,10,11,11,7,0,,0.866,0.868,0.838,,,,,0.04866666667,,0.8573333333,1,,,1_3,2_2,3_1,0,0,0,,,,,,,
,4,Y,28,0,0,0,NA,NA,NA,7,13,12,5,0,,0.764,0.732,0.756,0.765,0.733,0.769,,0.0006666666667,,0.7506666667,,,,1_3,2_1,3_2,0,0,0,,,,,,,
,4,Y,29,1,0,0,3,NA,NA,5,9,5,5,x,,0.766,0.799,NA,,,,,0.0405,,0.7825,,,,1_1,2_2,N/A,0,0,0,,,,,,,
,4,Y,30,0,0,0,NA,NA,NA,6,11,11,0,0,,0.765,0.784,0.747,0.783,0.799,0.746,,0.025,,0.7653333333,,,,1_3,2_2,3_1,0,0,0,,,,,,,
,4,Y,31,1,0,0,4,NA,NA,3,10,10,10,x,,0.827,0.805,NA,,,,,0.01066666667,,0.816,,,,1_1,2_2,N/A,0,0,0,,,,,,,
,4,Y,32,0,0,0,NA,NA,NA,8,10,6,3,x,,0.767,0.806,0.776,,,,,0.05033333333,,0.783,,,,1_3,2_2,3_1,0,0,0,,,,,,,
,4,Y,33,0,0,0,NA,NA,NA,5,6,6,3,0,,0.604,0.572,0.843,,,,,0.006666666667,,0.673,1,,,1_2,2_1,3_3,0,0,0,,,,,,,
,4,Y,34,0,0,0,NA,NA,NA,10,10,10,7,0,,0.893,0.745,0.795,,,,,0.05333333333,,0.811,1,,,1_3,2_1,3_2,0,0,0,,,,,,,
,4,Y,35,0,0,0,NA,NA,NA,9,13,13,6,x,,0.736,0.789,0.772,,,,,0.019,,0.7656666667,,,,1_1,2_3,N/A,0,0,1,Duplicate pictures of snail 1.,,,,,,
,4,Y,36,0,0,0,NA,NA,NA,7,11,3,3,x,,0.797,0.697,0.753,,,,,0.058,,0.749,,,,1_1,2_2,3_3,0,0,0,,,,,,,
,4,Y,37,1,0,0,4,NA,NA,8,9,6,6,x,,0.825,0.819,NA,,,,,0.08033333333,,0.822,,,,1_2,2_1,N/A,0,0,0,,,,,,,
,4,Y,38,0,0,0,NA,NA,NA,7,10,10,10,x,,0.743,0.734,0.767,,,,,0.03266666667,,0.748,,,,1_3,2_1,3_2,0,0,0,,,,,,,
,4,Y,39,1,0,0,3,NA,NA,13,10,10,10,x,,0.906,0.709,NA,,,,,0.028,,0.8075,,,,1_1,2_2,N/A,0,0,0,,,,,,,
,4,Y,40,0,0,0,NA,NA,NA,6,12,12,1,0,,0.903,0.811,0.906,0.895,0.807,0.927,,0.049,,0.8733333333,,,,1_3,2_1,3_2,0,0,0,,,,,,,
,4,Y,41,0,0,0,NA,NA,NA,11,14,14,7,2,,0.833,0.734,0.722,,,,,0.03133333333,,0.763,,,,1_1,2_,3_,0,0,0,,,1,1,,1,1
,4,Y,42,1,0,0,4,NA,NA,5,7,2,2,x,,0.759,0.757,NA,,,,,0.002,,0.758,1,,,1_3,2_1,N/A,0,0,0,,,,,,,
,4,Y,43,0,0,0,NA,NA,NA,6,14,14,2,x,,0.77,0.75,0.915,,,,,0.04433333333,,0.8116666667,,,,1_1,2_3,3_2,0,0,0,,,,,,,
,4,Y,44,0,0,0,NA,NA,NA,8,8,6,6,x,,0.801,0.859,0.733,,,,,0.005333333333,,0.7976666667,,,,1_3,2_1,3_2,0,0,0,,,,,,,
,4,Y,45,0,0,0,NA,NA,NA,6,12,12,3,0,,0.858,0.738,0.9,0.882,0.729,0.901,,0.024,,0.832,,,,1_2,2_3,3_1,0,0,0,,,,,,,
,4,Y,46,0,0,0,NA,NA,NA,10,12,12,11,x,,0.751,0.732,0.752,,,,,0.01466666667,,0.745,1,,,1_3,2_2,3_1,0,0,0,,,,,,,
,4,Y,47,0,0,0,NA,NA,NA,5,9,9,1,0,,0.864,0.663,0.821,,,,,0.05466666667,,0.7826666667,,,,1_2,2_1,3_3,0,0,0,,,,,,,
,4,Y,48,0,0,0,NA,NA,NA,13,9,9,5,x,,0.755,0.87,0.826,,,,,0.018,,0.817,,,,1_1,2_3,3_2,0,0,0,,,,,,,
,4,Y,49,0,0,0,NA,NA,NA,9,11,10,8,x,,0.786,0.769,0.862,,,,,0.05266666667,,0.8056666667,,,,1_2,2_3,3_1,0,0,0,,,,,,,
,4,Y,50,0,0,0,NA,NA,NA,5,10,10,1,0,,0.761,0.833,0.771,,,,,0.04966666667,,0.7883333333,,,,1_3,2_2,3_1,0,0,0,,,,,,,
,4,Y,51,0,0,0,NA,NA,NA,11,10,9,9,x,,0.852,0.852,0.807,,,,,0.04733333333,,0.837,,,,1_1,2_2,3_3,0,0,0,,,,,,,
,4,Y,52,0,0,0,NA,NA,NA,10,10,10,10,x,,0.805,0.74,0.746,,,,,0.016,,0.7636666667,,,,1_2,2_3,3_1,0,0,0,,,,,,,
,4,Y,53,0,0,0,NA,NA,NA,7,8,5,2,0,,0.784,0.736,0.779,,,,,0.03133333333,,0.7663333333,,,,1_1,2_3,3_2,0,0,0,,,,,,,
,4,Y,54,0,0,0,NA,NA,NA,16,14,14,0,4,,0.934,0.769,0.919,,,,,0.04966666667,,0.874,,,,1_2,2_3,3_1,0,0,0,,,,,,,
,4,Y,55,0,0,0,NA,NA,NA,6,10,10,0,0,,0.906,0.755,0.873,,,,,0.005333333333,,0.8446666667,,,,1_3,2_1,3_2,0,0,0,,,1,1,,1,1
,4,Y,56,0,0,0,NA,NA,NA,8,12,12,8,x,,0.774,0.785,0.86,,,,,0.04066666667,,0.8063333333,,,,1_1,2_3,3_2,0,0,0,,,,,,,
,4,Y,57,0,0,0,NA,NA,NA,11,14,12,12,x,,0.723,0.812,0.801,,,,,0.03733333333,,0.7786666667,,,,1_2,2_1,N/A,0,0,1,Duplicate pictures of snail 2,,,,,,
,4,Y,58,1,0,0,3,NA,NA,8,12,11,9,x,,0.851,0.855,NA,,,,,0.034,,0.853,,,,1_1,2_2,N/A,0,0,0,,,,,,,
,4,Y,59,0,0,0,NA,NA,NA,6,9,9,0,0,,0.802,0.792,0.686,,,,,0.03666666667,,0.76,,,,1_2,2_1,3_3,0,0,0,,,,,,,
,4,Y,60,0,0,0,NA,NA,NA,7,9,9,0,,,0.807,0.716,0.821,,,,,0.07966666667,,0.7813333333,,,,1_3,2_1,3_2,0,0,0,,,,,,,
,4,Y,61,0,0,0,NA,NA,NA,5,4,4,1,x,,0.744,0.692,0.739,0.758,0.702,0.730,,0.051,,0.725,,,,1_3,2_2,3_1,0,0,0,,,,,,,
,4,Y,62,0,0,0,NA,NA,NA,12,10,10,10,x,,0.764,0.93,0.801,,,,,0.008666666667,,0.8316666667,,,,1_3,2_1,3_2,0,0,0,,,,,,,
,4,Y,63,0,0,0,NA,NA,NA,10,9,9,2,3,,0.73,0.825,0.924,,,,,0.035,,0.8263333333,,,,1_2,2_1,3_3,0,0,0,,,,,,,
,4,Y,64,0,0,0,NA,NA,NA,9,8,8,0,0,,0.748,0.862,0.654,,,,,0.004333333333,,0.7546666667,,,,1_1,2_2,3_3,0,0,0,,,1,1,,1,1
,4,Y,65,0,0,0,NA,NA,NA,9,10,9,5,0,,0.788,0.761,0.696,,,,,0.04166666667,,0.7483333333,,,,1_1,2_2,3_3,0,0,0,,,,,,,
,4,Y,66,0,0,0,NA,NA,NA,7,9,9,0,0,,0.769,0.797,0.843,0.782,0.78,0.847,,0.063,,0.803,,,,1_3,2_2,3_1,0,0,0,,1,,,,,
,4,Y,67,0,0,0,NA,NA,NA,7,13,13,13,x,,0.801,0.783,0.814,,,,,0.066,,0.7993333333,,,,1_2,2_1,3_3,0,0,0,,,,,,,
,4,Y,68,0,0,0,NA,NA,NA,12,9,7,7,x,,0.763,0.708,0.8,,,,,0.06366666667,,0.757,2,,,1_1,2_2,3_3,0,0,0,,,,,,,
,4,Y,69,1,0,0,4,NA,NA,7,13,13,4,x,,0.892,0.869,NA,,,,,0.1361666667,,0.8805,,,,1_1,2_2,N/A,0,0,0,,,,,,,
,4,Y,70,1,0,0,4,NA,NA,4,11,11,1,1,,0.758,0.888,NA,,,,,0.1546666667,,0.823,,,,1_2,2_1,N/A,0,0,0,,,,,,,
,4,Y,71,1,0,0,3,NA,NA,11,11,10,10,x,,0.878,0.784,NA,,,,,0.052,,0.831,,,,1_2,2_1,N/A,0,0,0,,,,,,,
,4,Y,72,0,0,0,NA,NA,NA,2,10,10,3,x,,0.765,0.737,0.782,,,,,0.06633333333,,0.7613333333,1,,,1_1,2_3,3_2,0,0,0,,,,,,,
,4,Y,73,0,0,0,NA,NA,NA,5,13,7,7,x,,0.92,0.713,0.765,,,,,0.032,,0.7993333333,,,,1_3,2_3,3_1,0,0,0,,,,,,,
,4,Y,74,0,0,0,NA,NA,NA,11,11,11,6,2,,0.755,0.781,0.739,,,,,0.008333333333,,0.7583333333,,,,1_2,2_3,3_1,0,0,0,,,,,,,
,4,Y,75,0,0,0,NA,NA,NA,5,7,7,0,0,,0.839,0.739,0.69,,,,,0.07233333333,,0.756,,,,1_3,2_1,3_2,0,0,0,,1,1,,1,1,
,4,G,1,0,0,0,NA,NA,NA,13,9,8,0,11,,0.769,0.871,1.001,,,,,0.01166666667,-0.01995945946,0.8803333333,,,Total dead,1_3,2_1,3_2,0,0,0,,,,,,,
,4,G,2,0,0,0,NA,NA,NA,12,9,7,7,x,,0.937,0.803,0.883,,,,,0.02433333333,-0.007292792793,0.8743333333,,,4,1_3,2_1,3_2,0,0,0,,1,,1,1,,1
,4,G,3,0,0,0,NA,NA,NA,8,9,8,6,x,,0.941,0.914,0.846,0.921,0.922,0.854,,0.04266666667,0.01104054054,0.9003333333,,,W1,1_2,2_1,3_3,0,0,0,,,,,,,
,4,G,4,0,0,0,NA,NA,NA,6,12,12,11,x,,0.794,0.802,0.876,,,,,0.007666666667,-0.02395945946,0.824,,,0,1_2,2_3,3_1,0,0,0,,,,,,,
,4,G,5,1,0,0,3,NA,NA,6,14,14,13,x,,0.964,0.887,NA,0.978,0.908,,,0.0345,0.002873873874,0.9255,,,,1_2,2_1,N/A,0,0,N/A,,,,,,,
,4,G,6,1,0,0,3,NA,NA,12,13,13,11,x,,0.88,0.915,NA,0.875,0.906,,,0.0475,0.01587387387,0.8975,,,W2 dead,1_1,2_2,N/A,0,0,N/A,,,,,,,
,4,G,7,0,0,0,NA,NA,NA,15,14,12,12,x,,0.896,0.959,0.831,0.877,0.961,0.817,,0.052,0.02037387387,0.8953333333,1,,3,1_1,2_3,3_2,0,0,0,,,,,,,
,4,G,8,0,0,0,NA,NA,NA,12,10,9,9,x,,0.866,0.727,0.855,,,,,0.007,-0.02462612613,0.816,,,,1_1,2_2,3_3,0,0,0,,,,,,,
,4,G,9,0,0,0,NA,NA,NA,5,7,7,0,0,,0.858,0.868,0.901,,,,,0.01966666667,-0.01195945946,0.8756666667,2,,W3 dead,1_3,2_2,3_1,0,0,0,,,,,,,
,4,G,10,0,0,0,NA,NA,NA,7,10,10,10,x,,0.794,0.817,0.844,0.794,0.83,0.842,,0.02933333333,-0.002292792793,0.8183333333,,,12,1_1,2_2,3_3,0,0,0,,,,,,,
,4,G,11,0,0,0,NA,NA,NA,5,11,11,1,1,,0.849,0.853,0.829,,,,,0.022,-0.009626126126,0.8436666667,,,,1_3,2_1,3_2,0,0,0,,,,,,,
,4,G,12,1,0,0,4,NA,NA,2,8,8,0,1,,0.746,0.766,NA,,,,,0.05233333333,0.02070720721,0.756,,,W4 dead,1_3,2_1,N/A,0,0,N/A,,1,1,,1,1,
,4,G,13,0,0,0,NA,NA,NA,9,11,11,11,x,,0.9,0.849,0.857,,,,,0.032,0.0003738738739,0.8686666667,2,,19,1_2,2_3,3_1,0,0,0,,,,,,,
,4,G,14,0,0,0,NA,NA,NA,11,11,11,9,x,,0.898,0.887,0.91,,,,,0.037,0.005373873874,0.8983333333,,,,1_3,2_2,3_1,0,0,0,,,,,,,
,4,G,15,0,0,0,NA,NA,NA,11,10,6,6,x,,0.813,0.872,0.83,,,,,0.04433333333,0.01270720721,0.8383333333,,,W4-G group length avg:,1_1,2_3,3_2,0,0,0,,,,,,,
,4,G,16,1,0,0,2,NA,NA,13,11,11,5,2,,0.876,0.809,NA,,,,,0.0275,-0.004126126126,0.8425,,,0.8514842342,1_2,2_1,N/A,0,0,N/A,,,,,,,
,4,G,17,0,0,0,NA,NA,NA,5,7,7,7,x,,0.798,0.825,0.816,,,,,0.003333333333,-0.02829279279,0.813,,,,1_1,2_2,3_3,0,0,0,,,,,,,
,4,G,18,1,0,0,4,NA,NA,5,10,10,0,0,,0.855,0.83,NA,,,,,0.02416666667,-0.007459459459,0.8425,,,,1_1,2_2,N/A,0,0,N/A,,,,,,,
,4,G,19,0,0,0,NA,NA,NA,9,6,3,1,x,,0.914,0.763,0.878,0.922,0.779,0.890,,0.004,-0.02762612613,0.8516666667,1,,W4-W3 -G growth avg:,1_1,2_2,3_3,0,0,0,,,,,,,
,4,G,20,0,0,0,NA,NA,NA,8,11,10,0,2,,0.928,0.896,0.849,,,,,0.01333333333,-0.01829279279,0.891,,,0.03162612613,1_2,2_1,3_3,0,0,0,,,,,,,
,4,G,21,1,0,0,4,NA,NA,5,13,13,11,0,,0.846,0.78,NA,,,,,-0.012,-0.04362612613,0.813,,,,,,N/A,1,1,N/A,,,,,,,
,4,G,22,0,0,0,NA,NA,NA,11,11,11,10,x,,0.915,0.794,0.877,,,,,0.01566666667,-0.01595945946,0.862,1,,,1_2,2_3,3_1,0,0,0,,,,,,,
,4,G,23,0,0,0,NA,NA,NA,13,8,6,0,2,,0.854,0.767,0.984,,,,,0.008666666667,-0.02295945946,0.8683333333,,,,1_3,2_2,3_1,0,0,0,,,,,,,
,4,G,24,0,0,0,NA,NA,NA,17,12,7,7,x,,0.928,0.907,0.895,,,,,0.05966666667,0.02804054054,0.91,,,,1_1,2_2,3_3,0,0,0,,,,,,,
,4,G,25,1,1,0,2,3,NA,4,11,11,11,x,,NA,NA,NA,,,,,#DIV/0!,#DIV/0!,#DIV/0!,,,,,,,,,,"There should be one snail still alive in 25, but there is no picture for it",,,,,,
,4,G,26,1,0,0,3,NA,NA,6,7,7,0,1,,0.882,0.743,NA,,,,,0.0195,-0.01212612613,0.8125,,,,1_1,2_2,N/A,0,0,N/A,,,,,,,
,4,G,27,0,0,0,NA,NA,NA,11,9,9,5,1,,0.819,0.918,0.856,,,,,0.003,-0.02862612613,0.8643333333,3,,,1_2,2_3,3_1,0,0,0,,,,,,,
,4,G,28,0,0,0,NA,NA,NA,17,10,10,0,2,,0.863,0.942,0.917,,,,,0.03066666667,-0.0009594594595,0.9073333333,,,,1_3,2_2,3_1,0,0,0,,,1,1,,1,1
,4,G,29,0,0,0,NA,NA,NA,7,6,6,4,1,,0.849,0.832,0.915,,,,,0.057,0.02537387387,0.8653333333,,,,1_2,2_1,3_3,0,0,0,,,,,,,
,4,G,30,0,0,0,NA,NA,NA,14,10,10,7,x,,0.817,0.941,0.795,,,,,0.029,-0.002626126126,0.851,,,,1_3,2_1,3_2,0,0,0,,,,,,,
,4,G,31,0,0,0,NA,NA,NA,14,5,4,4,x,,0.789,0.702,0.8,,,,,0.034,0.002373873874,0.7636666667,,,,1_1,2_2,3_3,0,0,0,,,,,,,
,4,G,32,0,0,0,NA,NA,NA,12,11,7,6,x,,0.79,0.782,0.905,,,,,0.036,0.004373873874,0.8256666667,1,,,1_3,2_1,3_2,0,0,0,,,,,,,
,4,G,33,1,0,0,3,NA,NA,10,11,8,3,0,,0.857,0.838,NA,,,,,0.019,-0.01262612613,0.8475,2,,,1_1,2_2,N/A,0,0,N/A,,,,,,,
,4,G,34,0,0,0,NA,NA,NA,13,7,5,1,1,,0.865,0.876,0.898,,,,,0.042,0.01037387387,0.8796666667,,,,1_3,2_2,3_1,0,0,0,,,,,,,
,4,G,35,0,0,0,NA,NA,NA,13,11,9,9,x,,0.895,0.92,0.884,,,,,0.008666666667,-0.02295945946,0.8996666667,,,,1_1,2_2,3_3,0,0,0,,,,,,,
,4,G,36,0,0,0,NA,NA,NA,9,9,6,6,x,,0.817,0.767,0.881,,,,,0.04866666667,0.01704054054,0.8216666667,,,,1_3,2_2,3_1,0,0,0,,,,,,,
,4,G,37,0,0,0,NA,NA,NA,7,11,8,8,x,,0.821,0.868,0.896,,,,,0.001,-0.03062612613,0.8616666667,,,,1_3,2_1,3_2,0,0,0,,,,,,,
,4,G,38,1,0,0,4,NA,NA,11,11,11,10,x,,0.891,1.011,NA,,,,,0.07266666667,0.04104054054,0.951,,,,,2_3,N/A,0,1,N/A,W4_1 pic taken at a bad angle,1,1,,1,1,
,4,G,39,0,0,0,NA,NA,NA,7,7,5,0,2,,0.775,0.764,0.806,,,,,0.008,-0.02362612613,0.7816666667,,,,1_2,2_1,3_3,0,0,0,,,,,,,
,4,G,40,0,0,0,NA,NA,NA,16,9,9,1,0,,0.862,0.816,0.883,,,,,0.05866666667,0.02704054054,0.8536666667,,,,1_1,2_2,3_3,0,0,0,,,,,,,
,4,G,41,0,0,0,NA,NA,NA,11,8,8,8,x,,0.738,0.859,0.869,,,,,0.036,0.004373873874,0.822,,,,1_1,2_3,3_2,0,0,0,,,,,,,
,4,G,42,1,0,0,3,NA,NA,7,12,11,11,x,,0.932,0.89,NA,0.951,0.892,,,0.041,0.009373873874,0.911,,,,1_2,2_1,N/A,0,0,N/A,,,,,,,
,4,G,43,0,0,0,NA,NA,NA,6,9,9,0,1,,0.917,0.82,0.903,,,,,0.027,-0.004626126126,0.88,,,,1_2,2_1,3_3,0,0,0,,,,,,,
,4,G,44,0,0,0,NA,NA,NA,8,9,6,6,x,,0.809,0.805,0.871,,,,,0.004666666667,-0.02695945946,0.8283333333,,,,1_3,2_1,3_2,0,0,0,,,,,,,
,4,G,45,0,0,0,NA,NA,NA,11,10,8,3,0,,0.847,0.861,0.895,0.86,0.884,0.900,,0.04966666667,0.01804054054,0.8676666667,,,,1_2,2_3,3_1,0,0,0,,,,,,,
,4,G,46,0,0,0,NA,NA,NA,10,8,7,7,x,,0.832,0.798,0.714,,,,,0.026,-0.005626126126,0.7813333333,,,,1_1,2_3,3_2,0,0,0,,,,,,,
,4,G,47,1,0,0,3,NA,NA,8,10,9,9,x,,0.897,0.8,NA,,,,,0.0515,0.01987387387,0.8485,1,,,1_2,2_1,N/A,0,0,N/A,,,,,,,
,4,G,48,1,0,0,4,NA,NA,8,7,7,3,x,,0.807,0.926,NA,,,,,0.06816666667,0.03654054054,0.8665,,,,,,,1,1,1,Pics taken at bad angle,1,,,,,
,4,G,49,1,0,0,4,NA,NA,4,4,4,4,x,,0.813,0.896,NA,,,,,0.0245,-0.007126126126,0.8545,1,,,1_3,2_2,N/A,0,0,N/A,,,,,,,
,4,G,50,0,0,0,NA,NA,NA,11,8,8,8,x,,0.814,0.834,0.891,,,,,0.001666666667,-0.02995945946,0.8463333333,,,,1_2,2_3,3_1,0,0,0,,,,,,,
,4,G,51,0,0,0,NA,NA,NA,12,8,8,0,1,,0.885,0.905,0.831,,,,,0.06366666667,0.03204054054,0.8736666667,,,,1_2,2_1,3_3,0,0,0,,,,,,,
,4,G,52,1,1,0,2,3,NA,5,9,9,8,0,,0.796,NA,NA,,,,,0.12,0.08837387387,0.796,1,,,1_1,N/A,N/A,0,N/A,N/A,,,,,,,
,4,G,53,1,0,0,3,NA,NA,10,10,5,5,x,,0.93,0.863,NA,,,,,0.044,0.01237387387,0.8965,,,,1_1,2_2,N/A,0,0,N/A,,1,1,,1,1,
,4,G,54,0,0,0,NA,NA,NA,10,9,7,7,x,,0.672,0.645,0.863,,,,,0.016,-0.01562612613,0.7266666667,,,,1_1,2_3,3_2,0,0,0,,,,,,,
,4,G,55,0,0,0,NA,NA,NA,12,14,12,3,1,,0.741,0.864,0.912,,,,,0.03266666667,0.001040540541,0.839,,,,1_1,2_3,3_2,0,0,0,,,,,,,
,4,G,56,1,0,0,3,NA,NA,9,11,8,1,5,,0.862,0.908,NA,,,,,0.0475,0.01587387387,0.885,,,,1_1,2_2,N/A,0,0,N/A,,,,,,,
,4,G,57,0,0,0,NA,NA,NA,9,7,6,3,0,,0.943,0.861,0.806,,,,,0.028,-0.003626126126,0.87,,,,1_3,2_1,3_2,0,0,0,,,,,,,
,4,G,58,0,0,0,NA,NA,NA,11,10,10,10,x,,0.794,0.691,0.911,,,,,0.009666666667,-0.02195945946,0.7986666667,,,,1_2,2_1,3_3,0,0,0,,,,,,,
,4,G,59,1,0,0,3,NA,NA,11,9,7,7,x,,0.825,0.853,NA,,,,,0.037,0.005373873874,0.839,,,,1_1,2_2,N/A,0,0,N/A,,,,,,,
,4,G,60,0,0,0,NA,NA,NA,6,11,9,9,x,,0.746,0.708,0.777,,,,,0.04333333333,0.01170720721,0.7436666667,,,,1_1,2_2,3_3,0,0,0,,,,,,,
,4,G,61,0,0,0,NA,NA,NA,9,9,9,9,x,,0.837,0.906,0.855,,,,,0.001,-0.03062612613,0.866,,,,1_2,2_3,3_1,0,0,0,,,,,,,
,4,G,62,0,0,0,NA,NA,NA,6,8,6,6,x,,0.861,0.856,0.693,,,,,0.009333333333,-0.02229279279,0.8033333333,,,,1_2,2_1,3_3,0,0,0,,,,,,,
,4,G,63,0,0,0,NA,NA,NA,8,10,10,10,x,,0.91,0.657,0.814,,,,,0.05733333333,0.02570720721,0.7936666667,,,,1_1,2_2,3_3,0,0,0,,1,1,,1,1,
,4,G,64,1,0,0,4,NA,NA,7,6,6,4,x,,0.873,0.879,NA,,,,,0.06333333333,0.03170720721,0.876,,,,1_3,2_1,N/A,0,0,N/A,,,,,,,
,4,G,65,1,0,0,4,NA,NA,8,10,9,2,x,,0.868,0.849,NA,0.884,0.848,,,-0.009833333333,-0.04145945946,0.8585,,,,1_1,2_2,N/A,0,0,N/A,,,,,,,
,4,G,66,0,0,0,NA,NA,NA,11,12,9,1,0,,0.825,0.887,0.917,,,,,0.05366666667,0.02204054054,0.8763333333,1,,,1_1,2_2,3_3,0,0,0,,,1,1,,1,1
,4,G,67,1,0,0,4,NA,NA,13,11,11,11,x,,0.814,0.9,NA,,,,,0.01066666667,-0.02095945946,0.857,,,,1_2,2_3,N/A,0,0,N/A,,,,,,,
,4,G,68,0,0,0,NA,NA,NA,16,10,9,4,0,,0.876,0.895,0.895,,,,,0.036,0.004373873874,0.8886666667,,,,1_1,2_3,3_2,0,0,0,,,,,,,
,4,G,69,1,0,0,3,NA,NA,8,9,7,5,x,,0.89,0.926,NA,,,,,0.0365,0.004873873874,0.908,,,,1_2,2_1,N/A,0,0,N/A,,1,1,,1,1,
,4,G,70,0,0,0,NA,NA,NA,15,12,12,12,x,,0.823,0.906,0.931,,,,,0.01066666667,-0.02095945946,0.8866666667,,,,1_3,2_1,3_2,0,0,0,,,,,,,
,4,G,71,0,0,0,NA,NA,NA,13,12,9,3,x,,0.814,0.86,0.869,,,,,0.03466666667,#ERROR!,0.8476666667,,,,1_1,2_2,3_3,0,0,0,,,,,,,
,4,G,72,1,0,0,3,NA,NA,10,9,8,8,x,,0.9,0.788,NA,,,,,0.0465,0.01487387387,0.844,1,,,1_1,2_2,N/A,0,0,N/A,,,,,,,
,4,G,73,0,0,0,NA,NA,NA,8,11,11,5,0,,0.783,0.727,0.785,0.781,0.715,0.795,,0.064,0.03237387387,0.765,1,,,1_1,2_2,3_3,0,0,0,,,,,,,
,4,G,74,0,0,0,NA,NA,NA,7,10,10,10,x,,0.745,0.942,0.854,,,,,0.02733333333,-0.004292792793,0.847,,,,1_2,2_3,3_1,0,0,0,,,1,1,,1,1
,4,G,75,0,0,0,NA,NA,NA,10,12,12,11,0,,0.95,0.936,0.889,,,,,0.051,0.01937387387,0.925,,,,1_1,2_3,3_2,0,0,0,,,,,,,
,5,O,1,1,0,0,4,NA,NA,7,13,13,0,0,,0.892,0.824,NA,,,,,0.0305,-0.02108783784,0.858,,,,1_2,2_1,NA,0,0,NA,,,,,,,
,5,O,2,0,0,0,NA,NA,NA,6,12,12,0,0, ,1.016,0.866,1.036,,,,,0.08266666667,0.03107882883,0.9726666667,,,W5 O group average length,1_3,2_1,3_2,0,0,0,,,,,,,
,5,O,3,0,0,0,NA,NA,NA,15,12,12,0,0,,0.855,0.816,0.887,,,,,0.02116666667,-0.03042117117,0.8526666667,,,0.8656801802,1_,2_1,3_2,1,0,0,w4 1&3 same snail,,,,,,
,5,O,4,0,0,0,NA,NA,NA,6,10,10,6,0,,0.907,0.87,0.912,0.924,0.86,0.903,,0.03966666667,-0.01192117117,0.8963333333,,,,1_3,2_1,3_2,0,0,0,,,,,,,
,5,O,5,0,0,0,NA,NA,NA,8,11,11,0,2,,0.9,0.883,0.894,,,,,0.03733333333,-0.0142545045,0.8923333333,,,w5 O group growth average,,,3_3,1,1,0,,,,,,,
,5,O,6,1,0,0,4,NA,NA,5,7,7,0,6,,1.022,0.928,NA,,,,,0.049,-0.002587837838,0.975,,,0.05158783784,1_2,2_1,NA,0,0,NA,,,,,,,
,5,O,7,0,0,0,NA,NA,NA,8,11,11,0,10,,0.877,0.87,0.895,,,,,0.06366666667,0.01207882883,0.8806666667,,,,1_2,,3_1,0,1,0,w4 1&3 same snail,,,,,,
,5,O,8,1,0,0,4,NA,NA,12,10,7,3,x,,0.82,0.907,NA,,,,,0.0375,-0.01408783784,0.8635,,,,1_1,2_2,NA,0,0,NA,,,,,,,
,5,O,9,1,0,0,4,NA,NA,8,7,7,0,1,,0.889,0.846,NA,,,,,0.035,-0.01658783784,0.8675,,,,1_2,2_1,NA,0,0,NA,,,,,,,
,5,O,10,0,0,0,NA,NA,NA,8,8,8,0,0,,0.925,0.855,0.82,,,,,0.03366666667,-0.01792117117,0.8666666667,,,,1_2,2_3,3_1,0,0,0,,,,,,,
,5,O,11,0,0,0,NA,NA,NA,10,16,16,0,0,,0.935,0.975,0.921,0.919,0.974,0.943,,0.004333333333,-0.0472545045,0.9436666667,,,,,2_1,,1,0,1,,,,,,,
,5,O,12,0,0,0,NA,NA,NA,6,15,15,3,4,,0.866,0.823,0.895,0.862,0.828,0.894,,0.03283333333,-0.0187545045,0.8613333333,,,,,2_1,3_2,1,0,0,w4 1&3 same snail,,,,,,
,5,O,13,1,0,0,5,NA,NA,6,5,5,0,2,,0.912,0.896,NA,,,,,0.03533333333,-0.0162545045,0.904,,,,1_1,2_2,NA,0,0,NA,,,,,,,
,5,O,14,1,1,0,3,5,NA,3,8,8,0,0,,0.963,NA,NA,,,,,0.0945,0.04291216216,0.963,,,,1_2,NA,NA,0,NA,NA,,,,,,,
,5,O,15,0,0,0,NA,NA,NA,4,8,8,5,2,,0.943,0.909,0.936,,,,,0.04166666667,-0.009921171171,0.9293333333,,,,1_2,2_1,3_3,0,0,0,,,,,,,
,5,O,16,1,0,0,2,NA,NA,13,9,8,8,x,,0.896,0.921,NA,0.878,0.939,,,0.086,0.03441216216,0.9085,,,,1_1,2_2,NA,0,0,NA,,,,,,,
,5,O,17,1,0,0,5,NA,NA,5,14,14,0,0,,0.974,1.014,NA,0.974,1.011,,,0.07266666667,0.02107882883,0.994,,,,1_3,2_1,NA,0,0,NA,,,,,,,
,5,O,18,1,0,0,2,NA,NA,4,11,11,0,2,,1.001,0.86,NA,0.996,0.848,,,0.1025,0.05091216216,0.9305,,,,1_1,2_2,NA,0,0,NA,,,,,,,
,5,O,19,1,0,0,5,NA,NA,9,8,8,0,3,,0.867,0.926,NA,,,,,0.0705,0.01891216216,0.8965,,,,1_2,2_3,NA,0,0,NA,,,,,,,
,5,O,20,1,0,0,4,NA,NA,3,7,7,0,0,,0.802,0.778,NA,,,,,0.0365,-0.01508783784,0.79,,,,1_1,2_2,NA,0,0,NA,,,,,,,
,5,O,21,1,0,0,5,NA,NA,6,10,10,8,x,,0.854,0.927,NA,,,,,0.0765,0.02491216216,0.8905,,,,1_2,2_1,NA,0,0,NA,,,,,,,
,5,O,22,0,0,0,5,NA,NA,4,7,7,0,0,,0.944,0.929,NA,,,,,0.07916666667,0.02757882883,0.9365,,,,1_2,2_1,NA,0,0,NA,,,,,,,
,5,O,23,0,0,0,NA,NA,NA,6,8,8,8,x,,0.841,0.908,0.906,0.837,0.89,0.890,,0.04533333333,-0.006254504505,0.885,,,,1_3,2_2,3_1,0,0,0,,,,,,,
,5,O,24,0,0,0,NA,NA,NA,5,9,9,9,x,,0.842,0.828,1.006,,,,,0.02466666667,-0.02692117117,0.892,,,,1_1,2_2,3_3,0,0,0,,,,,,,
,5,O,25,0,0,0,NA,NA,NA,11,8,8,7,x,,0.878,0.882,0.884,,,,,0.091,0.03941216216,0.8813333333,,,,1_3,2_2,3_1,0,0,0,,,,,,,
,5,O,26,1,0,0,4,NA,NA,8,12,12,0,1,,0.884,0.858,NA,,,,,0.062,0.01041216216,0.871,,,,1_2,2_1,NA,0,0,NA,,,,,,,
,5,O,27,1,1,0,3,5,NA,5,10,4,0,x,,0.956,NA,NA,,,,,0.158,0.1064121622,0.956,,,,1_1,NA,NA,0,NA,NA,,,,,,,
,5,O,28,1,0,0,5,NA,NA,7,10,10,9,x,,0.807,0.768,NA,,,,,0.0295,-0.02208783784,0.7875,,,,1_1,2_2,NA,0,0,NA,,,,,,,
,5,O,29,0,0,0,NA,NA,NA,8,11,11,0,0,,1.006,0.834,0.809,0.999,0.848,0.800,,0.06366666667,0.01207882883,0.883,,,,1_1,2_3,3_2,0,0,0,,,,,,,
,5,O,30,0,0,0,NA,NA,NA,5,14,14,0,0,,0.938,0.871,0.921,,,,,0.059,0.007412162162,0.91,,,,1_2,2_3,3_1,0,0,0,,,,,,,
,5,O,31,1,0,0,3,NA,NA,4,6,6,6,x,,0.853,0.841,NA,,,,,0.05,-0.001587837838,0.847,,,,1_1,2_2,NA,0,0,NA,,,,,,,
,5,O,32,1,0,0,2,NA,NA,2,10,10,0,0,,0.806,0.803,NA,,,,,0.0315,-0.02008783784,0.8045,,,,1_1,2_2,NA,0,0,NA,,,,,,,
,5,O,33,0,0,0,NA,NA,NA,12,8,8,8,x,,0.846,0.857,0.845,,,,,0.03166666667,-0.01992117117,0.8493333333,,,,,2_1,,1,0,1,,,,,,,
,5,O,34,0,0,0,NA,NA,NA,6,12,12,6,2,,0.87,0.909,0.948,0.86,0.898,0.936,,0.07633333333,0.0247454955,0.909,,,,1_3,2_1,3_2,0,0,0,,,,,,,
,5,O,35,1,0,0,5,NA,NA,3,10,10,0,0,,0.874,0.993,NA,,,,,0.1261666667,0.07457882883,0.9335,,,,1_2,2_3,NA,0,0,NA,,,,,,,
,5,O,36,0,0,0,NA,NA,NA,8,8,8,8,x,,0.929,0.879,0.911,,,,,0.055,0.003412162162,0.9063333333,,,,1_2,2_3,3_1,0,0,0,,,,,,,
,5,O,37,0,0,0,NA,NA,NA,2,11,11,0,1,,0.857,0.854,0.877,,,,,0.064,0.01241216216,0.8626666667,,,,1_2,2_3,3_1,0,0,0,,,,,,,
,5,O,38,0,0,0,NA,NA,NA,10,12,12,5,3,,0.895,0.881,0.859,,,,,0.003,-0.04858783784,0.8783333333,,,,,2_1,,1,0,1,,,,,,,
,5,O,39,1,0,0,4,NA,NA,5,9,9,7,2,,0.954,0.869,NA,,,,,0.105,0.05341216216,0.9115,,,,1_1,2_2,NA,0,0,NA,,1,1,,1,1,
,5,O,40,0,0,0,NA,NA,NA,6,10,10,3,0,,0.805,0.835,0.725,,,,,0.02583333333,-0.0257545045,0.7883333333,,,,1_2,2_1,,0,0,1,w4 1&3 same snail,,,,,,
,5,O,41,1,1,0,4,5,NA,6,9,9,2,0,,0.863,NA,NA,,,,,0.0195,-0.03208783784,0.863,,,,1_1,NA,NA,0,NA,NA,,,,,,,
,5,O,42,1,0,0,4,NA,NA,6,13,13,1,0,,0.929,0.849,NA,,,,,0.1395,0.08791216216,0.889,,,,1_1,2_3,NA,0,0,NA,w4 has 2 snails but picture named 1&3,,,,,,
,5,O,43,1,1,0,4,4,NA,9,10,8,5,1,,0.849,NA,NA,,,,,0.095,0.04341216216,0.849,,,,1_1,NA,NA,0,NA,NA,"not sure if they are the same snail, but given there's only 1 snail photo for both w5 and w4",,,,,,
,5,O,44,0,0,0,NA,NA,NA,1,10,10,0,0,,0.85,0.884,0.795,,,,,0.03466666667,-0.01692117117,0.843,,,,1_2,2_1,3_3,0,0,0,,,,,,,
,5,O,45,0,0,0,NA,NA,NA,3,11,11,11,x,,0.795,0.665,0.914,,,,,0.04866666667,-0.002921171171,0.7913333333,,,,1_2,2_3,3_1,0,0,0,,,,,,,
,5,O,46,0,0,0,NA,NA,NA,2,8,8,8,x,,0.754,0.88,0.882,,,,,0.03266666667,-0.01892117117,0.8386666667,,,,1_3,2_1,3_2,0,0,0,,,,,,,
,5,O,47,1,1,1,4,5,5,0,0,0,x,x,NA,NA,NA,NA,,,,,,-0.05158783784,,,,,NA,NA,NA,NA,NA,NA,,,,,,,
,5,O,48,0,0,0,NA,NA,NA,14,12,12,0,1,,0.852,0.823,0.826,,,,,0.02433333333,-0.0272545045,0.8336666667,,,,1_2,2_3,3_1,0,0,0,,,,,,,
,5,O,49,0,0,0,NA,NA,NA,10,10,10,10,x,,0.81,0.726,0.834,,,,,0.001,-0.05058783784,0.79,,,,1_2,2_1,3_3,0,0,0,,,,,,,
,5,O,50,0,0,0,NA,NA,NA,20,10,10,0,0,,0.895,0.821,0.804,,,,,0.003333333333,-0.0482545045,0.84,,,,,,3_3,1,1,0,,,,,,,
,5,O,51,1,0,0,3,NA,NA,13,13,13,0,0,,0.829,0.663,NA,,,,,0.004,-0.04758783784,0.746,,,,1_1,2_2,NA,0,0,NA,,,,,,,
,5,O,52,1,0,0,4,NA,NA,3,15,15,13,0,,0.953,0.868,NA,,,,,0.115,0.06341216216,0.9105,,,,1_1,2_2,NA,0,0,NA,,,,,,,
,5,O,53,0,0,0,NA,NA,NA,5,12,12,1,1,,0.851,0.741,0.838,,,,,0.05633333333,0.004745495495,0.81,,,,1_2,2_3,3_1,0,0,0,,,,,,,
,5,O,54,0,0,0,NA,NA,NA,8,9,9,2,0,,0.882,0.929,0.854,,,,,0.04266666667,-0.008921171171,0.8883333333,,,,1_3,2_1,3_2,0,0,0,,,,,,,
,5,O,55,1,1,0,3,5,NA,6,10,10,7,1,,0.949,NA,NA,,,,,0.1595,0.1079121622,0.949,,,,1_1,NA,NA,0,NA,NA,,,,,,,
,5,O,56,1,1,0,4,4,NA,9,16,16,0,5,,0.934,NA,NA,,,,,0.089,0.03741216216,0.934,,,,1_1,NA,NA,0,NA,NA,,,,,,,
,5,O,57,0,0,0,NA,NA,NA,3,12,12,12,x,,0.652,0.887,0.768,,,,,0.023,-0.02858783784,0.769,,,,1_3,2_1,3_2,0,0,0,,,1,1,,1,1
,5,O,58,1,0,0,5,NA,NA,9,11,11,9,x,,0.749,0.694,NA,,,,,0.001833333333,-0.0497545045,0.7215,,,,1_2,2_3,NA,0,0,NA,,,,,,,
,5,O,59,0,0,0,NA,NA,NA,13,13,13,0,0,,0.847,0.804,0.799,,,,,0.052,0.0004121621622,0.8166666667,,,,1_3,2_2,3_1,0,0,0,,,1,1,,1,1
,5,O,60,0,0,0,NA,NA,NA,11,12,12,0,0,,0.99,0.924,0.983,0.996,0.924,0.981,,0.054,0.002412162162,0.9656666667,,,,1_1,2_2,3_3,0,0,0,,1,1,,1,1,
,5,O,61,1,0,0,5,NA,NA,5,9,9,1,0,,0.844,0.743,NA,,,,,0.0245,-0.02708783784,0.7935,,,,1_1,2_3,NA,0,0,NA,,,,,,,
,5,O,62,1,0,0,5,NA,NA,7,12,12,0,0,,0.874,0.776,NA,,,,,0.114,0.06241216216,0.825,,,,1_2,2_1,NA,0,0,NA,,,,,,,
,5,O,63,0,0,0,NA,NA,NA,11,10,10,0,0,,0.902,0.981,0.958,,,,,0.04933333333,-0.002254504505,0.947,,,,1_3,2_2,3_1,0,0,0,,,,,,,
,5,O,64,0,0,0,NA,NA,NA,8,9,9,5,x,,0.848,0.865,0.869,,,,,0.036,-0.01558783784,0.8606666667,,,,1_2,2_3,3_1,0,0,0,,,,,,,
,5,O,65,1,0,0,3,NA,NA,4,9,9,9,x,,0.738,0.853,NA,,,,,0.0075,-0.04408783784,0.7955,,,,1_1,2_2,NA,0,0,NA,,,,,,,
,5,O,66,0,0,0,NA,NA,NA,10,11,11,5,3,,0.811,0.821,0.79,,,,,0.01433333333,-0.0372545045,0.8073333333,,,,1_1,2_2,3_3,0,0,0,,,,,,,
,5,O,67,0,0,0,NA,NA,NA,12,13,13,5,2,,0.902,0.828,0.816,,,,,0.04166666667,-0.009921171171,0.8486666667,,,,1_2,2_1,3_3,0,0,0,,,,,,,
,5,O,68,1,0,0,5,NA,NA,6,11,11,5,0,,0.844,0.755,NA,,,,,0.007833333333,-0.0437545045,0.7995,,,,1_1,2_2,NA,0,0,NA,,,,,,,
,5,O,69,1,0,0,5,NA,NA,4,10,10,10,x,,0.884,0.805,NA,,,,,0.09183333333,0.0402454955,0.8445,,,,1_2,2_3,NA,0,0,NA,,,,,,,
,5,O,70,0,0,0,NA,NA,NA,10,10,9,9,x,,0.787,0.806,0.805,,,,,0.001,-0.05058783784,0.7993333333,,,,,,3_1,1,1,0,,1,1,,1,1,
,5,O,71,1,1,0,3,5,NA,6,13,13,13,x,,0.808,NA,NA,,,,,-0.07,-0.1215878378,0.808,,,,1_2,NA,NA,0,NA,NA,,,,,,,
,5,O,72,1,1,0,5,5,NA,5,11,11,7,0,,0.86,NA,NA,,,,,0.09466666667,0.04307882883,0.86,,,,1_2,NA,NA,0,NA,NA,,,,,,,
,5,O,73,0,0,0,NA,NA,NA,13,13,13,NA,NA,NA,0.694,0.76,0.844,,,,,0.05766666667,0.006078828829,0.766,,,,1_3,2_2,3_1,0,0,0,,,,,,,
,5,O,74,0,0,0,NA,NA,NA,6,8,8,NA,NA,NA,0.758,0.777,0.88,,,,,0.054,0.002412162162,0.805,,,,1_3,2_1,3_2,0,0,0,,,,,,,
,5,O,75,1,0,0,5,NA,NA,9,13,13,NA,NA,NA,0.805,0.84,NA,,,,,0.03283333333,-0.0187545045,0.8225,,,,1_3,2_2,NA,0,0,NA,,,,,,,
,5,W,1,1,0,0,3,NA,NA,2,1,1,0,0,,0.871,0.934,,,,,,0.056,0.02947777778,0.9025,,,,1_1,2_2,NA,0,0,NA,,,,,,,
,5,W,2,1,0,0,3,NA,NA,10,9,9,7,x,,0.715,0.721,,,,,,0.004,-0.02252222222,0.718,,,Week3-W group length avg:,1_2,2_1,NA,0,0,NA,,,,,,,
,5,W,3,1,0,0,2,NA,NA,3,9,9,0,0,,0.744,0.853,,,,,,0.0185,-0.008022222222,0.7985,,,0.8253666667,1_2,2_1,NA,0,0,NA,,,,,,,
,5,W,4,0,0,0,NA,NA,NA,7,7,7,7,x,,0.741,0.877,0.736,,,,,0.017,-0.009522222222,0.7846666667,,,,1_1,2_3,3_2,0,0,0,,,,,,,
,5,W,5,1,0,0,5,NA,NA,11,10,8,0,0,,0.841,0.858,,,,,,0.0325,0.005977777778,0.8495,,,,1_3,2_2,NA,0,0,NA,,,,,,,
,5,W,6,0,0,0,NA,NA,NA,6,9,9,0,0,,0.778,0.86,0.867,,,,,0.033,0.006477777778,0.835,,,W3-W2 growth avg:,1_1,2_3,3_2,0,0,0,,,,,,,
,5,W,7,0,0,0,NA,NA,NA,12,7,7,1,0,,0.912,0.791,0.7,,,,,0.023,-0.003522222222,0.801,,,0.02652222222,1_1,2_3,3_2,0,0,0,,,,,,,
,5,W,8,0,0,0,NA,NA,NA,1,0,0,x,x,NA,0.746,0.726,0.76,,,,,0.02433333333,-0.002188888889,0.744,,,,1_2,2_3,3_1,0,0,0,,,,,,,
,5,W,9,0,0,0,NA,NA,NA,12,9,9,7,x,,0.891,0.727,0.79,,,,,0.013,-0.01352222222,0.8026666667,,,,1_2,2_1,3_3,0,0,0,,,,,,,
,5,W,10,1,1,0,3,4,NA,2,7,7,1,0,,0.81,,,,,,,0.017,-0.009522222222,0.81,,,,1_1,NA,NA,0,NA,NA,,,,,,,
,5,W,11,1,1,0,3,4,NA,7,0,0,x,x,NA,0.747,,,,,,,-0.011,-0.03752222222,0.747,,,,1_1,NA,NA,0,NA,NA,,,,,,,
,5,W,12,0,0,0,NA,NA,NA,2,14,14,0,0,,0.812,0.699,0.862,,,,,0.01866666667,-0.007855555556,0.791,,,,1_1,2_2,3_3,0,0,0,,,,,,,
,5,W,13,1,0,0,4,NA,NA,5,11,8,0,0,,0.944,0.854,,,,,,0.0435,0.01697777778,0.899,,,,1_2,2_1,NA,0,0,NA,,,,,,,
,5,W,14,0,0,0,NA,NA,NA,11,7,7,6,0,,0.716,0.692,0.827,,,,,0.006,-0.02052222222,0.745,,,,1_3,2_1,3_2,0,0,0,,,,,,,
,5,W,15,1,0,0,3,NA,NA,3,7,7,0,0,,0.883,0.868,,,,,,0.049,0.02247777778,0.8755,,,,1_1,2_2,NA,0,0,NA,,,,,,,
,5,W,16,0,0,0,NA,NA,NA,12,11,8,6,x,,0.71,0.758,0.782,,,,,0.012,-0.01452222222,0.75,,,,1_1,2_3,3_2,0,0,0,,,,,,,
,5,W,17,1,0,0,5,NA,NA,2,9,9,0,0,,0.838,0.893,,,,,,0.002833333333,-0.02368888889,0.8655,,,,1_1,2_2,NA,0,0,NA,,,,,,,
,5,W,18,0,0,0,NA,NA,NA,8,8,8,7,x,,0.813,0.846,0.847,0.826,0.862,0.843,,0.01533333333,-0.01118888889,0.8353333333,,,,1_1,2_2,3_3,0,0,0,,,,,,,
,5,W,19,0,0,0,NA,NA,NA,5,8,8,0,0,,0.889,0.898,0.844,,,,,0.0125,-0.01402222222,0.877,,,,1_2,2_1,3_3,0,0,0,,,,,,,
,5,W,20,1,0,0,4,NA,NA,3,9,9,0,0,,0.854,0.742,,,,,,0.052,0.02547777778,0.798,,,,1_2,2_1,NA,0,0,NA,,,,,,,
,5,W,21,1,0,0,3,NA,NA,1,0,0,x,x,NA,0.687,0.788,,,,,,0.015,-0.01152222222,0.7375,,,,1_2,2_1,NA,0,0,NA,,,,,,,
,5,W,22,1,0,0,5,NA,NA,9,12,12,5,0,,0.942,0.799,,,,,,0.0475,0.02097777778,0.8705,,,,1_3,2_2,NA,0,0,NA,,,,,,,
,5,W,23,1,0,0,5,NA,NA,4,11,11,0,0,,0.909,0.748,,,,,,0.03316666667,0.006644444444,0.8285,,,,1_2,2_1,NA,0,0,NA,,,,,,,
,5,W,24,0,0,0,NA,NA,NA,11,11,11,5,0,,0.787,0.806,0.683,,,,,0.002333333333,-0.02418888889,0.7586666667,,,,1_2,2_3,3_1,0,0,0,,,,,,,
,5,W,25,0,0,0,NA,NA,NA,9,7,7,6,x,,0.864,0.768,0.627,,,,,0.02566666667,-0.0008555555556,0.753,,,,1_3,2_1,3_2,0,0,0,,,,,,,
,5,W,26,0,0,0,NA,NA,NA,1,5,5,0,0,,0.834,0.769,0.822,,,,,-0.001666666667,-0.02818888889,0.8083333333,,,,1_1,,3_2,0,1,0,w4 2&3 same snail,,,,,,
,5,W,27,1,0,0,4,NA,NA,3,5,5,0,0,,0.843,0.777,,,,,,0.0505,0.02397777778,0.81,,,,1_2,2_1,NA,0,0,NA,,1,1,,1,1,
,5,W,28,1,0,0,4,NA,NA,3,12,12,0,2,,0.882,0.94,,,,,,0.0365,0.009977777778,0.911,,,,1_2,2_1,NA,0,0,NA,,,,,,,
,5,W,29,0,0,0,NA,NA,NA,9,14,14,3,0,,0.905,0.84,0.888,0.92,0.854,0.904,,0.04833333333,0.02181111111,0.8776666667,,,,1_3,2_2,3_1,0,0,0,,,,,,,
,5,W,30,0,0,0,NA,NA,NA,9,11,11,0,8,,0.807,0.821,0.826,0.802,0.833,0.830,,0.03266666667,0.006144444444,0.818,,,,1_3,2_2,3_1,0,0,0,,,,,,,
,5,W,31,0,0,0,NA,NA,NA,4,11,10,0,0,,0.843,,0.63,,,,,-0.0015,-0.02802222222,0.7365,,,,1_3,2_2,3_1,0,1,0,missing w5 2 photo,,,,,,
,5,W,32,0,0,0,NA,NA,NA,6,10,10,0,0,,0.785,0.975,0.795,,,,,0.04533333333,0.01881111111,0.8516666667,,,,1_2,2_1,3_3,0,0,0,,,,,,,
,5,W,33,1,0,0,4,NA,NA,5,11,10,0,1,,0.904,0.83,,,,,,0.025,-0.001522222222,0.867,,,,1_2,2_1,NA,0,0,NA,,,,,,,
,5,W,34,0,0,0,NA,NA,NA,4,10,10,0,0,,0.752,0.802,0.8,,,,,0.03466666667,0.008144444444,0.7846666667,,,,1_1,2_2,3_3,0,0,0,,,,,,,
,5,W,35,1,0,0,3,NA,NA,2,8,8,0,1,,0.96,0.921,,,,,,0.036,0.009477777778,0.9405,,,,1_2,2_1,NA,0,0,NA,,,,,,,
,5,W,36,1,0,0,3,NA,NA,7,9,9,0,0,,0.847,0.871,,,,,,0.0515,0.02497777778,0.859,,,,1_2,2_1,NA,0,0,NA,,,,,,,
,5,W,37,0,0,0,NA,NA,NA,6,13,13,0,0,,0.853,0.826,0.899,0.874,0.827,0.913,,0.02433333333,-0.002188888889,0.8593333333,,,,1_1,2_2,3_3,0,0,0,,,,,,,
,5,W,38,0,0,0,NA,NA,NA,5,8,7,1,0,,0.84,0.856,0.825,,,,,0.01033333333,-0.01618888889,0.8403333333,,,,1_1,2_2,3_3,0,0,0,,,,,,,
,5,W,39,0,0,0,NA,NA,NA,9,9,9,9,x,,0.715,0.818,0.717,,,,,0.007,-0.01952222222,0.75,,,,1_2,2_1,3_3,0,0,0,,,,,,,
,5,W,40,1,0,0,5,NA,NA,2,7,7,1,0,,1.005,0.763,,,,,,0.05166666667,0.02514444444,0.884,,,,1_3,2_2,NA,0,0,NA,,,,,,,
,5,W,41,0,0,0,NA,NA,NA,6,8,8,1,x,,0.629,0.701,0.855,,,,,0.001333333333,-0.02518888889,0.7283333333,,,,,2_1,3_2,1,0,0,w4 1&3 same snail,,,,,,
,5,W,42,1,0,0,3,NA,NA,8,8,8,2,0,,0.795,0.812,,,,,,0.0335,0.006977777778,0.8035,,,,1_2,2_1,NA,0,0,NA,,,,,,,
,5,W,43,1,0,0,4,NA,NA,4,12,12,0,0,,0.838,0.712,,,,,,-0.003,-0.02952222222,0.775,,,,1_2,2_1,NA,0,0,NA,,,,,,,
,5,W,44,0,0,0,NA,NA,NA,2,12,10,0,x,,0.889,0.935,0.783,,,,,0.03666666667,0.01014444444,0.869,,,,1_3,2_1,3_2,0,0,0,,,,,,,
,5,W,45,1,0,0,3,NA,NA,6,9,9,2,0,,0.757,0.774,,,,,,-0.0025,-0.02902222222,0.7655,,,,1_2,2_1,NA,0,0,NA,,,,,,,
,5,W,46,0,0,0,NA,NA,NA,11,9,9,0,0,,0.891,0.841,0.844,,,,,0.028,0.001477777778,0.8586666667,,,,1_2,2_3,3_1,0,0,0,,,,,,,
,5,W,47,0,0,0,NA,NA,NA,6,13,13,13,x,,0.945,0.853,0.732,,,,,0.013,-0.01352222222,0.8433333333,,,,1_3,2_1,3_2,0,0,0,,,,,,,
,5,W,48,1,0,0,5,NA,NA,6,7,7,2,0,,0.952,0.905,,,,,,0.0865,0.05997777778,0.9285,,,,1_1,2_3,NA,0,0,NA,,,,,,,
,5,W,49,0,0,0,NA,NA,NA,0,0,0,x,x,NA,0.991,0.847,0.744,0.988,0.843,0.741,,0.04333333333,0.01681111111,0.8606666667,,,,1_2,2_1,3_3,0,0,0,,,,,,,
,5,W,50,1,0,0,3,NA,NA,10,8,8,2,0,,0.882,0.867,,,,,,0.063,0.03647777778,0.8745,,,,1_1,2_2,NA,0,0,NA,,,,,,,
,5,W,51,0,0,0,NA,NA,NA,8,5,5,0,0,,0.943,0.798,0.787,0.945,0.809,0.785,,0.03733333333,0.01081111111,0.8426666667,,,,1_3,2_1,3_2,0,0,0,,,,,,,
,5,W,52,0,0,0,NA,NA,NA,6,8,8,4,0,,0.81,0.767,,,,,,-0.0065,-0.03302222222,0.7885,,,,1_1,2_2,,0,0,1,w5 2&3 same photo,,,,,,
,5,W,53,0,0,0,NA,NA,NA,7,9,9,8,x,,0.746,0.697,0.779,,,,,0.01533333333,-0.01118888889,0.7406666667,,,,1_1,2_2,3_3,0,0,0,,,,,,,
,5,W,54,1,0,0,5,NA,NA,5,11,9,4,0,,0.902,0.864,,0.916,0.861,,,0.038,0.01147777778,0.883,,,,1_3,2_1,NA,0,0,NA,,,,,,,
,5,W,55,0,0,0,NA,NA,NA,1,3,3,0,0,,0.9,0.816,0.942,,,,,0.004,-0.02252222222,0.886,,,,1_2,2_3,3_1,0,0,0,,,,,,,
,5,W,56,0,0,0,NA,NA,NA,9,11,11,0,0,,0.873,0.871,0.897,,,,,0.005666666667,-0.02085555556,0.8803333333,,,,1_1,2_3,3_2,0,0,0,,,1,1,,1,1
,5,W,57,0,0,0,NA,NA,NA,11,14,10,9,0,,0.808,0.894,0.908,,,,,0.06633333333,0.03981111111,0.87,,,,1_2,2_3,3_1,0,0,0,,,,,,,
,5,W,58,1,0,0,5,NA,NA,6,7,7,0,0,,0.783,0.9,,,,,,0.08583333333,0.05931111111,0.8415,,,,1_1,2_3,NA,0,0,NA,,,,,,,
,5,W,59,1,0,0,5,NA,NA,2,0,0,x,x,NA,0.717,0.614,,,,,,0.0275,0.0009777777778,0.6655,,,,1_1,2_3,NA,0,0,NA,,,,,,,
,5,W,60,0,0,0,NA,NA,NA,9,6,6,0,0,,0.9,0.929,0.893,,,,,0.02666666667,0.0001444444444,0.9073333333,,,,1_3,2_2,3_1,0,0,0,,,,,,,
,5,W,61,1,0,0,3,NA,NA,6,14,14,0,0,,0.914,0.868,,,,,,0.0205,-0.006022222222,0.891,,,,1_1,2_2,NA,0,0,NA,,,,,,,
,5,W,62,0,0,0,NA,NA,NA,5,12,12,0,1,,0.795,0.859,0.906,0.784,0.879,0.923,,0.01966666667,-0.006855555556,0.8533333333,,,,1_1,2_2,3_3,0,0,0,,,,,,,
,5,W,63,1,0,0,5,NA,NA,8,2,11,6,0,,0.734,0.71,,,,,,0.01266666667,-0.01385555556,0.722,,,,1_1,2_3,NA,0,0,NA,,,,,,,
,5,W,64,1,0,0,5,NA,NA,2,2,2,0,0,,0.864,0.883,,,,,,0.0175,-0.009022222222,0.8735,,,,1_3,2_1,NA,0,0,NA,,,,,,,
,5,W,65,0,0,0,NA,NA,NA,11,10,10,0,0,,0.96,0.98,0.82,,,,,0.03566666667,0.009144444444,0.92,,,,1_1,2_2,3_3,0,0,0,,,,,,,
,5,W,66,0,0,0,NA,NA,NA,8,8,8,1,2,,0.83,0.773,0.847,,,,,0.03866666667,0.01214444444,0.8166666667,,,,1_2,2_3,3_1,0,0,0,,,,,,,
,5,W,67,1,0,0,3,NA,NA,5,9,9,2,6,,0.899,0.846,,,,,,0.0165,-0.01002222222,0.8725,,,,1_2,2_1,NA,0,0,NA,,,,,,,
,5,W,68,1,0,0,4,NA,NA,5,10,10,9,x,,0.886,0.77,,,,,,-0.003,-0.02952222222,0.828,,,,1_2,2_1,NA,0,0,NA,,,,,,,
,5,W,69,1,0,0,4,NA,NA,7,12,12,0,4,,0.812,0.874,,,,,,0.0645,0.03797777778,0.843,,,,1_1,2_2,NA,0,0,NA,,,,,,,
,5,W,70,0,0,0,NA,NA,NA,11,9,9,0,0,,0.776,0.885,0.887,0.792,0.869,0.898,,0.022,-0.004522222222,0.8493333333,,,,1_1,2_3,3_2,0,0,0,,,,,,,
,5,W,71,1,0,0,5,NA,NA,5,9,9,6,0,,0.73,0.851,,,,,,0.02816666667,0.001644444444,0.7905,,,,1_1,2_3,NA,0,0,NA,,,,,,,
,5,W,72,0,0,0,NA,NA,NA,4,8,8,0,0,,0.853,0.733,0.802,,,,,0.02466666667,-0.001855555556,0.796,,,,1_3,2_2,3_1,0,0,0,,,,,,,
,5,W,73,1,0,0,3,NA,NA,4,14,14,0,0,,0.911,0.778,,,,,,0.0375,0.01097777778,0.8445,,,,1_2,2_1,NA,0,0,NA,,,,,,,
,5,W,74,0,0,0,NA,NA,NA,2,0,0,x,x,NA,0.837,0.832,0.819,0.834,0.845,0.824,,0.01133333333,-0.01518888889,0.8293333333,,,,1_2,2_3,3_1,0,0,0,,,,,,,
,5,W,75,1,1,0,5,5,NA,1,3,3,0,0,,0.785,,,,,,,0.02933333333,0.002811111111,0.785,,,,1_2,NA,NA,0,NA,NA,,,,,,,
,5,Y,1,0,0,0,NA,NA,NA,2,5,5,0,0,,0.734,0.887,0.838,,,,,0.08333333333,,0.8196666667,1,,,1_1,2_3,3_2,0,0,0,,,,,,,
,5,Y,2,0,0,0,NA,NA,NA,3,11,11,0,0,,0.839,0.828,0.781,,,,,0.03533333333,,0.816,,,,1_2,2_1,3_3,0,0,0,,,,,,,
,5,Y,3,0,0,0,NA,NA,NA,7,11,11,0,0,,0.756,0.788,0.839,,,,,0.05133333333,,0.7943333333,,,,1_2,2_1,3_3,0,0,0,,,,,,,
,5,Y,4,0,0,0,NA,NA,NA,3,13,13,0,0,,0.877,0.842,0.867,,,,,0.027,,0.862,,,,1_3,2_1,3_2,0,0,0,,,1,1,,1,1
,5,Y,5,0,0,0,NA,NA,NA,7,10,10,10,x,,0.817,0.822,0.829,,,,,0.053,,0.8226666667,,,,1_1,2_3,3_2,0,0,0,,,,,,,
,5,Y,6,0,0,0,NA,NA,NA,9,7,7,0,0,,0.834,0.766,0.815,,,,,0.02133333333,,0.805,,,,1_1,2_2,3_3,0,0,0,,,,,,,
,5,Y,7,0,0,0,NA,NA,NA,4,4,4,1,0,,0.863,0.76,0.952,,,,,0.03666666667,,0.8583333333,,,,1_1,2_3,3_2,0,0,0,,,,,,,
,5,Y,8,0,0,0,NA,NA,NA,0,0,0,x,x,NA,0.858,1,0.836,,,,,0.01066666667,,0.898,,,,1_3,2_2,3_1,0,0,0,,,,,,,
,5,Y,9,1,0,0,4,NA,NA,7,14,14,1,0,,0.715,0.848,NA,,,,,0.0095,,0.7815,,,,1_2,2_1,N/A,0,0,0,,,,,,,
,5,Y,10,0,0,0,NA,NA,NA,5,7,7,0,0,,0.752,0.769,0.999,,,,,0.05366666667,,0.84,,,,1_2,2_1,3_3,0,0,0,,,,,,,
,5,Y,11,1,0,0,2,NA,NA,3,7,7,0,0,,0.877,0.805,NA,,,,,0.025,,0.841,,,,1_2,2_3,N/A,0,0,0,,,,,,,
,5,Y,12,1,0,0,5,NA,NA,8,7,7,0,x,,0.837,0.875,NA,,,,,0.059,,0.856,1,,,1_1,2_3,3_2,0,0,0,,,,,,,
,5,Y,13,0,0,0,NA,NA,NA,5,8,8,0,0,,0.889,0.817,0.884,,,,,0.03966666667,,0.8633333333,,,,1_2,2_3,3_1,0,0,0,,,,,,,
,5,Y,14,0,0,0,NA,NA,NA,7,12,12,0,0,,0.886,0.786,0.78,,,,,0.06933333333,,0.8173333333,1,,,1_1,2_3,3_2,0,0,0,,,,,,,
,5,Y,15,0,0,0,NA,NA,NA,1,6,6,0,0,,0.801,0.812,0.834,,,,,0.052,,0.8156666667,,,,1_1,2_2,3_3,0,0,0,,,,,,,
,5,Y,16,0,0,0,NA,NA,NA,0,0,0,x,x,NA,0.878,0.819,0.813,,,,,0.03433333333,,0.8366666667,,,,1_3,2_2,3_1,0,0,0,,,,,,,
,5,Y,17,0,0,0,NA,NA,NA,2,2,2,2,x,,0.806,0.802,0.707,,,,,0.04333333333,,0.7716666667,1,,,1_3,2_2,3_1,0,0,0,,,,,,,
,5,Y,18,0,0,0,NA,NA,NA,7,13,13,0,0,,0.838,0.81,0.918,0.861,0.829,0.919,,0.02133333333,,0.8553333333,,,,1_3,2_2,3_1,0,0,0,,,,,,,
,5,Y,19,0,0,0,NA,NA,NA,1,0,0,x,x,NA,0.863,0.889,0.799,,,,,0.06633333333,,0.8503333333,1,,,1_1,2_2,3_3,0,0,0,,,,,,,
,5,Y,20,1,0,0,4,NA,NA,0,0,0,x,x,NA,0.837,0.835,NA,,,,,0.044,,0.836,1,,,1_1,2_2,N/A,0,0,0,,,,,,,
,5,Y,21,0,0,0,NA,NA,NA,8,12,12,1,0,,0.845,0.877,0.767,,,,,0.006,,0.8296666667,1,,,1_2,2_1,3_3,0,0,0,,,,,,,
,5,Y,22,0,0,0,NA,NA,NA,4,9,9,0,0,,0.863,0.895,0.791,,,,,0.054,,0.8496666667,,,,1_1,2_2,3_3,0,0,0,,,,,,,
,5,Y,23,0,0,0,NA,NA,NA,2,8,8,0,0,,0.848,0.928,0.86,,,,,0.05733333333,,0.8786666667,,,,1_2,2_1,3_3,0,0,0,,,,,,,
,5,Y,24,0,0,0,NA,NA,NA,3,15,15,0,0,,0.973,0.856,0.799,,,,,0.042,,0.876,,,,1_2,2_3,3_1,0,0,0,,,,,,,
,5,Y,25,0,0,0,NA,NA,NA,4,11,11,10,x,,0.885,0.811,0.888,,,,,0.05166666667,,0.8613333333,,,,1_1,2_3,3_2,0,0,0,,,,,,,
,5,Y,26,1,0,0,4,NA,NA,10,5,5,2,x,,0.889,0.937,NA,,,,,0.05,,0.913,,,,1_2,2_1,N/A,0,0,0,,,,,,,
,5,Y,27,0,0,0,NA,NA,NA,2,0,0,x,x,NA,0.841,0.89,0.913,,,,,0.024,,0.8813333333,,,,1_2,2_1,3_3,0,0,0,,,,,,,
,5,Y,28,0,0,0,NA,NA,NA,6,4,4,4,x,,0.791,0.788,0.822,0.812,0.785,0.833,,0.04966666667,,0.8003333333,1,,,1_2,2_1,3_3,0,0,0,,,,,,,
,5,Y,29,1,0,0,3,NA,NA,2,9,9,0,0,,0.879,0.809,NA,,,,,0.0615,,0.844,,,,1_2,2_1,3_3,0,0,0,,,,,,,
,5,Y,30,0,0,0,NA,NA,NA,4,7,7,5,0,,0.829,0.836,0.825,0.842,0.845,0.835,,0.06466666667,,0.83,,,,1_2,2_1,3_3,0,0,0,,,,,,,
,5,Y,31,1,0,0,4,NA,NA,5,7,7,0,x,,0.889,0.886,NA,,,,,0.0715,,0.8875,1,,,1_1,N/A,3_2,0,0,0,,,,,,,
,5,Y,32,0,0,0,NA,NA,NA,4,9,9,0,x,,0.829,0.813,0.868,,,,,0.05366666667,,0.8366666667,,,,1_3,2_1,3_2,0,0,0,,,,,,,
,5,Y,33,1,0,0,5,NA,NA,2,4,4,0,0,,0.927,0.598,NA,,,,,0.0895,,0.7625,1,,,1_3,2_2,N/A,0,0,0,,,,,,,
,5,Y,34,0,0,0,NA,NA,NA,5,4,4,3,x,,0.8,0.922,0.833,,,,,0.04066666667,,0.8516666667,,,,1_2,2_1,3_3,0,0,0,,,,,,,
,5,Y,35,0,0,0,NA,NA,NA,2,10,10,0,0,,0.839,0.824,0.842,,,,,0.06933333333,,0.835,,,,,2_2,,1,0,1,W4 (previous week) has double pictures taken,,,,,,
,5,Y,36,0,0,0,NA,NA,NA,6,12,11,0,0,,0.723,0.831,0.879,,,,,0.062,,0.811,,,,1_2,2_3,3_1,0,0,0,,,,,,,
,5,Y,37,1,0,0,4,NA,NA,9,10,10,0,0,,0.892,0.88,NA,,,,,0.064,,0.886,1,,,1_2,2_1,3_3,0,0,0,,,,,,,
,5,Y,38,0,0,0,NA,NA,NA,6,3,3,1,0,,0.826,0.821,0.807,,,,,0.07,,0.818,,,,1_2,2_3,3_1,0,0,0,,,,,,,
,5,Y,39,1,0,0,3,NA,NA,4,15,15,0,0,,0.752,0.968,NA,,,,,0.0525,,0.86,,,,1_2,2_1,N/A,0,0,0,,,,,,,
,5,Y,40,0,0,0,NA,NA,NA,1,12,12,0,0,,0.95,0.821,0.927,,,,,0.026,,0.8993333333,1,,,1_3,2_2,3_1,0,0,0,,,,,,,
,5,Y,41,0,0,0,NA,NA,NA,1,0,0,x,x,NA,0.875,0.796,0.856,,,,,0.07933333333,,0.8423333333,,,,1_3,2_2,3_1,0,0,0,,,,,,,
,5,Y,42,1,0,0,4,NA,NA,4,13,12,0,0,,0.842,0.787,NA,0.861,0.803,,,0.0565,,0.8145,,,,1_2,2_1,N/A,0,0,0,,,,,,,
,5,Y,43,0,0,0,NA,NA,NA,7,8,8,0,0,,0.813,0.837,0.944,,,,,0.053,,0.8646666667,,,,1_2,2_1,3_3,0,0,0,,,,,,,
,5,Y,44,0,0,0,NA,NA,NA,2,7,7,0,0,,0.89,0.757,0.875,,,,,0.043,,0.8406666667,,,,1_2,2_3,3_1,0,0,0,,,,,,,
,5,Y,45,0,0,0,NA,NA,NA,6,9,9,3,1,,0.869,0.963,0.943,0.885,0.966,0.960,,0.093,,0.925,,,,1_2,2_1,3_3,0,0,0,,,1,1,,1,1
,5,Y,46,0,0,0,NA,NA,NA,2,10,10,0,0,,0.798,0.875,0.765,,,,,0.06766666667,,0.8126666667,1,,,1_2,2_1,3_3,0,0,0,,,1,1,,1,1
,5,Y,47,0,0,0,NA,NA,NA,4,9,9,0,0,,0.817,0.884,0.656,0.832,0.898,0.670,,0.003,,0.7856666667,,,,1_3,2_1,3_2,0,0,0,,,,,,,
,5,Y,48,0,0,0,NA,NA,NA,0,0,0,x,x,NA,0.811,0.905,0.864,,,,,0.043,,0.86,,,,1_1,2_2,3_3,0,0,0,,,,,,,
,5,Y,49,0,0,0,NA,NA,NA,2,11,11,0,0,,0.775,0.894,0.833,,,,,0.02833333333,,0.834,,,,1_2,2_1,3_3,0,0,0,,,1,1,,1,1
,5,Y,50,0,0,0,NA,NA,NA,7,10,10,0,0,,0.87,0.82,0.807,,,,,0.044,,0.8323333333,,,,1_2,2_1,3_3,0,0,0,,,,,,,
,5,Y,51,0,0,0,NA,NA,NA,4,11,11,0,x,,0.872,0.857,0.858,,,,,0.02533333333,,0.8623333333,,,,1_2,2_1,3_3,0,0,0,,,,,,,
,5,Y,52,0,0,0,NA,NA,NA,2,13,13,0,0,,0.848,0.827,0.802,,,,,0.062,,0.8256666667,,,,1_1,2_2,3_3,0,0,0,,,,,,,
,5,Y,53,0,0,0,NA,NA,NA,4,9,9,0,0,,0.862,0.845,0.795,,,,,0.06766666667,,0.834,,,,1_1,2_3,3_2,0,0,0,,,,,,,
,5,Y,54,0,0,0,NA,NA,NA,6,10,10,0,0,,0.958,0.875,0.816,,,,,0.009,,0.883,,,,1_3,2_1,3_2,0,0,0,,,,,,,
,5,Y,55,0,0,0,NA,NA,NA,6,10,8,2,0,,0.915,0.867,0.877,0.936,0.88,0.890,,0.04166666667,,0.8863333333,,,,1_1,2_2,3_3,0,0,0,,,,,,,
,5,Y,56,0,0,0,NA,NA,NA,8,15,15,0,0,,0.897,0.829,0.82,,,,,0.04233333333,,0.8486666667,,,,1_3,2_2,3_1,0,0,0,,,,,,,
,5,Y,57,0,0,0,NA,NA,NA,3,8,8,0,0,,0.73,0.863,0.794,,,,,0.017,,0.7956666667,,,,1_1,2_2,3_2,0,0,0,,,,,,,
,5,Y,58,1,0,0,3,NA,NA,6,10,9,0,0,,0.826,0.925,NA,,,,,0.0225,,0.8755,,,,1_2,2_1,N/A,0,0,0,,,,,,,
,5,Y,59,0,0,0,NA,NA,NA,3,3,3,0,0,,0.828,0.752,0.831,,,,,0.04366666667,,0.8036666667,,,,1_1,2_3,3_2,0,0,0,,,,,,,
,5,Y,60,0,0,0,NA,NA,NA,2,4,3,3,x,,0.854,0.782,0.831,,,,,0.041,,0.8223333333,,,,1_1,2_3,3_2,0,0,0,,,,,,,
,5,Y,61,0,0,0,NA,NA,NA,5,11,11,0,0,,0.798,0.805,0.759,,,,,0.06233333333,,0.7873333333,,,,1_1,2_3,3_2,0,0,0,,,,,,,
,5,Y,62,0,0,0,NA,NA,NA,14,12,12,1,0,,0.895,0.973,0.844,0.909,0.97,0.859,,0.07233333333,,0.904,,,,1_3,2_2,3_1,0,0,0,,,,,,,
,5,Y,63,0,0,0,NA,NA,NA,12,11,10,0,5,,0.994,0.877,0.788,,,,,0.06,,0.8863333333,,,,1_3,2_2,3_1,0,0,0,,,,,,,
,5,Y,64,0,0,0,NA,NA,NA,1,2,2,0,0,,0.847,0.757,0.784,,,,,0.04133333333,,0.796,,,,1_2,2_1,3_3,0,0,0,,,,,,,
,5,Y,65,0,0,0,NA,NA,NA,11,11,10,10,x,,0.73,0.811,0.85,,,,,0.04866666667,,0.797,,,,1_3,2_2,3_1,0,0,0,,,,,,,
,5,Y,66,0,0,0,NA,NA,NA,2,9,7,7,x,,0.829,0.9,0.801,,,,,0.04033333333,,0.8433333333,,,,1_2,2_3,3_1,0,0,0,,,,,,,
,5,Y,67,0,0,0,NA,NA,NA,7,10,10,10,x,,0.829,0.828,0.805,,,,,0.02133333333,,0.8206666667,,,,1_3,2_1,3_2,0,0,0,,,,,,,
,5,Y,68,0,0,0,NA,NA,NA,4,13,13,0,0,,0.728,0.871,0.826,,,,,0.05133333333,,0.8083333333,,,,1_2,2_3,3_1,0,0,0,,,,,,,
,5,Y,69,1,0,0,4,NA,NA,7,10,10,0,0,,0.939,0.938,NA,,,,,0.058,,0.9385,,,,1_1,2_2,N/A,0,0,0,,,,,,,
,5,Y,70,1,0,0,4,NA,NA,4,13,13,0,0,,0.809,0.935,NA,,,,,0.049,,0.872,,,,1_1,2_2,N/A,0,0,0,,,,,,,
,5,Y,71,1,0,0,3,NA,NA,3,9,9,0,3,,0.919,0.819,NA,,,,,0.038,,0.869,2,,,1_1,2_2,N/A,0,0,0,,,,,,,
,5,Y,72,0,0,0,NA,NA,NA,4,11,11,0,0,,0.826,0.837,0.788,,,,,0.05566666667,,0.817,,,,1_1,2_3,3_1,0,0,0,,,,,,,
,5,Y,73,0,0,0,NA,NA,NA,3,0,0,x,x,NA,0.775,0.795,0.923,0.779,0.804,0.927,,0.03166666667,,0.831,,,,1_3,2_2,3_3,0,0,0,,,,,,,
,5,Y,74,0,0,0,NA,NA,NA,7,10,10,0,0,,0.778,0.944,0.794,0.791,0.955,0.808,,0.08033333333,,0.8386666667,,,,1_1,2_3,3_2,0,0,0,,,,,,,
,5,Y,75,0,0,0,NA,NA,NA,3,9,9,0,0,,0.848,0.813,0.739,,,,,0.044,,0.8,1,,,1_1,2_2,3_3,0,0,0,,,,,,,
,5,G,1,0,0,0,NA,NA,NA,2,9,9,0,0,,0.934,0.799,1.005,,,,,0.03233333333,0.0003198198198,0.9126666667,,,Total dead,1_2,2_1,3_3,0,0,0,,,,,,,
,5,G,2,0,0,0,NA,NA,NA,1,4,4,0,0,,0.899,0.908,0.86,,,,,0.01466666667,-0.01734684685,0.889,,,4,,,3_2,1,1,0,W5_1 + W5_2 are the same picture,1,1,,1,1,
,5,G,3,0,0,0,NA,NA,NA,2,12,12,0,0,,0.985,0.92,0.965,0.965,0.911,0.980,,0.05633333333,0.02431981982,0.9566666667,,,W1,1_2,2_3,3_1,0,0,0,,,,,,,
,5,G,4,0,0,0,NA,NA,NA,7,7,7,7,x,,0.841,0.911,0.863,,,,,0.04766666667,0.01565315315,0.8716666667,1,,0,1_2,2_3,3_1,0,0,0,,,,,,,
,5,G,5,1,0,0,3,NA,NA,3,5,5,0,0,,1.008,0.909,NA,,,,,0.033,0.0009864864865,0.9585,,,,1_1,2_2,N/A,0,0,N/A,,,,,,,
,5,G,6,1,0,0,3,NA,NA,8,9,9,9,x,,0.957,0.896,NA,0.959,0.899,,,0.029,-0.003013513514,0.9265,,,W2 dead,1_2,2_1,N/A,0,0,N/A,,,,,,,
,5,G,7,0,0,0,NA,NA,NA,8,14,14,9,0,,0.835,0.958,0.948,,,,,0.01833333333,-0.01368018018,0.9136666667,,,3,1_3,2_2,3_1,0,0,0,,,,,,,
,5,G,8,0,0,0,NA,NA,NA,5,12,12,12,x,,0.883,0.89,0.76,0.896,0.879,0.751,,0.02833333333,-0.00368018018,0.8443333333,1,,,1_1,2_3,3_2,0,0,0,,,,,,,
,5,G,9,0,0,0,NA,NA,NA,10,11,11,0,0,,0.903,0.933,0.867,,,,,0.02533333333,-0.00668018018,0.901,1,,W3 dead,1_1,2_3,3_2,0,0,0,,,,,,,
,5,G,10,0,0,0,NA,NA,NA,1,6,6,0,0,,0.842,0.894,0.867,,,,,0.04933333333,0.01731981982,0.8676666667,,,12,1_1,2_2,3_3,0,0,0,,,,,,,
,5,G,11,0,0,0,NA,NA,NA,13,12,12,8,x,,0.864,0.915,0.886,0.869,0.903,0.911,,0.04466666667,0.01265315315,0.8883333333,1,,,1_1,2_2,3_3,0,0,0,,,,,,,
,5,G,12,1,0,0,4,NA,NA,4,9,9,9,x,,0.938,0.754,NA,,,,,0.09,0.05798648649,0.846,,,W4 dead,1_2,2_1,N/A,0,0,N/A,,,,,,,
,5,G,13,0,0,0,NA,NA,NA,4,10,10,7,2,,0.9,0.855,0.987,,,,,0.04533333333,0.01331981982,0.914,,,19,1_3,2_2,3_1,0,0,0,,,,,,,
,5,G,14,0,0,0,NA,NA,NA,5,10,10,0,0,,0.954,0.905,0.956,,,,,0.04,0.007986486486,0.9383333333,,,,1_1,2_2,3_3,0,0,0,,,,,,,
,5,G,15,0,0,0,NA,NA,NA,3,9,9,2,1,,0.874,0.938,0.844,,,,,0.047,0.01498648649,0.8853333333,,,W5 dead,1_3,2_2,3_1,0,0,0,,,,,,,
,5,G,16,1,0,0,2,NA,NA,13,11,11,0,0,,0.855,0.91,NA,,,,,0.04,0.007986486486,0.8825,,,,1_2,2_1,N/A,0,0,N/A,,,,,,,
,5,G,17,0,0,0,NA,NA,NA,6,8,8,5,0,,0.81,0.816,0.855,,,,,0.014,-0.01801351351,0.827,,,,1_1,2_2,3_3,0,0,0,,,,,,,
,5,G,18,1,0,0,4,NA,NA,6,13,13,13,x,,0.858,0.867,NA,,,,,0.02,-0.01201351351,0.8625,,,W5-G group length avg:,1_1,2_2,N/A,0,0,N/A,,,,,,,
,5,G,19,0,0,0,NA,NA,NA,4,16,16,0,0,,0.797,0.923,0.908,,,,,0.02433333333,-0.00768018018,0.876,,,0.8846244444,1_2,2_3,3_1,0,0,0,,,,,,,
,5,G,20,0,0,0,NA,NA,NA,9,12,12,0,0,,0.917,0.897,0.945,,,,,0.02866666667,-0.003346846847,0.9196666667,,,,1_2,2_3,3_1,0,0,0,,,,,,,
,5,G,21,1,0,0,4,NA,NA,4,10,10,10,x,,0.82,0.868,NA,,,,,0.031,-0.001013513514,0.844,,,,1_2,2_1,N/A,0,0,N/A,,,,,,,
,5,G,22,0,0,0,NA,NA,NA,3,8,8,0,0,,0.81,0.938,0.859,0.826,0.951,0.864,,0.007,-0.02501351351,0.869,1,,W5-W4 -G growth avg:,1_2,2_1,3_3,0,0,0,,,,,,,
,5,G,23,0,0,0,NA,NA,NA,10,11,11,6,4,,0.847,0.761,1.012,,,,,0.005,-0.02701351351,0.8733333333,,,0.03201351351,1_1,2_2,3_3,0,0,0,,,,,,,
,5,G,24,0,0,0,NA,NA,NA,4,6,6,5,x,,0.896,0.922,0.945,,,,,0.011,-0.02101351351,0.921,2,,,1_2,2_3,3_1,0,0,0,,,,,,,
,5,G,25,1,1,0,2,3,NA,6,11,11,0,0,,0.968,NA,NA,,,,,#DIV/0!,#DIV/0!,0.968,,,,,,,1,,,"there is 1 snail in W5, but there is none in W4? Missing photo for W4",,,,,,
,5,G,26,1,0,0,3,NA,NA,4,8,8,7,x,,0.755,0.915,NA,,,,,0.0225,-0.009513513514,0.835,,,,1_2,2_1,N/A,0,0,N/A,,,,,,,
,5,G,27,0,0,0,NA,NA,NA,5,10,10,10,x,,0.857,0.969,0.793,,,,,0.008666666667,-0.02334684685,0.873,,,,1_3,2_2,3_1,0,0,0,,,,,,,
,5,G,28,0,0,0,NA,NA,NA,2,0,0,x,x,NA,0.965,0.9,0.908,,,,,0.017,-0.01501351351,0.9243333333,,,,1_2,2_1,3_3,0,0,0,,,,,,,
,5,G,29,0,0,0,NA,NA,NA,3,15,15,2,0,,0.938,0.87,0.855,,,,,0.02233333333,-0.00968018018,0.8876666667,1,,,1_3,2_1,3_2,0,0,0,,,,,,,
,5,G,30,0,0,0,NA,NA,NA,4,10,10,5,5,,0.835,0.962,0.838,,,,,0.02733333333,-0.00468018018,0.8783333333,,,,1_1,2_2,3_3,0,0,0,,,,,,,
,5,G,31,0,0,0,NA,NA,NA,0,0,0,x,x,NA,0.829,0.736,0.81,,,,,0.028,-0.004013513514,0.7916666667,1,,,1_1,2_2,3_3,0,0,0,,,,,,,
,5,G,32,0,0,0,NA,NA,NA,6,12,12,0,0,,0.878,0.963,0.807,0.883,0.957,0.831,,0.057,0.02498648649,0.8826666667,,,,1_1,2_3,3_2,0,0,0,,,,,,,
,5,G,33,1,0,0,3,NA,NA,9,10,10,3,6,,0.893,0.945,NA,,,,,0.0715,0.03948648649,0.919,,,,1_2,2_1,N/A,0,0,N/A,,,,,,,
,5,G,34,0,0,0,NA,NA,NA,3,9,9,0,0,,0.902,0.949,0.926,,,,,0.046,0.01398648649,0.9256666667,,,,1_1,2_3,3_2,0,0,0,,,,,,,
,5,G,35,0,0,0,NA,NA,NA,8,12,12,0,0,,0.939,0.914,0.903,,,,,0.019,-0.01301351351,0.9186666667,,,,1_2,2_3,3_1,0,0,0,,,,,,,
,5,G,36,0,0,0,NA,NA,NA,13,9,9,2,0,,0.899,0.784,0.807,,,,,0.008333333333,-0.02368018018,0.83,,,,1_3,2_2,3_1,0,0,0,,,,,,,
,5,G,37,0,0,0,NA,NA,NA,2,6,6,0,0,,0.855,0.95,0.873,,,,,0.031,-0.001013513514,0.8926666667,1,,,1_1,2_3,3_2,0,0,0,,,,,,,
,5,G,38,1,0,0,4,NA,NA,5,9,9,5,0,,0.942,0.871,NA,,,,,-0.0445,-0.07651351351,0.9065,,,,1_2,2_1,N/A,0,0,N/A,,,,,,,
,5,G,39,0,0,0,NA,NA,NA,4,10,10,10,x,,0.868,0.801,0.859,,,,,0.061,0.02898648649,0.8426666667,,,,1_1,2_2,3_3,0,0,0,,,,,,,
,5,G,40,0,0,0,NA,NA,NA,4,8,0,x,x,,0.836,0.918,0.877,,,,,0.02333333333,-0.00868018018,0.877,1,1,,1_2,2_1,3_3,0,0,0,,,,,,,
,5,G,41,0,0,0,NA,NA,NA,1,10,10,0,0,,0.775,0.9,0.85,,,,,0.01966666667,-0.01234684685,0.8416666667,,,,1_1,2_3,3_2,0,0,0,,,,,,,
,5,G,42,1,0,0,3,NA,NA,2,6,6,0,0,,0.905,0.97,NA,,,,,0.0265,-0.005513513514,0.9375,1,,,1_2,2_1,N/A,0,0,N/A,,,,,,,
,5,G,43,0,0,0,NA,NA,NA,0,0,0,x,x,NA,0.947,0.928,0.868,,,,,0.03433333333,0.00231981982,0.9143333333,,,,1_1,2_3,3_2,0,0,0,,,,,,,
,5,G,44,0,0,0,NA,NA,NA,2,7,7,7,x,,0.839,0.807,0.868,,,,,0.009666666667,-0.02234684685,0.838,,,,1_2,2_1,3_3,0,0,0,,,,,,,
,5,G,45,0,0,0,NA,NA,NA,11,10,10,10,x,,0.866,0.924,0.855,,,,,0.014,-0.01801351351,0.8816666667,,,,1_2,2_3,3_1,0,0,0,,,,,,,
,5,G,46,0,0,0,NA,NA,NA,7,10,10,10,x,,0.827,0.897,0.713,,,,,0.031,-0.001013513514,0.8123333333,1,,,1_2,2_1,3_3,0,0,0,,,,,,,
,5,G,47,1,0,0,3,NA,NA,2,8,8,8,x,,0.815,0.98,NA,,,,,0.049,0.01698648649,0.8975,1,,,1_2,2_1,N/A,0,0,N/A,,,,,,,
,5,G,48,1,0,0,4,NA,NA,0,0,0,x,x,NA,0.855,0.95,NA,0.861,0.963,,,0.036,0.003986486486,0.9025,,,,1_1,2_2,N/A,0,0,N/A,,,,,,,
,5,G,49,1,0,0,4,NA,NA,7,9,9,8,0,,0.911,0.849,NA,,,,,0.0255,-0.006513513514,0.88,,,,1_2,2_1,N/A,0,0,N/A,,,,,,,
,5,G,50,0,0,0,NA,NA,NA,3,10,10,0,0,,0.855,0.822,0.907,,,,,0.015,-0.01701351351,0.8613333333,,,,1_2,2_1,3_3,0,0,0,,,,,,,
,5,G,51,0,0,0,NA,NA,NA,11,9,9,0,1,,0.907,0.967,0.941,,,,,0.06466666667,0.03265315315,0.9383333333,,,,1_3,2_1,3_2,0,0,0,,,,,,,
,5,G,52,1,1,0,2,3,NA,5,9,9,9,x,,0.861,NA,NA,0.879,,,,0.065,0.03298648649,0.861,,,,1_1,N/A,N/A,0,N/A,N/A,,,,,,,
,5,G,53,1,0,0,3,NA,NA,3,0,0,x,x,NA,0.889,0.96,NA,,,,,0.028,-0.004013513514,0.9245,,,,1_2,2_1,N/A,0,0,N/A,,,,,,,
,5,G,54,0,0,0,NA,NA,NA,3,4,4,4,x,,0.914,0.675,0.707,,,,,0.03866666667,0.006653153153,0.7653333333,,,,1_3,2_1,3_2,0,0,0,,,,,,,
,5,G,55,0,0,0,NA,NA,NA,10,13,13,0,0,,0.954,0.929,0.816,,,,,0.06066666667,0.02865315315,0.8996666667,,,,1_3,2_2,3_1,0,0,0,,,,,,,
,5,G,56,1,0,0,3,NA,NA,10,13,13,13,x,,0.886,0.942,NA,,,,,0.029,-0.003013513514,0.914,,,,1_1,2_2,N/A,0,0,N/A,,,,,,,
,5,G,57,0,0,0,NA,NA,NA,10,9,9,9,x,,0.99,0.916,0.899,,,,,0.065,0.03298648649,0.935,1,,,1_1,2_2,3_3,0,0,0,,,,,,,
,5,G,58,0,0,0,NA,NA,NA,8,10,10,3,1,,0.857,0.931,0.704,,,,,0.032,-0.00001351351351,0.8306666667,,,,1_1,2_3,3_2,0,0,0,,,,,,,
,5,G,59,1,0,0,3,NA,NA,9,9,9,1,6,,0.946,0.92,NA,,,,,0.094,0.06198648649,0.933,,,,1_1,2_2,N/A,0,0,N/A,,,,,,,
,5,G,60,0,0,0,NA,NA,NA,1,0,0,x,x,NA,0.812,0.808,0.76,,,,,0.04966666667,0.01765315315,0.7933333333,,,,1_1,2_3,3_2,0,0,0,,,,,,,
,5,G,61,0,0,0,NA,NA,NA,2,8,6,6,x,,0.918,0.884,0.921,0.923,0.876,0.927,,0.04166666667,0.009653153153,0.9076666667,,,,1_3,2_1,3_2,0,0,0,,,,,,,
,5,G,62,0,0,0,NA,NA,NA,2,0,0,x,x,NA,0.874,0.728,0.865,,,,,0.019,-0.01301351351,0.8223333333,2,,,1_2,2_3,3_1,0,0,0,,,,,,,
,5,G,63,0,0,0,NA,NA,NA,5,9,9,9,x,,0.714,0.83,0.935,,,,,0.03266666667,0.0006531531532,0.8263333333,,,,1_2,2_3,3_1,0,0,0,,,,,,,
,5,G,64,1,0,0,4,NA,NA,1,10,10,0,0,,0.892,0.845,NA,,,,,-0.0075,-0.03951351351,0.8685,,,,1_2,2_1,N/A,0,0,N/A,,,,,,,
,5,G,65,1,0,0,4,NA,NA,4,2,2,2,x,,0.934,0.896,NA,,,,,0.0565,0.02448648649,0.915,,,,1_1,2_2,N/A,0,0,N/A,,,,,,,
,5,G,66,0,0,0,NA,NA,NA,4,11,11,0,0,,0.877,0.882,0.893,,,,,0.007666666667,-0.02434684685,0.884,,,,1_1,2_3,3_2,0,0,0,,,,,,,
,5,G,67,1,0,0,4,NA,NA,7,7,7,7,x,,0.842,0.971,NA,,,,,0.0495,0.01748648649,0.9065,,,,1_1,2_2,N/A,0,0,N/A,,,,,,,
,5,G,68,0,0,0,NA,NA,NA,2,13,13,0,0,,0.912,0.89,0.878,,,,,0.004666666667,-0.02734684685,0.8933333333,1,,,1_1,2_2,3_3,0,0,0,,,,,,,
,5,G,69,1,0,0,3,NA,NA,5,10,5,5,x,,0.921,0.921,NA,,,,,0.013,-0.01901351351,0.921,,,,1_1,2_2,N/A,0,0,N/A,,,,,,,
,5,G,70,0,0,0,NA,NA,NA,9,9,9,0,0,,0.907,0.894,0.923,,,,,0.02133333333,-0.01068018018,0.908,,,,1_2,2_3,3_1,0,0,0,,,1,1,,1,1
,5,G,71,0,0,0,NA,NA,NA,2,9,9,3,x,,0.924,0.907,0.862,,,,,0.05,0.01798648649,0.8976666667,2,,,1_1,2_2,3_3,0,0,0,,,1,1,,1,1
,5,G,72,1,0,0,3,NA,NA,5,9,9,9,x,,0.937,0.831,NA,,,,,0.04,0.007986486486,0.884,,,,1_1,2_2,N/A,0,0,N/A,,,,,,,
,5,G,73,0,0,0,NA,NA,NA,0,0,0,x,x,NA,0.815,0.793,0.837,0.803,0.789,0.835,,0.05,0.01798648649,0.815,,,,1_1,2_2,3_3,0,0,0,,,,,,,
,5,G,74,0,0,0,NA,NA,NA,7,8,8,8,x,,0.852,0.783,0.955,,,,,0.01633333333,-0.01568018018,0.8633333333,1,,,1_3,2_1,3_2,0,0,0,,,,,,,
,5,G,75,0,0,0,NA,NA,NA,3,9,9,0,0,,0.951,0.888,0.954,,,,,0.006,-0.02601351351,0.931,,,,1_2,2_3,3_1,0,0,0,,,,,,,
,6,O,1,1,0,0,4,NA,NA,2,13,13,0,0,,0.904,0.918,NA,,,,,0.053,0.01378571429,0.911,,,,1_2,2_1,NA,0,0,NA,,,,,,,
,6,O,2,0,0,0,NA,NA,NA,2,3,3,0,0,,0.901,1.049,1.045,0.905,1.034,1.037,,0.02566666667,-0.01354761905,0.9983333333,1,,W6 O length avg,1_2,2_1,3_3,0,0,0,,,,,,,
,6,O,3,0,0,0,NA,NA,NA,12,11,11,0,0,,0.94,0.901,0.878,,,,,0.05366666667,0.01445238095,0.9063333333,3,,0.9066197183,1_3,2_1,3_2,0,0,0,,1,1,,1,1,
,6,O,4,0,0,0,NA,NA,NA,6,11,11,0,0,,0.919,0.976,0.966,0.925,0.957,0.966,,0.05733333333,0.01811904762,0.9536666667,,,,1_2,2_1,3_3,0,0,0,,,,,,,
,6,O,5,0,0,0,NA,NA,NA,3,11,11,0,0,,0.914,0.911,0.853,0.939,0.901,0.883,,0.0003333333333,-0.03888095238,0.8926666667,,,W6 O avg growth,1_3,2_2,3_1,0,0,0,,,,,,,
,6,O,6,1,0,0,4,NA,NA,5,12,12,0,0,,1.029,0.969,NA,,,,,0.024,-0.01521428571,0.999,,,0.03921428571,1_1,2_2,NA,0,0,NA,,,,,,,
,6,O,7,0,0,0,NA,NA,NA,5,10,10,0,8,,0.915,0.987,0.98,,,,,0.08,0.04078571429,0.9606666667,,,,1_2,2_3,3_1,0,0,0,,,,,,,
,6,O,8,1,0,0,4,NA,NA,4,6,6,0,0,,0.93,0.863,NA,,,,,0.033,-0.006214285714,0.8965,,,,1_2,2_1,NA,0,0,NA,,1,1,,1,1,
,6,O,9,1,0,0,4,NA,NA,8,9,9,0,0,,0.914,0.958,NA,,,,,0.0685,0.02928571429,0.936,,,,1_2,2_1,NA,0,0,NA,,,,,,,
,6,O,10,0,0,0,NA,NA,NA,11,10,10,3,1,,0.851,0.906,0.881,,,,,0.01266666667,-0.02654761905,0.8793333333,2,,,1_3,2_1,3_2,0,0,0,,,,,,,
,6,O,11,0,0,0,NA,NA,NA,4,7,7,0,0,,0.965,0.951,0.994,0.962,0.96,1.016,,0.02633333333,-0.01288095238,0.97,,,,1_1,2_3,3_2,0,0,0,,,,,,,
,6,O,12,0,0,0,NA,NA,NA,2,10,10,0,0,,0.886,0.855,0.892,0.894,0.846,0.892,,0.01633333333,-0.02288095238,0.8776666667,,,,1_1,2_2,3_3,0,0,0,,,,,,,
,6,O,13,1,0,0,5,NA,NA,6,15,15,0,0,,0.963,0.963,NA,,,,,0.059,0.01978571429,0.963,,,,1_1,2_2,NA,0,0,NA,,,,,,,
,6,O,14,1,1,0,3,5,NA,8,13,13,13,x,,1.048,NA,NA,,,,,0.085,0.04578571429,1.048,,,,1_1,NA,NA,0,NA,NA,,,,,,,
,6,O,15,0,0,0,NA,NA,NA,14,13,13,0,2,,0.999,0.911,0.987,0.971,0.901,0.986,,0.03633333333,-0.002880952381,0.9656666667,,,,1_1,2_2,3_3,0,0,0,,,,,,,
,6,O,16,1,0,0,2,NA,NA,5,19,19,0,0,,0.943,0.941,NA,,,,,0.0335,-0.005714285714,0.942,,,,1_2,2_1,NA,0,0,NA,,,,,,,
,6,O,17,1,0,0,5,NA,NA,1,11,11,0,0,,1.07,1.012,NA,,,,,0.047,0.007785714286,1.041,,,,1_1,2_2,NA,0,0,NA,,,,,,,
,6,O,18,1,0,0,2,NA,NA,2,9,9,0,0,,0.882,0.979,NA,,,,,0,-0.03921428571,0.9305,,,,1_2,2_1,NA,0,0,NA,,,,,,,
,6,O,19,1,0,0,5,NA,NA,15,13,13,13,x,,0.931,0.869,NA,,,,,0.0035,-0.03571428571,0.9,,,,1_2,2_1,NA,0,0,NA,,,,,,,
,6,O,20,1,1,1,4,6,6,0,0,0,x,x,NA,NA,NA,NA,,,,,,-0.03921428571,,,,,NA,NA,NA,NA,NA,NA,,,,,,,
,6,O,21,1,0,0,5,NA,NA,1,4,4,0,0,,0.898,0.987,NA,,,,,0.052,0.01278571429,0.9425,,,,1_1,2_2,NA,0,0,NA,,,,,,,
,6,O,22,1,0,0,6,NA,NA,5,10,10,0,0,,0.976,0.982,NA,0.961,0.974,,,0.0425,0.003285714286,0.979,,,,1_1,2_2,NA,0,0,NA,,,,,,,
,6,O,23,0,0,0,NA,NA,NA,2,9,9,0,0,,0.911,0.894,0.851,,,,,0.0003333333333,-0.03888095238,0.8853333333,,,,1_3,2_2,3_1,0,0,0,,1,1,,1,1,
,6,O,24,1,0,0,6,NA,NA,5,15,15,0,0,,1.081,0.839,NA,1.075,0.838,,,0.068,0.02878571429,0.96,,,,1_3,2_2,NA,0,0,NA,,,1,,,,
,6,O,25,0,0,0,NA,NA,NA,4,11,11,0,0,,0.915,0.909,0.847,,,,,0.009,-0.03021428571,0.8903333333,1,,,1_2,2_3,3_1,0,0,0,,,,,,,
,6,O,26,1,0,0,4,NA,NA,5,7,6,0,2,,0.896,0.887,NA,,,,,0.0205,-0.01871428571,0.8915,,,,1_1,2_2,NA,0,0,NA,,,,,,,
,6,O,27,1,1,0,3,5,NA,8,13,9,9,x,,0.987,NA,NA,,,,,0.031,-0.008214285714,0.987,1,,,1_1,NA,NA,0,NA,NA,,,,,,,
,6,O,28,1,0,0,5,NA,NA,6,12,12,0,0,,0.85,0.793,NA,,,,,0.034,-0.005214285714,0.8215,,,,1_1,2_2,NA,0,0,NA,,,,,,,
,6,O,29,1,1,0,6,6,NA,4,17,17,0,0,,0.872,,,0.873,,,,-0.011,-0.05021428571,0.872,,,,1_3,,,0,1,1,missing 2 pictures,,,,,,
,6,O,30,0,0,0,NA,NA,NA,5,12,12,0,0,,0.968,0.903,0.986,,,,,0.04233333333,0.003119047619,0.9523333333,,,,1_3,2_2,3_1,0,0,0,,,,,,,
,6,O,31,1,0,0,3,NA,NA,3,13,13,3,4,,0.905,0.957,NA,,,,,0.084,0.04478571429,0.931,,,quadruplets embro,1_2,2_1,NA,0,0,NA,,,,,,,
,6,O,32,1,0,0,2,NA,NA,9,14,14,0,11,,0.831,0.822,NA,,,,,0.022,-0.01721428571,0.8265,,,,1_2,2_1,NA,0,0,NA,,,,,,,
,6,O,33,0,0,0,NA,NA,NA,12,13,12,12,x,,0.872,0.888,0.858,,,,,0.02333333333,-0.01588095238,0.8726666667,,,,,,,1,1,1,hard to tell,,,,,,
,6,O,34,0,0,0,NA,NA,NA,5,10,10,0,0,,0.958,0.941,0.89,0.943,0.929,0.867,,0.02066666667,-0.01854761905,0.9296666667,,,,1_3,2_2,3_1,0,0,0,,,,,,,
,6,O,35,1,0,0,5,NA,NA,3,13,13,0,0,,0.925,0.967,NA,,,,,0.0125,-0.02671428571,0.946,,,,1_1,2_2,NA,0,0,NA,,,,,,,
,6,O,36,0,0,0,NA,NA,NA,3,10,10,0,0,,0.993,0.939,0.943,,,,,0.052,0.01278571429,0.9583333333,,,,1_1,2_2,3_3,0,0,0,,,,,,,
,6,O,37,0,0,0,NA,NA,NA,4,13,13,0,0,,0.926,0.955,0.903,,,,,0.06533333333,0.02611904762,0.928,1 2,,,1_2,2_3,3_1,0,0,0,,,,,,,
,6,O,38,0,0,0,NA,NA,NA,4,12,12,0,0,,0.931,0.969,0.924,,,,,0.063,0.02378571429,0.9413333333,,,,1_3,2_1,3_2,0,0,0,,,1,1,,1,1
,6,O,39,1,0,0,4,NA,NA,4,8,8,0,1,,0.906,1.005,NA,,,,,0.044,0.004785714286,0.9555,,,,1_2,2_1,NA,0,0,NA,,,,,,,
,6,O,40,0,0,0,NA,NA,NA,8,9,9,0,0,,0.739,0.876,0.797,,,,,0.01566666667,-0.02354761905,0.804,3,,,1_3,2_2,3_1,0,0,0,,,,,,,
,6,O,41,1,1,0,4,5,NA,4,7,7,0,0,,0.974,NA,NA,,,,,0.111,0.07178571429,0.974,,,,1_1,NA,NA,0,NA,NA,,,,,,,
,6,O,42,1,0,0,4,NA,NA,5,15,15,0,0,,0.986,0.963,NA,,,,,0.0855,0.04628571429,0.9745,,,,1_1,2_2,NA,0,0,NA,,,,,,,
,6,O,43,1,1,0,4,4,NA,10,5,3,3,x,,0.942,NA,NA,,,,,0.093,0.05378571429,0.942,,,,1_1,NA,NA,0,NA,NA,,,,,,,
,6,O,44,0,0,0,NA,NA,NA,12,8,7,7,x,,0.876,0.937,0.937,,,,,0.07366666667,0.03445238095,0.9166666667,,,,1_3,2_2,3_1,0,0,0,,,,,,,
,6,O,45,0,0,0,NA,NA,NA,4,12,12,0,0,,0.753,0.919,0.953,,,,,0.08366666667,0.04445238095,0.875,,,,1_2,2_1,3_3,0,0,0,,,,,,,
,6,O,46,0,0,0,NA,NA,NA,5,15,15,0,0,,0.977,0.865,0.753,,,,,0.02633333333,-0.01288095238,0.865,,,,,,,1,1,1,can't figure out,,,,,,
,6,O,47,1,1,1,4,5,5,0,0,0,x,x,NA,NA,NA,NA,,,,,,-0.03921428571,,,,,NA,NA,NA,NA,NA,NA,,,,,,,
,6,O,48,0,0,0,NA,NA,NA,5,10,10,0,0,,0.843,0.849,0.831,,,,,0.007333333333,-0.03188095238,0.841,,,,1_1,2_3,3_2,0,0,0,,,,,,,
,6,O,49,1,1,1,6,6,6,0,0,0,x,x,NA,NA,NA,NA,,,,,,-0.03921428571,,,,,NA,NA,NA,NA,NA,NA,,,,,,,
,6,O,50,0,0,0,NA,NA,NA,6,9,9,2,6,,0.88,0.838,0.825,,,,,0.007666666667,-0.03154761905,0.8476666667,,,,1_1,2_3,3_2,0,0,0,,,,,,,
,6,O,51,1,0,0,3,NA,NA,4,7,7,0,0,,0.84,0.7,NA,,,,,0.024,-0.01521428571,0.77,1,,,1_1,2_2,NA,0,0,NA,,,,,,,
,6,O,52,1,0,0,4,NA,NA,10,15,15,13,0,,0.932,0.873,NA,,,,,-0.008,-0.04721428571,0.9025,,,,1_1,2_2,NA,0,0,NA,,,,,,,
,6,O,53,0,0,0,NA,NA,NA,2,14,14,0,0,,0.898,0.906,0.889,,,,,0.08766666667,0.04845238095,0.8976666667,,,,1_3,2_2,3_1,0,0,0,,1,1,,1,1,
,6,O,54,1,1,1,6,6,6,0,0,0,x,x,NA,NA,NA,NA,,,,,,-0.03921428571,,,,,NA,NA,NA,NA,NA,NA,,,,,,,
,6,O,55,1,1,0,3,5,NA,3,10,10,0,0,,0.969,NA,NA,,,,,0.02,-0.01921428571,0.969,,,,1_1,NA,NA,0,NA,NA,,,,,,,
,6,O,56,1,1,0,4,4,NA,8,14,14,14,x,,1.001,NA,NA,,,,,0.067,0.02778571429,1.001,,,,1_1,NA,NA,0,NA,NA,,,,,,,
,6,O,57,1,0,0,5,NA,NA,2,12,12,0,0,,0.926,0.66,NA,,,,,0.024,-0.01521428571,0.793,,,,1_2,2_1,NA,0,0,NA,,,,,,,
,6,O,58,1,1,0,5,6,NA,1,7,7,0,0,,0.759,NA,NA,,,,,0.0375,-0.001714285714,0.759,,,,1_1,NA,NA,0,NA,NA,,,,,,,
,6,O,59,0,0,0,NA,NA,NA,3,11,11,0,0,,0.906,0.898,0.846,,,,,0.06666666667,0.02745238095,0.8833333333,,,,1_2,2_1,3_3,0,0,0,,,,,,,
,6,O,60,0,0,0,NA,NA,NA,3,14,14,14,x,,1.004,0.995,1.034,,,,,0.04533333333,0.006119047619,1.011,,,,,,3_3,1,1,0,,,,,,,
,6,O,61,1,0,0,5,NA,NA,3,8,8,8,x,,0.868,0.762,NA,,,,,0.0215,-0.01771428571,0.815,,,,1_1,2_2,NA,0,0,NA,,,,,,,
,6,O,62,1,0,0,5,NA,NA,0,0,0,x,x,NA,0.805,0.924,NA,,,,,0.0395,0.0002857142857,0.8645,,,,1_2,2_1,NA,0,0,NA,,,,,,,
,6,O,63,0,0,0,NA,NA,NA,2,2,2,0,0,,1.02,0.91,1.021,,,,,0.03666666667,-0.002547619048,0.9836666667,,,count dead:,1_3,2_1,3_2,0,0,0,,,,,,,
,6,O,64,0,0,0,NA,NA,NA,6,10,10,0,0,,0.905,0.912,0.851,,,,,0.02866666667,-0.01054761905,0.8893333333,,,61,1_3,2_2,3_1,0,0,0,,,,,,,
,6,O,65,1,0,0,3,NA,NA,6,12,12,0,0,,0.889,0.831,NA,,,,,0.0645,0.02528571429,0.86,,,,1_2,2_1,NA,0,0,NA,,,,,,,
,6,O,66,1,0,0,6,NA,NA,12,9,9,0,0,,0.826,0.827,NA,,,,,0.01916666667,-0.02004761905,0.8265,,,,1_3,2_2,NA,0,0,NA,,,,,,,
,6,O,67,0,0,0,NA,NA,NA,9,10,10,0,0,,0.853,0.957,0.863,,,,,0.04233333333,0.003119047619,0.891,,,,1_2,2_1,3_3,0,0,0,,,,,,,
,6,O,68,1,0,0,5,NA,NA,3,13,13,0,0,,0.812,0.652,NA,,,,,-0.0675,-0.1067142857,0.732,,,,,,NA,1,1,NA,weird angle,,1,,,,
,6,O,69,1,0,0,5,NA,NA,3,11,11,0,0,,0.924,0.816,NA,,,,,0.0255,-0.01371428571,0.87,,,,1_1,2_2,NA,0,0,NA,,,,,,,
,6,O,70,0,0,0,NA,NA,NA,1,10,10,0,0,,0.789,0.875,1.015,,,,,0.09366666667,0.05445238095,0.893,1,,,1_3,,,0,1,1,mating,,1,1,,1,1
,6,O,71,1,1,0,3,5,NA,3,10,10,0,0,,0.839,NA,NA,,,,,0.031,-0.008214285714,0.839,,,,1_1,NA,NA,0,NA,NA,,,,,,,
,6,O,72,1,1,0,5,5,NA,6,12,12,0,1,,0.92,NA,NA,,,,,0.06,0.02078571429,0.92,,,,1_1,NA,NA,0,NA,NA,,,,,,,
,6,O,73,0,0,0,NA,NA,NA,0,0,0,x,x,NA,0.783,0.702,0.908,,,,,0.03166666667,-0.007547619048,0.7976666667,,,,1_2,2_1,3_3,0,0,0,,,,,,,
,6,O,74,0,0,0,NA,NA,NA,2,11,11,0,0,,0.944,0.812,0.838,,,,,0.05966666667,0.02045238095,0.8646666667,,,,1_3,2_1,3_2,0,0,0,,,,,,,
,6,O,75,1,0,0,5,NA,NA,7,10,10,0,1,,0.84,0.871,NA,,,,,0.033,-0.006214285714,0.8555,,,,1_2,2_1,NA,0,0,NA,,,,,,,
,6,W,1,1,0,0,3,NA,NA,0,0,0,x,x,NA,0.978,0.916,,,,,,0.0445,-0.8284617834,0.947,,,,1_2,2_1,NA,0,0,NA,,,,,,,
,6,W,2,1,0,0,3,NA,NA,6,13,13,0,0,,0.947,0.833,,,,,,0.172,-0.7009617834,0.89,,,count dead:,1_2,2_1,NA,0,0,NA,,,,,,,
,6,W,3,1,0,0,2,NA,NA,10,15,15,6,6,,0.811,0.981,,,,,,0.0975,-0.7754617834,0.896,,,63,1_1,2_2,NA,0,0,NA,,,,,,,
,6,W,4,0,0,0,NA,NA,NA,6,12,12,5,0,,0.798,0.807,0.918,,,,,0.05633333333,-0.8166284501,0.841,,,"63 dead, missing 3 records of death or 3 pictures, highlight where the missalignment happens. ",1_3,2_1,3_2,0,0,0,,,,,,,
,6,W,5,1,0,0,5,NA,NA,5,10,10,0,0,,0.856,0.884,,,,,,0.0205,-0.8524617834,0.87,,,,1_1,2_2,NA,0,0,NA,,,,,,,
,6,W,6,0,0,0,NA,NA,NA,10,12,12,0,8,,0.92,0.948,0.863,,,,,0.07533333333,-0.7976284501,0.9103333333,,,W6-W group avg growth:,1_2,2_3,3_1,0,0,0,,,,,,,
,6,W,7,0,0,0,NA,NA,NA,0,0,0,x,x,NA,0.937,0.793,0.719,,,,,0.01533333333,-0.8576284501,0.8163333333,,,0.8729617834,1_1,2_2,3_3,0,0,0,,,,,,,
,6,W,8,0,0,0,NA,NA,NA,8,14,14,0,0,,0.791,0.808,0.845,,,,,0.07066666667,-0.8022951168,0.8146666667,,,count NA: ,1_2,2_1,3_3,0,0,0,,,,,,,
,6,W,9,0,0,0,NA,NA,NA,4,9,9,0,0,,0.911,0.765,0.809,,,,,0.02566666667,-0.8472951168,0.8283333333,,,0,1_1,2_2,3_3,0,0,0,,,,,,,
,6,W,10,1,1,0,3,4,NA,9,12,12,9,0,,0.88,,,,,,,0.07,-0.8029617834,0.88,,,,1_1,NA,NA,0,NA,NA,,,,,,,
,6,W,11,1,1,0,3,4,NA,6,11,11,0,0,,0.793,,,,,,,0.046,-0.8269617834,0.793,,,,1_1,NA,NA,0,NA,NA,,,,,,,
,6,W,12,1,0,0,6,NA,NA,7,11,11,0,0,,0.844,0.917,,,,,,0.0895,-0.7834617834,0.8805,,,,1_1,2_3,NA,0,0,NA,,,,,,,
,6,W,13,1,0,0,4,NA,NA,8,13,13,0,0,,0.864,0.918,,,,,,-0.008,-0.8809617834,0.891,,,,1_1,2_2,NA,0,0,NA,,,,,,,
,6,W,14,1,1,0,6,6,NA,1,6,6,0,0,,0.857,,,,,,,0.112,-0.7609617834,0.857,,,,1_3,NA,NA,0,NA,NA,,,,,,,
,6,W,15,1,0,0,3,NA,NA,3,16,16,0,0,,0.876,0.884,,,,,,0.0045,-0.8684617834,0.88,,,,1_1,2_2,NA,0,0,NA,,,,,,,
,6,W,16,0,0,0,NA,NA,NA,1,1,1,0,0,,0.741,0.792,0.81,,,,,0.031,-0.8419617834,0.781,,,,1_1,2_2,3_3,0,0,0,,,,,,,
,6,W,17,1,0,0,5,NA,NA,5,8,8,5,0,,0.857,0.922,,,,,,0.024,-0.8489617834,0.8895,,,,1_1,2_2,NA,0,0,NA,,,,,,,
,6,W,18,0,0,0,NA,NA,NA,3,13,13,0,0,,0.85,0.875,0.883,,,,,0.034,-0.8389617834,0.8693333333,,,,1_1,2_2,3_3,0,0,0,,,,,,,
,6,W,19,0,0,0,NA,NA,NA,0,0,0,x,x,NA,0.947,0.926,,0.963,0.949,,,0.0595,-0.8134617834,0.9365,,,,1_2,2_1,,0,0,1,"1 3 same snail, missing one snail photo w6",,,,,,
,6,W,20,1,0,0,4,NA,NA,5,15,15,2,3,,0.871,0.728,,,,,,0.0015,-0.8714617834,0.7995,,,,1_1,2_2,NA,0,0,NA,,,,,,,
,6,W,21,1,1,0,3,6,NA,5,9,9,5,2,,,,,,,,,#DIV/0!,#DIV/0!,#DIV/0!,,,,1_,NA,NA,0,NA,NA,missing w21 photo,,,,,,
,6,W,22,1,1,1,5,6,6,0,0,0,x,x,NA,,,,,,,,#DIV/0!,#DIV/0!,#DIV/0!,,,,NA,NA,NA,NA,NA,NA,,,,,,,
,6,W,23,1,0,0,5,NA,NA,10,12,12,0,0,,0.988,0.752,,,,,,0.0415,-0.8314617834,0.87,,,,1_1,2_2,NA,0,0,NA,,,,,,,
,6,W,24,0,0,0,NA,NA,NA,6,7,7,5,2,,0.813,0.831,0.764,,,,,0.044,-0.8289617834,0.8026666667,,,,1_1,2_2,3_3,0,0,0,,,,,,,
,6,W,25,0,0,0,NA,NA,NA,10,9,9,2,7,,0.89,0.83,0.618,,,,,0.02633333333,-0.8466284501,0.7793333333,,,,1_,2_2,3_3,0,0,0,,,,,,,
,6,W,26,1,0,0,6,NA,NA,5,13,13,0,0,,0.876,0.869,,,,,,0.06416666667,-0.8087951168,0.8725,,,,1_3,2_1,NA,0,0,NA,,,,,,,
,6,W,27,1,0,0,4,NA,NA,4,14,14,7,0,,0.898,0.863,,,,,,0.0705,-0.8024617834,0.8805,,,,1_1,2_2,NA,0,0,NA,,,,,,,
,6,W,28,1,0,0,4,NA,NA,1,16,16,0,0,,0.98,0.959,,,,,,0.0585,-0.8144617834,0.9695,,,,1_2,2_1,NA,0,0,NA,,,,,,,
,6,W,29,0,0,0,NA,NA,NA,6,11,11,0,0,,0.906,0.943,0.968,0.9,0.96,0.982,,0.06133333333,-0.8116284501,0.939,,,,1_2,2_3,3_1,0,0,0,,,,,,,
,6,W,30,0,0,0,NA,NA,NA,7,13,13,0,0,,0.903,0.866,0.879,,,,,0.06466666667,-0.8082951168,0.8826666667,,,,1_3,,,0,1,1,unclear,,,,,,
,6,W,31,0,0,0,NA,NA,NA,5,12,12,9,1,,0.891,0.924,0.684,,,,,0.0965,-0.7764617834,0.833,,,,,2_1,3_3,1,0,0,missing one w5 photo,,,,,,
,6,W,32,0,0,0,NA,NA,NA,2,9,9,0,0,,0.789,0.802,0.993,,,,,0.009666666667,-0.8632951168,0.8613333333,,,,1_1,2_3,3_2,0,0,0,,,,,,,
,6,W,33,1,0,0,4,NA,NA,4,14,14,0,0,,0.872,0.957,,,,,,0.0475,-0.8254617834,0.9145,,,,1_2,2_1,NA,0,0,NA,,,,,,,
,6,W,34,0,0,0,NA,NA,NA,1,4,4,0,0,,0.801,0.851,0.836,0.804,0.874,0.838,,0.04466666667,-0.8282951168,0.8293333333,,,,1_1,2_2,3_3,0,0,0,,,,,,,
,6,W,35,1,0,0,3,NA,NA,7,9,9,0,0,,0.967,0.939,,,,,,0.0125,-0.8604617834,0.953,,,,1_1,2_2,NA,0,0,NA,,,,,,,
,6,W,36,1,0,0,3,NA,NA,6,11,11,0,1,,0.903,0.899,,,,,,0.042,-0.8309617834,0.901,,,,1_2,2_1,NA,0,0,NA,,,,,,,
,6,W,37,0,0,0,NA,NA,NA,7,11,11,1,0,,0.974,0.941,0.918,0.972,0.954,0.921,,0.085,-0.7879617834,0.9443333333,,,,1_3,2_1,3_2,0,0,0,,,,,,,
,6,W,38,0,0,0,NA,NA,NA,6,8,8,8,x,,0.95,0.9,0.938,,,,,0.089,-0.7839617834,0.9293333333,,,,1_1,2_3,3_2,0,0,0,,,1,1,,1,1
,6,W,39,0,0,0,NA,NA,NA,6,13,13,11,2,,0.768,0.761,0.872,,,,,0.05033333333,-0.8226284501,0.8003333333,,,,1_1,2_3,3_2,0,0,0,,,,,,,
,6,W,40,1,0,0,5,NA,NA,4,14,14,0,0,,1.077,0.822,,,,,,0.0655,-0.8074617834,0.9495,,,,1_1,2_2,NA,0,0,NA,,,,,,,
,6,W,41,1,1,1,6,6,6,0,0,0,x,x,NA,,,,,,,,#DIV/0!,#DIV/0!,#DIV/0!,,,,NA,NA,NA,NA,NA,NA,,,,,,,
,6,W,42,1,0,0,3,NA,NA,11,15,15,0,0,,0.887,0.857,,,,,,0.0685,-0.8044617834,0.872,,,,1_1,2_2,NA,0,0,NA,,,,,,,
,6,W,43,1,1,0,4,6,NA,9,10,10,1,2,,0.881,,,,,,,0.106,-0.7669617834,0.881,,,,1_1,NA,NA,0,NA,NA,,,,,,,
,6,W,44,1,1,1,6,6,6,0,0,0,x,x,NA,,,,,,,,#DIV/0!,#DIV/0!,#DIV/0!,,,,NA,NA,NA,NA,NA,NA,,,,,,,
,6,W,45,1,1,0,3,6,NA,4,12,12,12,x,,,,,,,,,#DIV/0!,#DIV/0!,#DIV/0!,,,,NA,NA,NA,0,NA,NA,why no 45 photos :/,,,,,,
,6,W,46,1,0,0,6,NA,NA,3,14,14,0,0,,0.987,0.871,,0.868,0.937,,Y,0.07033333333,-0.8026284501,0.929,,,,1_3,2_1,NA,0,0,NA,,,,,,,
,6,W,47,0,0,0,NA,NA,NA,3,6,6,6,x,,0.785,0.914,0.989,,,,,0.05266666667,-0.8202951168,0.896,,,,1_3,2_2,3_1,0,0,0,,,,,,,
,6,W,48,1,0,0,5,NA,NA,2,8,8,0,0,,0.966,0.953,,,,,,0.031,-0.8419617834,0.9595,,,,1_1,2_2,NA,0,0,NA,,,,,,,
,6,W,49,0,0,0,NA,NA,NA,4,9,9,0,0,,0.902,1.009,0.869,,,,,0.066,-0.8069617834,0.9266666667,,,,1_2,2_1,3_3,0,0,0,,,,,,,
,6,W,50,1,0,0,3,NA,NA,3,13,13,0,0,,0.981,0.931,,,,,,0.0815,-0.7914617834,0.956,,,,1_1,2_2,NA,0,0,NA,,1,1,,1,1,
,6,W,51,1,0,0,6,NA,NA,3,12,12,0,0,,0.957,,,0.968,,,,0.1143333333,-0.7586284501,0.957,,,,1_1,,NA,0,0,NA,there's only 1 photo?,,,,,,
,6,W,52,0,0,0,NA,NA,NA,5,9,9,0,0,,0.747,0.846,,,,,,0.008,-0.8649617834,0.7965,,,,1_1,,,0,1,1,im 95% sure w5 2 and 3 are the same snails,,,,,,
,6,W,53,0,0,0,NA,NA,NA,7,10,10,0,0,,0.768,0.699,0.826,,,,,0.02366666667,-0.8492951168,0.7643333333,,,,1_1,2_2,3_3,0,0,0,,,,,,,
,6,W,54,1,0,0,5,NA,NA,1,7,7,0,0,,0.957,0.951,,,,,,0.071,-0.8019617834,0.954,,,,1_2,2_1,NA,0,0,NA,,,,,,,
,6,W,55,1,0,0,6,NA,NA,1,1,1,0,0,,0.824,0.898,,,,,,-0.025,-0.8979617834,0.861,,,,1_2,2_1,NA,0,0,NA,,,,,,,
,6,W,56,1,0,0,6,NA,NA,0,0,0,x,x,NA,0.965,0.928,,,,,,0.06616666667,-0.8067951168,0.9465,,,,1_3,2_1,NA,0,0,NA,,,,,,,
,6,W,57,0,0,0,NA,NA,NA,1,0,0,x,x,NA,0.858,0.935,0.895,,,,,0.026,-0.8469617834,0.896,,,,1_1,2_2,3_3,0,0,0,,,,,,,
,6,W,58,1,0,0,5,NA,NA,3,10,10,10,x,,0.719,0.771,,,,,,-0.0965,-0.9694617834,0.745,,,,1_1,2_2,NA,0,0,NA,,,,,,,
,6,W,59,1,0,0,5,NA,NA,3,0,0,x,x,NA,0.646,0.743,,,,,,0.029,-0.8439617834,0.6945,,,,1_2,2_1,NA,0,0,NA,,,,,,,
,6,W,60,1,0,0,6,NA,NA,5,10,10,0,0,,0.983,0.933,,,,,,0.05066666667,-0.8222951168,0.958,,,,1_2,2_3,NA,0,0,NA,,,,,,,
,6,W,61,1,0,0,3,NA,NA,4,15,15,0,0,,0.882,0.924,,,,,,0.012,-0.8609617834,0.903,,,,1_2,2_1,NA,0,0,NA,,,,,,,
,6,W,62,0,0,0,NA,NA,NA,6,10,10,0,0,,0.908,0.835,0.967,,,,,0.05,-0.8229617834,0.9033333333,,,,1_2,2_1,3_3,0,0,0,,,,,,,
,6,W,63,1,0,0,5,NA,NA,5,11,11,0,0,,0.797,0.738,,,,,,0.0455,-0.8274617834,0.7675,,,,1_1,2_2,NA,0,0,NA,,,,,,,
,6,W,64,1,0,0,5,NA,NA,2,11,11,0,0,,0.91,0.905,,,,,,0.034,-0.8389617834,0.9075,,,,1_2,2_1,NA,0,0,NA,,,,,,,
,6,W,65,0,0,0,NA,NA,NA,3,9,9,0,0,,0.848,0.993,0.997,0.861,0.998,1.010,,0.026,-0.8469617834,0.946,,,,1_3,2_1,3_2,0,0,0,,,,,,,
,6,W,66,0,0,0,NA,NA,NA,1,6,6,0,0,,0.868,0.865,0.798,0.871,0.885,0.805,,0.027,-0.8459617834,0.8436666667,,,,1_3,2_1,3_2,0,0,0,,,,,,,
,6,W,67,1,0,0,3,NA,NA,18,13,13,8,4,,0.934,0.913,,,,,,0.051,-0.8219617834,0.9235,,,,1_1,2_2,NA,0,0,NA,,,,,,,
,6,W,68,1,0,0,4,NA,NA,5,10,10,5,0,,0.815,0.896,,,,,,0.0275,-0.8454617834,0.8555,,,,1_2,2_1,NA,0,0,NA,,,,,,,
,6,W,69,1,0,0,4,NA,NA,7,9,9,0,9,,0.878,0.832,,,,,,0.012,-0.8609617834,0.855,,,,1_2,2_1,NA,0,0,NA,,,,,,,
,6,W,70,1,0,0,6,NA,NA,6,14,14,0,0,,0.91,0.901,,0.905,0.877,,,0.05616666667,-0.8167951168,0.9055,,,,1_2,2_3,NA,0,0,NA,,,,,,,
,6,W,71,1,0,0,5,NA,NA,11,8,8,0,0,,0.881,0.754,,,,,,0.027,-0.8459617834,0.8175,,,,1_2,2_1,NA,0,0,NA,,,,,,,
,6,W,72,1,1,1,6,6,6,0,0,0,x,x,NA,,,,,,,,#DIV/0!,#DIV/0!,#DIV/0!,,,,NA,NA,NA,NA,NA,NA,,,,,,,
,6,W,73,1,0,0,3,NA,NA,2,11,11,0,0,,0.801,0.936,,,,,,0.024,-0.8489617834,0.8685,,,,1_2,2_1,NA,0,0,NA,,,,,,,
,6,W,74,0,0,0,NA,NA,NA,10,12,12,6,6,,0.882,0.908,0.84,0.877,0.907,0.851,,0.04733333333,-0.8256284501,0.8766666667,,,,1_2,2_1,3_3,0,0,0,,,,,,,
,6,W,75,1,1,0,5,5,NA,9,16,15,15,x,,0.81,,,,,,,0.025,-0.8479617834,0.81,,,,1_1,NA,NA,0,NA,NA,,,,,,,
,6,Y,1,0,0,0,NA,NA,NA,2,14,14,9,0,,0.771,0.948,0.926,,,,,0.062,,0.8816666667,1,,,1_2,2_3,3_1,0,0,0,,,,,,,
,6,Y,2,0,0,0,NA,NA,NA,5,11,11,0,0,,0.802,0.843,0.896,,,,,0.031,,0.847,,,count dead:,1_2,2_1,3_3,0,0,0,,,,,,,
,6,Y,3,0,0,0,NA,NA,NA,6,10,10,0,0,,0.832,0.892,0.842,,,,,0.061,,0.8553333333,,,15,1_1,2_2,3_3,0,0,0,,,,,,,
,6,Y,4,0,0,0,NA,NA,NA,6,11,11,0,0,,0.852,0.919,0.94,,,,,0.04166666667,,0.9036666667,,,"Week6Y:15 dead, either missing one record of death or 1 picture. Please highlight where the misalignment happens. ",1_3,2_2,3_1,0,0,0,,,,,,,
,6,Y,5,0,0,0,NA,NA,NA,4,17,10,10,x,,0.88,0.882,0.8,0.894,0.872,0.889,,0.03133333333,,0.854,,,y39-1 is missing a picture,1_2,2_1,3_3,0,0,0,,,,,,,
,6,Y,6,0,0,0,NA,NA,NA,8,14,14,0,0,,0.87,0.874,0.807,,,,,0.04533333333,,0.8503333333,,,y70-1 and y70-2 are missing pictures,1_3,2_2,3_1,0,0,0,,,,,,,
,6,Y,7,0,0,0,NA,NA,NA,12,12,12,10,2,,0.758,0.934,1.022,,,,,0.04633333333,,0.9046666667,1,,,1_2,2_3,3_1,0,0,0,,,,,,,
,6,Y,8,0,0,0,NA,NA,NA,15,16,16,0,0,,1.029,0.883,0.907,1.029,0.927,0.912,,0.04166666667,,0.9396666667,,,,1_1,2_2,3_3,0,0,0,,1,1,,1,1,
,6,Y,9,1,0,0,4,NA,NA,4,9,9,9,x,,0.769,0.858,NA,,,,,0.032,,0.8135,,,,1_1,2_3,N/A,0,0,0,,,,,,,
,6,Y,10,0,0,0,NA,NA,NA,7,13,13,0,0,,0.773,0.83,1.031,,,,,0.038,,0.878,,,,1_2,2_1,3_3,0,0,0,,,,,,,
,6,Y,11,1,0,0,2,NA,NA,5,16,16,0,0,,0.969,0.899,NA,,,,,0.093,,0.934,,,,1_2,2_1,N/A,0,0,0,,,,,,,
,6,Y,12,1,0,0,5,NA,NA,10,9,9,0,3,,0.93,0.872,NA,,,,,0.045,,0.901,1,,,1_3,2_2,N/A,0,0,0,,,,,,,
,6,Y,13,0,0,0,NA,NA,NA,2,11,11,0,0,,0.925,0.968,0.856,,,,,0.053,,0.9163333333,,,,1_3,2_2,3_1,0,0,0,,,,,,,
,6,Y,14,0,0,0,NA,NA,NA,3,14,14,4,0,,0.921,0.843,0.807,,,,,0.03966666667,,0.857,,,,1_2,2_3,3_1,0,0,0,,,,,,,
,6,Y,15,0,0,0,NA,NA,NA,4,16,16,0,0,,0.825,0.823,0.885,,,,,0.02866666667,,0.8443333333,,,,1_2,2_1,3_3,0,0,0,,,,,,,
,6,Y,16,0,0,0,NA,NA,NA,9,14,14,0,0,,0.908,0.906,0.94,,,,,0.08133333333,,0.918,,,,1_2,2_3,3_1,0,0,0,,,,,,,
,6,Y,17,0,0,0,NA,NA,NA,2,9,9,0,0,,0.859,0.805,0.731,,,,,0.02666666667,,0.7983333333,1,,,1_2,2_3,3_1,0,0,0,,,,,,,
,6,Y,18,0,0,0,NA,NA,NA,5,11,11,0,0,,0.981,0.8,0.831,,,,,0.01533333333,,0.8706666667,1,,,1_2,2_1,3_3,0,0,0,,,,,,,
,6,Y,19,0,0,0,NA,NA,NA,1,8,8,0,0,,0.851,0.9,0.923,,,,,0.041,,0.8913333333,1,,,1_2,2_3,3_1,0,0,0,,,,,,,
,6,Y,20,1,0,0,4,NA,NA,4,12,12,0,0,,0.84,0.924,NA,,,,,0.046,,0.882,,,,1_1,2_2,N/A,0,0,0,,,,,,,
,6,Y,21,0,0,0,NA,NA,NA,2,12,12,0,0,,0.788,0.852,0.89,,,,,0.01366666667,,0.8433333333,,,,1_3,2_2,3_1,0,0,0,,,,,,,
,6,Y,22,0,0,0,NA,NA,NA,4,12,12,0,0,,0.843,0.901,0.91,0.865,0.942,0.945,,0.035,,0.8846666667,,,,1_2,2_3,3_1,0,0,0,,,,,,,
,6,Y,23,0,0,0,NA,NA,NA,3,9,9,0,0,,0.896,0.964,0.966,,,,,0.06333333333,,0.942,,,,1_2,2_1,3_3,0,0,0,,,,,,,
,6,Y,24,0,0,0,NA,NA,NA,6,16,16,0,0,,0.805,0.939,0.983,0.844,0.953,0.996,,0.033,,0.909,2,,,1_2,2_1,3_3,0,0,0,,,,,,,
,6,Y,25,0,0,0,NA,NA,NA,1,0,0,x,x,NA,0.904,0.842,0.917,,,,,0.02633333333,,0.8876666667,,,,1_3,2_2,3_1,0,0,0,,,,,,,
,6,Y,26,1,0,0,4,NA,NA,5,15,15,10,5,,0.861,0.982,NA,,,,,0.0085,,0.9215,1,,,1_3,2_1,N/A,0,0,0,,,,,,,
,6,Y,27,0,0,0,NA,NA,NA,3,12,12,0,0,,0.985,0.902,0.933,,,,,0.05866666667,,0.94,,,,1_3,2_2,3_1,0,0,0,,,,,,,
,6,Y,28,0,0,0,NA,NA,NA,14,9,9,0,0,,0.845,0.895,0.866,,,,,0.06833333333,,0.8686666667,,,,1_2,2_3,3_1,0,0,0,,,,,,,
,6,Y,29,1,0,0,3,NA,NA,6,14,14,14,x,,0.954,0.886,0.862,0.949,0.887,0.886,,0.05666666667,,0.9006666667,,,,1_2,2_1,N/A,0,0,0,,,,,,,
,6,Y,30,0,0,0,NA,NA,NA,4,10,10,0,0,,0.81,0.894,0.878,,,,,0.03066666667,,0.8606666667,,,,1_2,2_1,3_3,0,0,0,,,,,,,
,6,Y,31,1,0,0,4,NA,NA,2,10,10,0,0,,0.967,0.972,NA,,,,,0.082,,0.9695,1,,,1_1,2_2,N/A,0,0,0,,,,,,,
,6,Y,32,0,0,0,NA,NA,NA,6,8,8,7,x,,0.936,0.913,0.859,,,,,0.066,,0.9026666667,,,,1_3,2_2,3_1,0,0,0,,,,,,,
,6,Y,33,1,0,0,5,NA,NA,4,11,11,11,x,,0.707,0.983,NA,,,,,0.0825,,0.845,,,,1_1,2_2,N/A,0,0,0,,,,,,,
,6,Y,34,0,0,0,NA,NA,NA,9,14,14,0,0,,0.998,0.861,0.872,,,,,0.05866666667,,0.9103333333,,,,1_3,2_2,3_1,0,0,0,,,,,,,
,6,Y,35,0,0,0,NA,NA,NA,0,0,0,x,x,NA,0.897,0.906,0.888,,,,,0.062,,0.897,,,,1_1,2_2,3_3,0,0,0,,,,,,,
,6,Y,36,0,0,0,NA,NA,NA,3,9,9,0,0,,0.749,0.856,0.842,,,,,0.004666666667,,0.8156666667,,,,1_2,2_1,3_3,0,0,0,,,,,,,
,6,Y,37,1,0,0,4,NA,NA,7,12,12,11,x,,0.875,0.926,NA,,,,,0.0145,,0.9005,,,,1_2,2_1,N/A,0,0,0,,,,,,,
,6,Y,38,0,0,0,NA,NA,NA,1,7,7,0,0,,0.857,0.857,0.888,,,,,0.04933333333,,0.8673333333,,,,1_3,2_2,3_1,0,0,0,,,,,,,
,6,Y,39,1,0,0,3,NA,NA,12,10,10,0,0,,,1,NA,,,,,0.14,,1,,,1 picture is missing; ,1_,2_,N/A,1,0,0,1 picture is missing; ,,,,,,
,6,Y,40,0,0,0,NA,NA,NA,2,9,9,0,0,,0.808,0.919,0.977,,,,,0.002,,0.9013333333,,,,1_2,2_1,3_3,0,0,0,,,,,,,
,6,Y,41,0,0,0,NA,NA,NA,9,13,13,10,2,,0.897,0.887,0.934,0.919,0.908,0.945,,0.06366666667,,0.906,1,,,1_3,2_2,3_1,0,0,0,,,,,,,
,6,Y,42,1,0,0,4,NA,NA,2,9,9,0,0,,0.84,0.797,NA,,,,,0.004,,0.8185,,,,1_1,2_2,N/A,0,0,0,,,,,,,
,6,Y,43,0,0,0,NA,NA,NA,1,13,13,0,0,,0.971,0.868,0.917,0.996,0.876,0.925,,0.054,,0.9186666667,,,,1_2,2_3,3_1,0,0,0,,,,,,,
,6,Y,44,0,0,0,NA,NA,NA,4,11,11,0,0,,0.927,0.811,0.938,,,,,0.05133333333,,0.892,,,,1_2,2_3,3_1,0,0,0,,,,,,,
,6,Y,45,0,0,0,NA,NA,NA,0,0,0,x,x,NA,0.971,0.905,0.943,,,,,0.01466666667,,0.9396666667,,,,1_2,2_3,3_1,0,0,0,,,,,,,
,6,Y,46,0,0,0,NA,NA,NA,1,13,13,0,0,,0.774,0.898,0.85,,,,,0.028,,0.8406666667,,,,1_2,2_1,3_3,0,0,0,,,,,,,
,6,Y,47,0,0,0,NA,NA,NA,4,7,7,7,x,,0.916,0.672,0.952,,,,,0.061,,0.8466666667,,,,1_3,2_2,3_1,0,0,0,,,,,,,
,6,Y,48,0,0,0,NA,NA,NA,2,11,11,0,0,,0.915,0.977,0.855,0.952,0.977,0.847,,0.05566666667,,0.9156666667,,,,1_2,2_3,3_1,0,0,0,,,,,,,
,6,Y,49,0,0,0,NA,NA,NA,2,13,13,0,0,,0.881,0.88,0.935,0.905,0.868,0.927,,0.06466666667,,0.8986666667,,,,1_2,2_3,3_1,0,0,0,,,,,,,
,6,Y,50,0,0,0,NA,NA,NA,1,17,17,0,0,,0.888,0.892,0.925,,,,,0.06933333333,,0.9016666667,,,,1_2,2_3,3_1,0,0,0,,,,,,,
,6,Y,51,0,0,0,NA,NA,NA,4,16,16,0,0,,0.856,0.935,0.925,,,,,0.043,,0.9053333333,,,,1_2,2_1,3_3,0,0,0,,,,,,,
,6,Y,52,0,0,0,NA,NA,NA,6,12,12,10,x,,0.917,0.875,0.849,,,,,0.05466666667,,0.8803333333,,,,1_3,2_2,3_1,0,0,0,,,,,,,
,6,Y,53,0,0,0,NA,NA,NA,10,14,14,4,1,,0.941,0.914,0.853,,,,,0.06866666667,,0.9026666667,,,,1_1,2_2,3_3,0,0,0,,,,,,,
,6,Y,54,0,0,0,NA,NA,NA,5,12,12,0,0,,0.805,0.862,0.986,,,,,0.001333333333,,0.8843333333,,,,1_2,2_3,3_1,0,0,0,,,,,,,
,6,Y,55,0,0,0,NA,NA,NA,5,12,12,0,0,,0.935,0.937,0.906,,,,,0.03966666667,,0.926,,,,1_2,2_1,3_3,0,0,0,,,,,,,
,6,Y,56,0,0,0,NA,NA,NA,7,16,16,0,0,,0.947,0.855,0.875,,,,,0.04366666667,,0.8923333333,,,,1_2,2_3,3_1,0,0,0,,1,1,,1,1,
,6,Y,57,0,0,0,NA,NA,NA,3,12,12,0,0,,0.891,0.755,0.913,,,,,0.05733333333,,0.853,,,,1_2,2_3,3_1,0,0,0,,,,,,,
,6,Y,58,1,0,0,3,NA,NA,4,14,14,0,0,,0.962,0.971,NA,,,,,0.091,,0.9665,,,,1_2,2_1,N/A,0,0,0,,,,,,,
,6,Y,59,0,0,0,NA,NA,NA,5,9,9,0,0,,0.853,0.846,0.897,,,,,0.06166666667,,0.8653333333,1,,,1_2,2_3,3_1,0,0,0,,,,,,,
,6,Y,60,0,0,0,NA,NA,NA,4,13,13,0,0,,0.889,0.867,0.827,,,,,0.03866666667,,0.861,,,,1_3,2_2,3_1,0,0,0,,,,,,,
,6,Y,61,0,0,0,NA,NA,NA,3,14,14,0,0,,0.908,0.819,0.843,0.898,0.829,0.856,,0.06933333333,,0.8566666667,1,,,1_2,2_1,3_3,0,0,0,,,,,,,
,6,Y,62,0,0,0,NA,NA,NA,2,20,20,0,0,,0.977,0.906,0.945,,,,,0.03866666667,,0.9426666667,,,,1_2,2_1,3_3,0,0,0,,,,,,,
,6,Y,63,0,0,0,NA,NA,NA,2,10,10,0,0,,1.012,0.81,0.884,,,,,0.01566666667,,0.902,1,,,1_3,2_2,3_1,0,0,0,,,,,,,
,6,Y,64,0,0,0,NA,NA,NA,2,8,8,0,0,,0.847,0.829,0.885,,,,,0.05766666667,,0.8536666667,,,,1_1,2_2,3_3,0,0,0,,,,,,,
,6,Y,65,0,0,0,NA,NA,NA,3,16,16,0,0,,0.811,0.855,0.746,,,,,0.007,,0.804,,,,1_2,2_1,3_3,0,0,0,,,,,,,
,6,Y,66,0,0,0,NA,NA,NA,8,13,12,12,x,,0.825,0.965,0.887,,,,,0.049,,0.8923333333,,,,1_2,2_1,3_3,0,0,0,,,,,,,
,6,Y,67,0,0,0,NA,NA,NA,0,0,0,x,x,NA,0.863,0.887,0.889,,,,,0.059,,0.8796666667,1,,,1_2,2_3,3_1,0,0,0,,,,,,,
,6,Y,68,0,0,0,NA,NA,NA,14,14,14,14,x,,0.901,0.895,0.768,,,,,0.04633333333,,0.8546666667,1,,,1_2,2_3,3_1,0,0,0,,,,,,,
,6,Y,69,1,0,0,4,NA,NA,2,17,17,0,0,,1.011,1.019,NA,,,,,0.0765,,1.015,,,,1_2,2_1,N/A,0,0,0,,,,,,,
,6,Y,70,1,0,0,4,NA,NA,6,11,11,11,x,,,,NA,,,,,#DIV/0!,,#DIV/0!,,,missing data,1_2,2_1,N/A,0,0,0,2 picture is missing; ,,,,,,
,6,Y,71,1,0,0,3,NA,NA,2,13,13,0,0,,0.864,0.967,NA,,,,,0.0465,,0.9155,,,,1_1,2_2,N/A,0,0,0,,,,,,,
,6,Y,72,0,0,0,NA,NA,NA,5,15,15,0,0,,0.881,0.924,0.898,,,,,0.084,,0.901,,,,1_2,2_1,3_3,0,0,0,,,,,,,
,6,Y,73,0,0,0,NA,NA,NA,3,12,12,0,0,,0.859,0.941,0.861,,,,,0.056,,0.887,,,,1_2,2_1,3_3,0,0,0,,,,,,,
,6,Y,74,0,0,0,NA,NA,NA,1,13,13,13,x,,0.995,0.851,0.813,,,,,0.04766666667,,0.8863333333,,,,1_1,2_2,3_3,0,0,0,,,,,,,
,6,Y,75,0,0,0,NA,NA,NA,2,12,12,0,0,,0.863,0.816,0.894,,,,,0.05766666667,,0.8576666667,,,,1_1,2_2,3_3,,,,,,,,,,
,6,G,1,0,0,0,NA,NA,NA,10,13,13,11,2,,0.844,1.036,0.967,,,,,0.03633333333,0.00052,0.949,,,,1_2,2_3,3_1,0,0,0,,,,,,,
,6,G,2,0,0,0,NA,NA,NA,5,11,11,11,x,,0.985,0.932,0.864,,,,,0.038,0.002186666667,0.927,,,,1_3,,,0,1,1,W5_1 + W5_2 are the same picture,,,,,,
,6,G,3,0,0,0,NA,NA,NA,13,11,11,11,x,,0.983,1.008,0.94,0.967,1.025,0.927,,0.02033333333,-0.01548,0.977,,,,1_1,2_3,3_2,0,0,0,,,,,,,
,6,G,4,0,0,0,NA,NA,NA,4,8,8,8,x,,0.974,0.885,0.902,,,,,0.04866666667,0.01285333333,0.9203333333,,,,1_2,2_1,3_3,0,0,0,,,,,,,
,6,G,5,1,0,0,3,NA,NA,7,10,10,3,0,,0.933,0.997,NA,,,,,0.0065,-0.02931333333,0.965,,,still alive (kept),1_2,2_1,N/A,0,9,N/A,,,,,,,
,6,G,6,1,0,0,3,NA,NA,6,16,16,16,x,,0.983,0.925,NA,,,,,0.0275,-0.008313333333,0.954,,,,1_1,2_2,N/A,0,0,N/A,,,,,,,
,6,G,7,1,0,0,6,NA,NA,3,21,21,0,0,,0.926,1,NA,,,,,0.04933333333,0.01352,0.963,,,,1_3,2_2,N/A,0,0,N/A,,,,,,,
,6,G,8,0,0,0,NA,NA,NA,6,11,11,6,5,,0.915,0.939,0.778,,,,,0.033,-0.002813333333,0.8773333333,,,,1_1,2_2,3_3,0,0,0,,,,,,,
,6,G,9,1,1,0,6,6,NA,1,15,15,0,0,,0.997,NA,NA,,,,,0.096,0.06018666667,0.997,1,,,1_2,N/A,N/A,0,N/A,N/A,,,,,,,
,6,G,10,0,0,0,NA,NA,NA,4,11,11,11,x,,0.88,0.857,0.906,,,,,0.01333333333,-0.02248,0.881,,,,1_1,2_3,3_2,0,0,0,,,,,,,
,6,G,11,0,0,0,NA,NA,NA,2,15,15,0,0,,0.892,0.961,0.857,0.913,0.973,0.850,,0.015,-0.02081333333,0.9033333333,2,,,1_2,2_1,3_3,0,0,0,,,,,,,
,6,G,12,1,0,0,4,NA,NA,3,12,12,11,x,,1.008,0.771,NA,,,,,0.0435,0.007686666667,0.8895,,,,1_1,2_2,N/A,0,0,N/A,,,,,,,
,6,G,13,0,0,0,NA,NA,NA,1,0,0,x,x,NA,0.927,0.868,1.01,,,,,0.021,-0.01481333333,0.935,,,,1_1,2_2,3_3,0,0,0,,,,,,,
,6,G,14,0,0,0,NA,NA,NA,3,7,7,0,0,,0.947,0.989,0.934,0.952,1.006,0.945,,0.01833333333,-0.01748,0.9566666667,1,,death,1_1,2_3,3_2,0,0,0,,,,,,,
,6,G,15,0,0,0,NA,NA,NA,4,18,18,10,7,,0.874,0.904,0.961,0.893,0.901,0.965,,0.02766666667,-0.008146666667,0.913,,,30,1_3,2_1,3_2,0,0,0,,,,,,,
,6,G,16,1,0,0,2,NA,NA,1,3,3,3,x,,0.921,0.911,NA,0.935,0.889,,,0.0335,-0.002313333333,0.916,,,,1_1,2_2,N/A,0,0,N/A,,,,,,,
,6,G,17,0,0,0,NA,NA,NA,1,12,12,0,0,,0.858,0.865,0.81,,,,,0.01733333333,-0.01848,0.8443333333,1,,,1_3,2_2,3_1,0,0,0,,,,,,,
,6,G,18,1,0,0,4,NA,NA,2,13,13,0,0,,0.901,0.931,NA,,,,,0.0535,0.01768666667,0.916,,,,1_2,2_1,N/A,0,0,N/A,,,,,,,
,6,G,19,0,0,0,NA,NA,NA,7,10,10,0,0,,0.832,0.944,0.938,,,,,0.02866666667,-0.007146666667,0.9046666667,,,W6-G group length avg:,1_1,2_2,3_3,0,0,0,,,,,,,
,6,G,20,0,0,0,NA,NA,NA,9,12,11,11,x,,0.94,0.976,0.944,0.945,0.987,0.942,,0.03366666667,-0.002146666667,0.9533333333,,,0.9204377778,1_3,2_2,3_1,0,0,0,,1,1,,1,1,
,6,G,21,1,0,0,4,NA,NA,5,5,5,8,x,,0.918,0.846,NA,,,,,0.038,0.002186666667,0.882,,,,1_2,2_1,N/A,0,0,N/A,,,,,,,
,6,G,22,0,0,0,NA,NA,NA,6,14,14,14,x,,0.88,0.953,0.873,,,,,0.033,-0.002813333333,0.902,,,,1_2,2_1,3_3,0,0,0,,,,,,,
,6,G,23,0,0,0,NA,NA,NA,9,13,13,0,0,,1.012,0.775,0.842,,,,,0.003,-0.03281333333,0.8763333333,,,W6-W5 -G growth avg:,1_3,2_2,3_1,0,0,0,,,,,,,
,6,G,24,0,0,0,NA,NA,NA,3,4,4,4,x,,0.903,0.918,0.95,,,,,0.002666666667,-0.03314666667,0.9236666667,,,0.03581333333,1_1,2_2,3_3,0,0,0,,,,,,,
,6,G,25,1,1,0,2,3,NA,5,20,20,0,0,,1.074,NA,NA,,,,,0.106,0.07018666667,1.074,,,,1_1,N/A,N/A,0,N/A,N/A,,,,,,,
,6,G,26,1,0,0,3,NA,NA,4,6,6,6,x,,0.927,0.771,NA,,,,,0.014,-0.02181333333,0.849,,,,1_2,2_1,N/A,0,0,N/A,,,,,,,
,6,G,27,1,1,0,6,6,NA,3,13,13,8,1,,0.955,NA,NA,0.951,,,,0.082,0.04618666667,0.955,,,,1_2,N/A,N/A,0,N/A,N/A,,,,,,,
,6,G,28,0,0,0,NA,NA,NA,13,18,18,0,7,,0.956,0.89,0.941,,,,,0.004666666667,-0.03114666667,0.929,,,,1_1,2_2,3_3,0,0,0,,,,,,,
,6,G,29,0,0,0,NA,NA,NA,2,11,11,0,0,,0.904,1.008,0.907,,,,,0.052,0.01618666667,0.9396666667,,,,1_3,2_1,3_2,0,0,0,,,,,,,
,6,G,30,0,0,0,NA,NA,NA,8,7,4,4,x,,0.835,0.983,0.866,,,,,0.01633333333,-0.01948,0.8946666667,,,,1_3,2_2,3_1,0,0,0,,,,,,,
,6,G,31,0,0,0,NA,NA,NA,3,11,11,0,1,,0.838,0.888,0.763,,,,,0.038,0.002186666667,0.8296666667,,,,1_3,2_1,3_2,0,0,0,,,,,,,
,6,G,32,0,0,0,NA,NA,NA,6,10,10,0,0,,0.936,0.884,1.025,,,,,0.06566666667,0.02985333333,0.9483333333,1,,,1_1,2_3,3_2,0,0,0,,,,,,,
,6,G,33,1,0,0,3,NA,NA,5,15,15,0,0,,0.91,0.958,NA,,,,,0.015,-0.02081333333,0.934,,,,1_1,2_2,N/A,0,0,N/A,,,,,,,
,6,G,34,0,0,0,NA,NA,NA,9,12,12,12,x,,0.971,0.903,0.927,,,,,0.008,-0.02781333333,0.9336666667,,,,1_2,2_1,3_3,0,0,0,,,,,,,
,6,G,35,0,0,0,NA,NA,NA,3,10,10,6,4,,0.93,0.891,0.936,,,,,0.0003333333333,-0.03548,0.919,,,,1_2,2_3,3_1,0,0,0,,,,,,,
,6,G,36,0,0,0,NA,NA,NA,1,6,6,0,0,,0.949,0.788,0.838,,,,,0.02833333333,-0.00748,0.8583333333,,,,1_1,2_2,3_3,0,0,0,,,,,,,
,6,G,37,0,0,0,NA,NA,NA,3,11,11,9,x,,0.966,0.868,0.916,,,,,0.024,-0.01181333333,0.9166666667,,,,1_2,2_3,3_1,0,0,0,,,,,,,
,6,G,38,1,0,0,4,NA,NA,3,15,15,14,x,,0.886,0.991,NA,,,,,0.032,-0.003813333333,0.9385,1,,,1_2,2_1,N/A,0,0,N/A,,,,,,,
,6,G,39,0,0,0,NA,NA,NA,0,0,0,x,x,NA,0.904,0.814,0.849,0.911,0.854,0.840,,0.013,-0.02281333333,0.8556666667,,,,1_1,2_2,3_3,0,0,0,,,,,,,
,6,G,40,0,0,0,NA,NA,NA,9,4,4,4,x,,0.902,0.877,0.952,,,,,0.03333333333,-0.00248,0.9103333333,1,,,1_1,2_3,3_2,0,0,0,,,,,,,
,6,G,41,0,0,0,NA,NA,NA,0,0,0,x,x,NA,0.83,0.932,0.889,,,,,0.042,0.006186666667,0.8836666667,,,,1_1,2_2,3_3,0,0,0,,,,,,,
,6,G,42,1,0,0,3,NA,NA,8,17,17,0,0,,0.91,0.999,NA,,,,,0.017,-0.01881333333,0.9545,,,,1_1,2_2,N/A,0,0,N/A,,,,,,,
,6,G,43,0,0,0,NA,NA,NA,0,0,0,x,x,NA,0.941,0.99,0.933,,,,,0.04033333333,0.00452,0.9546666667,,,,1_3,2_1,3_2,0,0,0,,,,,,,
,6,G,44,0,0,0,NA,NA,NA,2,15,15,15,x,,0.887,0.842,0.851,,,,,0.022,-0.01381333333,0.86,,,all twins,1_3,2_1,3_2,0,0,0,,,,,,,
,6,G,45,0,0,0,NA,NA,NA,3,8,8,0,0,,0.979,0.895,0.924,,,,,0.051,0.01518666667,0.9326666667,,,,1_2,2_3,3_1,0,0,0,,,,,,,
,6,G,46,0,0,0,NA,NA,NA,3,9,9,1,1,,0.864,0.922,0.782,,,,,0.04366666667,0.007853333333,0.856,,,,1_1,2_2,3_3,0,0,0,,,,,,,
,6,G,47,1,0,0,3,NA,NA,9,18,18,8,0,,0.998,0.887,NA,,,,,0.045,0.009186666667,0.9425,,,,1_2,2_1,N/A,0,0,N/A,,,,,,,
,6,G,48,1,0,0,4,NA,NA,4,18,18,0,0,,0.868,0.983,NA,,,,,0.023,-0.01281333333,0.9255,,,,1_1,2_2,N/A,0,0,N/A,,,,,,,
,6,G,49,1,0,0,4,NA,NA,2,9,9,0,0,,0.895,0.97,NA,,,,,0.0525,0.01668666667,0.9325,,,,1_2,2_1,N/A,0,0,N/A,,,,,,,
,6,G,50,0,0,0,NA,NA,NA,20,9,4,4,x,,1.011,0.979,0.937,,,,,0.1143333333,0.07852,0.9756666667,,,,1_3,2_1,3_2,0,0,0,,1,1,,1,1,
,6,G,51,0,0,0,NA,NA,NA,6,14,14,0,0,,0.953,0.976,0.952,,,,,0.022,-0.01381333333,0.9603333333,,,,1_2,2_1,3_3,0,0,0,,,,,,,
,6,G,52,1,1,0,2,3,NA,8,12,10,10,x,,0.905,NA,NA,,,,,0.044,0.008186666667,0.905,,,,1_1,N/A,N/A,0,N/A,N/A,,,,,,,
,6,G,53,1,0,0,3,NA,NA,5,6,6,0,0,,0.923,0.955,NA,,,,,0.0145,-0.02131333333,0.939,1,,,1_1,2_2,N/A,0,0,N/A,,,,,,,
,6,G,54,0,0,0,NA,NA,NA,6,12,12,1,1,,0.788,0.925,0.718,0.781,0.946,0.710,,0.045,0.009186666667,0.8103333333,,,,1_3,2_1,3_2,0,0,0,,,,,,,
,6,G,55,0,0,0,NA,NA,NA,2,10,10,0,0,,0.867,0.998,1.023,0.875,1.002,1.025,,0.063,0.02718666667,0.9626666667,1,,,1_3,2_1,3_2,0,0,0,,,,,,,
,6,G,56,1,0,0,3,NA,NA,1,16,16,0,0,,1.032,0.976,NA,,,,,0.09,0.05418666667,1.004,,,,1_2,2_1,N/A,0,0,N/A,,,,,,,
,6,G,57,0,0,0,NA,NA,NA,3,10,10,0,0,,0.944,1.022,0.921,,,,,0.02733333333,-0.00848,0.9623333333,,,,1_3,2_1,3_2,0,0,0,,,,,,,
,6,G,58,0,0,0,NA,NA,NA,2,10,10,9,x,,0.713,0.879,0.963,,,,,0.021,-0.01481333333,0.8516666667,,,,1_3,2_1,3_2,0,0,0,,,,,,,
,6,G,59,1,0,0,3,NA,NA,6,12,12,0,6,,0.919,0.98,NA,,,,,0.0165,-0.01931333333,0.9495,,,,1_1,2_2,N/A,0,0,N/A,,,,,,,
,6,G,60,0,0,0,NA,NA,NA,6,15,15,10,4,,0.871,0.89,0.837,,,,,0.07266666667,0.03685333333,0.866,,,,1_2,2_1,3_3,0,0,0,,,,,,,
,6,G,61,0,0,0,NA,NA,NA,3,8,8,8,x,,0.962,0.959,0.926,,,,,0.04133333333,0.00552,0.949,,,,1_3,2_1,3_2,0,0,0,,,,,,,
,6,G,62,0,0,0,NA,NA,NA,4,9,9,0,0,,0.923,0.913,0.799,,,,,0.056,0.02018666667,0.8783333333,,,,1_3,2_1,3_2,0,0,0,,,,,,,
,6,G,63,0,0,0,NA,NA,NA,13,11,11,11,x,,0.968,0.782,0.876,,,,,0.049,0.01318666667,0.8753333333,2,,,1_3,2_1,3_2,0,0,0,,,,,,,
,6,G,64,1,0,0,4,NA,NA,3,9,9,0,0,,0.994,0.858,NA,,,,,0.0575,0.02168666667,0.926,,,,1_1,2_2,N/A,0,0,N/A,,,,,,,
,6,G,65,1,0,0,4,NA,NA,7,9,8,8,x,,0.906,0.993,NA,,,,,0.0345,-0.001313333333,0.9495,,,,1_2,2_1,N/A,0,0,N/A,,,,,,,
,6,G,66,0,0,0,NA,NA,NA,3,13,13,0,0,,0.902,0.974,0.991,,,,,0.07166666667,0.03585333333,0.9556666667,1,,,1_2,2_1,3_3,0,0,0,,,,,,,
,6,G,67,1,0,0,4,NA,NA,2,7,6,0,0,,0.997,0.882,NA,,,,,0.033,-0.002813333333,0.9395,,,,1_2,2_1,N/A,0,0,N/A,,,,,,,
,6,G,68,0,0,0,NA,NA,NA,12,14,14,0,0,,0.91,0.927,0.957,,,,,0.038,0.002186666667,0.9313333333,,,,1_3,2_1,3_2,0,0,0,,,,,,,
,6,G,69,1,0,0,3,NA,NA,1,0,0,x,x,NA,1.003,0.952,NA,,,,,0.0565,0.02068666667,0.9775,,,,1_2,2_1,N/A,0,0,N/A,,,,,,,
,6,G,70,0,0,0,NA,NA,NA,3,15,15,0,0,,0.903,0.936,0.921,,,,,0.012,-0.02381333333,0.92,,,,1_3,2_2,3_1,0,0,0,,,,,,,
,6,G,71,0,0,0,NA,NA,NA,0,0,0,x,x,NA,0.941,0.879,0.93,,,,,0.019,-0.01681333333,0.9166666667,,,,1_2,2_1,3_3,0,0,0,,,,,,,
,6,G,72,1,0,0,3,NA,NA,7,9,9,0,0,,0.928,0.863,NA,,,,,0.0115,-0.02431333333,0.8955,,,,1_1,2_2,N/A,0,0,N/A,,,,,,,
,6,G,73,0,0,0,NA,NA,NA,2,13,13,0,0,,0.766,0.859,0.829,,,,,0.003,-0.03281333333,0.818,,,,1_1,2_2,3_3,0,0,0,,,,,,,
,6,G,74,0,0,0,NA,NA,NA,7,11,11,0,0,,0.939,0.856,0.968,,,,,0.05766666667,0.02185333333,0.921,,,,1_1,2_2,3_3,0,0,0,,,,,,,
,6,G,75,0,0,0,NA,NA,NA,2,13,13,0,0,,0.956,0.949,0.912,,,,,0.008,-0.02781333333,0.939,,,,1_3,2_1,3_2,0,0,0,,,,,,,
,7,O,2,0,0,0,NA,NA,NA,5,13,13,0,0,,0.968,1.081,1.052,,,,,0.03533333333,0.01797592593,1.033666667,,,,1_1,2_2,3_3,0,0,0,,,,,,,
,7,O,4,0,0,0,NA,NA,NA,4,17,17,0,0,,0.907,0.994,0.986,0.9,0.976,0.975,,0.008666666667,-0.008690740741,0.9623333333,,,w7 o avg length,1_1,2_2,3_3,0,0,0,,,,,,,
,7,O,5,0,0,0,NA,NA,NA,12,14,14,0,0,,0.941,0.941,0.969,0.92,0.927,0.981,,0.05766666667,0.04030925926,0.9503333333,,,0.9688296296,1_3,2_2,3_1,0,0,0,,,,,,,
,7,O,6,1,0,0,4,NA,NA,10,13,13,0,0,,1.006,1.001,NA,1.088,0.99,,,0.0045,-0.01285740741,1.0035,,,,1_1,2_2,NA,0,0,NA,,,,,,,
,7,O,7,0,0,0,NA,NA,NA,12,12,12,0,0,,1.005,0.92,1.022,,,,,0.02166666667,0.004309259259,0.9823333333,,,w7 o avg growth,1_3,2_1,3_2,0,0,0,,,,,,,
,7,O,11,0,0,0,NA,NA,NA,10,14,13,8,1,,0.965,0.992,0.973,0.95,1,0.983,,0.006666666667,-0.01069074074,0.9766666667,,,0.01735740741,1_1,2_3,3_2,0,0,0,,,,,,,
,7,O,12,0,0,0,NA,NA,NA,3,11,11,0,0,,0.93,0.91,0.859,0.909,0.911,0.853,,0.022,0.004642592593,0.8996666667,,,,1_3,2_1,3_2,0,0,0,,,,,,,
,7,O,15,0,0,0,NA,NA,NA,12,25,25,0,0,,0.974,1.0148,0.992,0.953,1.024,0.970,,0.02793333333,0.01057592593,0.9936,,,,1_2,2_1,3_3,0,0,0,,,,,,,
,7,O,16,1,0,0,2,NA,NA,7,15,15,0,0,,0.955,0.84,NA,0.936,0.834,,,-0.0445,-0.06185740741,0.8975,,,,1_2,2_1,NA,0,0,NA,,,,,,,
,7,O,17,1,0,0,5,NA,NA,3,2,2,0,0,,1.026,0.988,NA,,,,,-0.034,-0.05135740741,1.007,,,,1_2,2_1,NA,0,0,NA,,,,,,,
,7,O,18,1,0,0,2,NA,NA,2,12,12,0,0,,0.906,1.009,NA,,,,,0.027,0.009642592593,0.9575,,,,1_1,2_2,NA,0,0,NA,,,,,,,
,7,O,22,1,0,0,6,NA,NA,9,18,18,0,0,,0.958,0.978,NA,,,,,-0.011,-0.02835740741,0.968,,,,1_2,2_1,NA,0,0,NA,,,,,,,
,7,O,23,0,0,0,NA,NA,NA,2,10,10,1,2,,0.971,0.879,0.94,0.955,0.888,0.932,,0.04466666667,0.02730925926,0.93,,,,1_2,2_1,3_3,0,0,0,,,,,,,
,7,O,24,1,0,0,6,NA,NA,3,19,19,0,0,,0.879,1.085,NA,,,,,0.022,0.004642592593,0.982,,,,1_2,2_1,NA,0,0,NA,,,,,,,
,7,O,29,0,0,0,NA,NA,NA,6,14,14,4,1,,0.911,1.063,0.888,,,,,0.082,0.06464259259,0.954,,,,,,3_1,1,1,0,missing2 photo in week 6,,,,,,
,7,O,34,1,0,0,7,NA,NA,4,12,11,0,0,,0.925,0.972,NA,0.949,0.916,,,0.01883333333,0.001475925926,0.9485,,,,1_1,2_2,NA,0,0,NA,,,,,,,
,7,O,36,0,0,0,NA,NA,NA,6,12,11,10,0,,0.966,1.009,0.968,,,,,0.02266666667,0.005309259259,0.981,,,,1_3,2_1,3_2,0,0,0,,1,1,,1,1,
,7,O,60,0,0,0,NA,NA,NA,7,15,15,0,5,,0.945,1.039,1.05,0.94,1.026,1.039,,0.0003333333333,-0.01702407407,1.011333333,,,,1_1,2_3,3_2,0,0,0,,,,,,,
,7,W,18,0,0,0,NA,NA,NA,16,12,12,3,0,,0.943,0.914,0.898,0.929,0.91,0.900,,0.049,0.01727777778,0.9183333333,,,,,2_1,,1,0,1,can't figure out 1 3,,1,1,,1,1
,7,W,19,0,0,0,NA,NA,NA,6,10,10,0,0,,0.992,0.921,0.904,,,,,0.0025,-0.02922222222,0.939,,,,1_2,2_3,3_1,0,0,0,,,1,1,,1,1
,7,W,29,0,0,0,NA,NA,NA,15,16,16,15,1,,0.974,0.977,0.995,,,,,0.043,0.01127777778,0.982,,,snail_growth_average,1_1,2_2,3_3,0,0,0,,,,,,,
,7,W,30,0,0,0,NA,NA,NA,10,14,14,0,0,,0.953,0.909,0.911,,,,,0.04166666667,0.009944444444,0.9243333333,,,0.03172222222,1_1,2_3,3_2,0,0,0,,,,,,,
,7,W,34,0,0,0,NA,NA,NA,2,7,7,0,0,,0.862,0.913,0.843,,,,,0.04333333333,0.01161111111,0.8726666667,,,,1_2,2_3,3_1,0,0,0,,,,,,,
,7,W,37,0,0,0,NA,NA,NA,13,11,11,2,0,,0.982,0.994,0.952,0.989,0.98,0.936,,0.03166666667,-0.00005555555556,0.976,,,,1_2,2_1,3_3,0,0,0,,,,,,,
,7,W,38,0,0,0,NA,NA,NA,6,11,11,1,0,,0.999,0.91,0.973,1,0.926,0.973,,0.03133333333,-0.0003888888889,0.9606666667,,,,1_1,2_2,3_3,0,0,0,,,,,,,
,7,W,46,1,0,0,6,NA,NA,9,15,15,14,0,,0.896,0.933,,,,,,-0.0145,-0.04622222222,0.9145,,,,1_1,2_2,NA,0,0,NA,,,,,,,
,7,W,49,0,0,0,NA,NA,NA,6,15,15,8,0,,0.873,0.944,1.082,0.868,0.921,1.073,,0.03966666667,0.007944444444,0.9663333333,,,,1_3,2_1,3_2,0,0,0,,,,,,,
,7,W,51,1,1,0,6,6,NA,10,14,8,2,0,,0.974,,,0.973,,,,0.017,-0.01472222222,0.974,,,,1_1,NA,NA,0,NA,NA,,,,,,,
,7,W,54,1,0,0,5,NA,NA,9,13,13,0,0,,1.03,1.003,,,,,,0.0625,0.03077777778,1.0165,,,,1_2,2_1,NA,0,0,NA,,,,,,,
,7,W,55,1,0,0,6,NA,NA,9,5,5,3,x,,0.888,0.911,,0.879,0.932,,,0.0385,0.006777777778,0.8995,,,,1_1,2_2,NA,0,0,NA,,,,,,,
,7,W,56,1,0,0,6,NA,NA,13,8,8,5,x,,0.982,0.973,,0.986,0.977,,,0.031,-0.0007222222222,0.9775,,,,1_1,2_2,NA,0,0,NA,,,,,,,
,7,W,62,0,0,0,NA,NA,NA,11,13,13,11,x,,0.822,0.977,0.924,0.812,0.987,0.924,,0.004333333333,-0.02738888889,0.9076666667,,,,1_2,2_3,3_1,0,0,0,,,,,,,
,7,W,65,0,0,0,NA,NA,NA,7,10,10,0,0,,0.88,1.008,1.018,,,,,0.02266666667,-0.009055555556,0.9686666667,,,,1_1,2_2,3_3,0,0,0,,,,,,,
,7,W,66,0,0,0,NA,NA,NA,14,12,12,12,x,,0.894,0.918,0.836,0.896,0.905,0.826,,0.039,0.007277777778,0.8826666667,,,,1_2,2_1,3_3,0,0,0,,,,,,,
,7,W,70,1,0,0,6,NA,NA,15,12,12,11,x,,0.963,0.936,,0.953,0.914,,,0.044,0.01227777778,0.9495,,,,1_2,2_1,NA,0,0,NA,,,,,,,
,7,W,74,0,0,0,NA,NA,NA,14,13,13,0,2,,0.951,0.885,0.927,,,,,0.04433333333,0.01261111111,0.921,,,,1_2,2_3,3_1,0,0,0,,,,,,,
,7,Y,1,0,0,0,NA,NA,NA,3,10,10,6,0,,0.973,0.935,0.803,,,,,0.022,,0.9036666667,,,,1_3,2_2,3_1,0,0,0,,,,,,,
,7,Y,2,0,0,0,NA,NA,NA,3,16,16,0,0,,0.816,0.897,0.882,,,,,0.018,,0.865,,,count dead:,1_2,2_3,3_1,0,0,0,,,,,,,
,7,Y,3,0,0,0,NA,NA,NA,6,11,11,0,0,,0.958,0.867,0.854,,,,,0.03766666667,,0.893,1,,20,1_3,2_2,3_1,0,0,0,,,,,,,
,7,Y,4,0,0,0,NA,NA,NA,8,13,13,1,0,,0.943,0.953,0.9,,,,,0.02833333333,,0.932,,,,1_3,2_2,3_1,0,0,0,,,,,,,
,7,Y,5,0,0,0,NA,NA,NA,6,14,14,5,0,,0.913,0.883,0.933,,,,,0.05566666667,,0.9096666667,,,,1_3,2_2,3_1,0,0,0,,,,,,,
,7,Y,6,0,0,0,NA,NA,NA,7,12,12,12,x,,0.863,0.822,0.884,,,,,0.006,,0.8563333333,,,,1_2,2_3,3_1,0,0,0,,,,,,,
,7,Y,7,0,0,0,NA,NA,NA,7,5,5,0,0,,0.846,0.961,1.011,,,,,0.03466666667,,0.9393333333,,,,1_2,2_3,3_1,0,0,0,,,,,,,
,7,Y,8,0,0,0,NA,NA,NA,6,12,12,11,x,,0.891,1.052,0.894,,,,,0.006,,0.9456666667,2,,,1_3,2_2,3_1,0,0,0,,,,,,,
,7,Y,9,1,0,0,4,NA,NA,2,12,12,0,0,,0.801,0.889,NA,0.8,0.898,,,0.0315,,0.845,,,,1_2,2_1,N/A,0,0,0,,,,,,,
,7,Y,10,1,0,0,7,NA,NA,4,11,11,0,0,,1.035,0.769,NA,,,,,0.024,,0.902,,,,1_1,2_2,N/A,0,0,0,,,,,,,
,7,Y,11,1,0,0,2,NA,NA,12,16,16,16,x,,0.967,0.905,NA,,,,,0.002,,0.936,,,,1_2,2_1,N/A,0,0,0,,,,,,,
,7,Y,12,1,0,0,5,NA,NA,5,10,10,0,0,,0.908,0.956,NA,,,,,0.031,,0.932,,,,1_1,2_2,N/A,0,0,0,,,,,,,
,7,Y,13,0,0,0,NA,NA,NA,5,10,10,0,0,,0.987,0.87,0.958,,,,,0.022,,0.9383333333,,,,1_2,2_3,3_1,0,0,0,,,,,,,
,7,Y,14,0,0,0,NA,NA,NA,5,9,9,2,4,,0.851,0.934,0.842,0.844,0.928,0.833,,0.01866666667,,0.8756666667,,,,1_3,2_2,3_1,0,0,0,,,,,,,
,7,Y,15,0,0,0,NA,NA,NA,3,10,10,0,0,,0.898,0.834,0.875,,,,,0.02466666667,,0.869,,,,1_3,2_2,3_1,0,0,0,,,,,,,
,7,Y,16,0,0,0,NA,NA,NA,4,11,11,0,0,,0.946,0.951,0.954,,,,,0.03233333333,,0.9503333333,,,,1_2,2_1,3_3,0,0,0,,,,,,,
,7,Y,17,0,0,0,NA,NA,NA,0,0,0,x,x,NA,0.772,0.888,0.897,0.762,0.869,0.905,,0.054,,0.8523333333,,,,1_2,2_3,3_1,0,0,0,,,,,,,
,7,Y,18,0,0,0,NA,NA,NA,4,12,12,0,0,,0.932,1.014,0.86,,,,,0.06466666667,,0.9353333333,,,,1_3,2_2,3_1,0,0,0,,,,,,,
,7,Y,19,1,0,0,7,NA,NA,4,10,10,0,0,,0.916,0.953,NA,,,,,0.04316666667,,0.9345,,,,1_1,2_2,N/A,0,0,0,,,,,,,
,7,Y,20,1,0,0,4,NA,NA,8,12,12,0,5,,0.911,0.901,NA,,,,,0.024,,0.906,1,,,1_2,2_1,N/A,0,0,0,,,,,,,
,7,Y,21,0,0,0,NA,NA,NA,5,9,9,4,3,,0.954,0.864,0.945,,,,,0.07766666667,,0.921,,,,1_1,2_3,3_2,0,0,0,,,,,,,
,7,Y,22,0,0,0,NA,NA,NA,5,8,8,0,0,,0.967,0.964,0.87,,,,,0.049,,0.9336666667,,,,1_2,2_3,3_1,0,0,0,,,,,,,
,7,Y,23,0,0,0,NA,NA,NA,5,13,13,0,0,,0.964,0.947,0.956,,,,,0.01366666667,,0.9556666667,,,,1_3,2_2,3_1,0,0,0,,,,,,,
,7,Y,24,0,0,0,NA,NA,NA,8,10,10,0,0,,1.028,0.954,0.849,,,,,0.03466666667,,0.9436666667,1,,,1_1,2_3,3_2,0,0,0,,,,,,,
,7,Y,25,0,0,0,NA,NA,NA,4,8,8,0,0,,0.954,0.868,0.936,,,,,0.03166666667,,0.9193333333,2,,,1_1,2_2,3_3,0,0,0,,,,,,,
,7,Y,26,1,0,0,4,NA,NA,11,8,8,0,0,,0.923,0.983,NA,,,,,0.0315,,0.953,1,,,1_1,2_2,N/A,0,0,0,,,,,,,
,7,Y,27,0,0,0,NA,NA,NA,4,17,17,11,x,,0.998,0.943,0.896,,,,,0.005666666667,,0.9456666667,,,,1_1,2_3,3_2,0,0,0,,,,,,,
,7,Y,28,0,0,0,NA,NA,NA,3,8,8,0,0,,0.923,0.892,0.881,,,,,0.03,,0.8986666667,,,,1_2,2_3,3_1,0,0,0,,,,,,,
,7,Y,29,1,0,0,3,NA,NA,9,16,16,0,0,,0.997,0.914,NA,,,,,0.05483333333,,0.9555,,,,1_2,2_1,N/A,0,0,0,,1,1,,1,1,
,7,Y,30,0,0,0,NA,NA,NA,4,9,9,0,0,,0.899,0.913,0.897,0.89,0.9,0.900,,0.04233333333,,0.903,,,,1_1,2_3,3_2,0,0,0,,,,,,,
,7,Y,31,1,0,0,4,NA,NA,3,4,4,0,0,,0.972,1.002,NA,,,,,0.0175,,0.987,2,,,1_2,2_1,N/A,0,0,0,,,,,,,
,7,Y,32,0,0,0,NA,NA,NA,7,8,8,0,0,,0.98,0.899,0.982,,,,,0.051,,0.9536666667,,,,1_2,2_1,3_3,0,0,0,,,,,,,
,7,Y,33,1,0,0,5,NA,NA,7,8,8,1,5,,0.74,1.001,NA,,,,,0.0255,,0.8705,,,,1_1,2_2,N/A,0,0,0,,,,,,,
,7,Y,34,0,0,0,NA,NA,NA,7,8,8,1,1,,0.885,0.992,0.874,0.879,0.976,0.868,,0.006666666667,,0.917,,,,1_2,2_3,3_1,0,0,0,,,,,,,
,7,Y,35,0,0,0,NA,NA,NA,7,14,14,1,0,,0.884,0.896,0.923,,,,,0.004,,0.901,,,,1_3,2_2,3_1,0,0,0,,,,,,,
,7,Y,36,0,0,0,NA,NA,NA,8,5,5,0,0,,0.771,0.948,0.899,,,,,0.057,,0.8726666667,,,,1_2,2_3,3_1,0,0,0,,,,,,,
,7,Y,37,1,0,0,4,NA,NA,8,10,10,0,0,,0.985,0.901,NA,,,,,0.0425,,0.943,,,,1_1,2_2,N/A,0,0,0,,,,,,,
,7,Y,38,0,0,0,NA,NA,NA,2,0,0,x,x,,0.889,0.929,0.946,,,,,0.054,,0.9213333333,,,,1_1,2_3,3_2,0,0,0,,,,,,,
,7,Y,39,1,0,0,3,NA,NA,6,7,7,0,0,,1.058,0.857,NA,,,,,-0.0425,,0.9575,,,,1_2,2_1,N/A,0,0,0,,,,,,,
,7,Y,40,0,0,0,NA,NA,NA,3,11,11,0,0,,0.982,1.011,0.836,,,,,0.04166666667,,0.943,,,,1_2,2_3,3_1,0,0,0,,,,,,,
,7,Y,41,0,0,0,NA,NA,NA,5,21,21,1,0,,0.943,0.952,0.894,,,,,0.02366666667,,0.9296666667,,,,1_1,2_3,3_2,0,0,0,,,,,,,
,7,Y,42,1,0,0,4,NA,NA,6,15,15,15,x,,0.86,0.852,NA,,,,,0.0375,,0.856,,,,1_1,2_2,N/A,0,0,0,,,,,,,
,7,Y,43,0,0,0,NA,NA,NA,7,6,6,1,0,,0.922,1.049,0.938,,,,,0.051,,0.9696666667,,,,1_1,2_3,3_2,0,0,0,,,,,,,
,7,Y,44,0,0,0,NA,NA,NA,8,12,12,3,3,,0.955,0.829,0.92,,,,,0.009333333333,,0.9013333333,1,,,1_3,2_2,3_1,0,0,0,,,,,,,
,7,Y,45,0,0,0,NA,NA,NA,3,4,2,2,x,,0.996,0.924,0.936,,,,,0.01233333333,,0.952,,,,1_1,2_3,3_2,0,0,0,,,,,,,
,7,Y,46,0,0,0,NA,NA,NA,7,10,10,0,0,,0.834,0.907,0.897,,,,,0.03866666667,,0.8793333333,,,,1_3,2_2,3_1,0,0,0,,,,,,,
,7,Y,47,0,0,0,NA,NA,NA,4,13,13,10,x,,0.712,0.977,0.957,,,,,0.03533333333,,0.882,,,,1_1,2_3,3_2,0,0,0,,,,,,,
,7,Y,48,0,0,0,NA,NA,NA,8,7,7,0,0,,0.918,0.987,0.869,,,,,0.009,,0.9246666667,,,,1_2,2_3,3_1,0,0,0,,,,,,,
,7,Y,49,0,0,0,NA,NA,NA,2,1,1,0,0,,0.884,0.941,0.916,0.888,0.921,0.899,,0.015,,0.9136666667,,,,1_2,2_3,3_1,0,0,0,,,,,,,
,7,Y,50,0,0,0,NA,NA,NA,3,11,11,0,0,,0.942,0.892,0.887,,,,,0.005333333333,,0.907,,,,1_2,2_3,3_1,0,0,0,,,,,,,
,7,Y,51,0,0,0,NA,NA,NA,12,13,13,0,1,,0.947,0.941,0.958,,,,,0.04333333333,,0.9486666667,,,,1_1,2_3,3_2,0,0,0,,,,,,,
,7,Y,52,0,0,0,NA,NA,NA,7,13,13,0,0,,0.89,0.952,0.909,,,,,0.03666666667,,0.917,,,,1_3,2_2,3_1,0,0,0,,,,,,,
,7,Y,53,0,0,0,NA,NA,NA,13,10,10,0,0,,0.948,0.895,0.975,,,,,0.03666666667,,0.9393333333,,,,1_2,2_1,3_3,0,0,0,,,,,,,
,7,Y,54,0,0,0,NA,NA,NA,6,11,11,0,0,,0.844,0.933,1.046,0.835,0.927,1.040,,0.05666666667,,0.941,,,,1_2,2_1,3_3,0,0,0,,,,,,,
,7,Y,55,0,0,0,NA,NA,NA,5,10,10,0,0,,0.985,0.95,0.971,0.964,0.938,0.962,,0.04266666667,,0.9686666667,,,,1_2,2_3,3_1,0,0,0,,,,,,,
,7,Y,56,0,0,0,NA,NA,NA,4,18,18,0,0,,0.858,0.919,0.99,,,,,0.03,,0.9223333333,,,,1_1,2_3,3_2,0,0,0,,,,,,,
,7,Y,57,0,0,0,NA,NA,NA,5,10,10,0,0,,0.968,0.782,0.899,,,,,0.03,,0.883,,,,1_2,2_1,3_3,0,0,0,,,,,,,
,7,Y,58,1,0,0,3,NA,NA,7,10,10,0,0,,0.975,0.995,NA,0.976,0.991,,,0.0185,,0.985,1,,,1_1,2_2,N/A,0,0,0,,,,,,,
,7,Y,59,0,0,0,NA,NA,NA,6,16,16,1,0,,0.901,0.953,0.944,,,,,0.06733333333,,0.9326666667,,,,1_1,2_3,3_2,0,0,0,,,,,,,
,7,Y,60,1,1,0,7,7,NA,3,12,12,0,0,,0.904,NA,NA,,,,,0.043,,0.904,,,,1_2,N/A,N/A,0,0,0,,,,,,,
,7,Y,61,0,0,0,NA,NA,NA,6,10,10,0,0,,0.839,0.811,0.947,,,,,0.009,,0.8656666667,,,,1_2,2_3,3_1,0,0,0,,,,,,,
,7,Y,62,0,0,0,NA,NA,NA,5,10,10,1,0,,0.942,1.019,0.96,,,,,0.031,,0.9736666667,,,,1_1,2_3,3_2,0,0,0,,,,,,,
,7,Y,63,0,0,0,NA,NA,NA,5,11,11,0,1,,1.044,0.803,0.936,,,,,0.02566666667,,0.9276666667,,,,1_2,2_1,3_3,0,0,0,,,,,,,
,7,Y,64,0,0,0,NA,NA,NA,2,12,12,0,0,,0.972,0.899,0.935,,,,,0.08166666667,,0.9353333333,,,,1_3,2_2,3_1,0,0,0,,,,,,,
,7,Y,65,0,0,0,NA,NA,NA,5,12,12,12,x,,0.753,0.834,0.886,,,,,0.02033333333,,0.8243333333,,,,1_3,2_2,3_1,0,0,0,,,,,,,
,7,Y,66,0,0,0,NA,NA,NA,6,16,16,0,9,,0.998,0.902,0.838,,,,,0.02033333333,,0.9126666667,,,,1_2,2_3,3_1,0,0,0,,,,,,,
,7,Y,67,0,0,0,NA,NA,NA,7,9,9,0,0,,0.946,0.907,0.906,,,,,0.04,,0.9196666667,,,,1_2,2_3,3_1,0,0,0,,,1,1,,1,1
,7,Y,68,0,0,0,NA,NA,NA,7,13,13,0,0,,0.792,0.915,0.946,,,,,0.02966666667,,0.8843333333,,,,1_1,2_3,3_2,0,0,0,,,,,,,
,7,Y,69,1,0,0,4,NA,NA,4,13,13,11,3,,1.032,1.018,NA,,,,,0.01,,1.025,,,,1_2,2_1,N/A,0,0,0,,,,,,,
,7,Y,70,1,0,0,4,NA,NA,3,17,17,0,0,,1.032,0.921,NA,1.042,0.929,,,#DIV/0!,,0.9765,,,,1_2,2_1,N/A,0,0,0,,,,,,,
,7,Y,71,1,1,0,3,NA,NA,8,13,13,13,x,,0.891,0.919,NA,,,,,-0.0105,,0.905,,,,1_1,2_2,N/A,0,0,0,,,,,,,
,7,Y,72,0,0,0,NA,NA,NA,7,11,11,0,0,,0.91,0.896,0.936,,,,,0.013,,0.914,,,,1_1,2_3,3_2,0,0,0,,,,,,,
,7,Y,73,0,0,0,NA,NA,NA,6,13,13,0,0,,0.864,0.948,0.882,,,,,0.011,,0.898,,,,1_1,2_3,3_2,0,0,0,,,,,,,
,7,Y,74,0,0,0,NA,NA,NA,7,14,14,0,0,,0.999,0.881,0.9,,,,,0.04033333333,,0.9266666667,1,,,1_2,2_3,3_1,0,0,0,,,,,,,
,7,Y,75,0,0,0,NA,NA,NA,5,11,11,5,5,,0.928,0.914,0.847,,,,,0.03866666667,,0.8963333333,1,,,1_3,2_2,3_1,0,0,0,,1,1,,1,1,
,7,G,1,0,0,0,NA,NA,NA,4,20,20,0,0,,1.107,0.869,1.053,,,,,0.06066666667,0.03060585586,1.009666667,,,,1_1,2_3,3_2,0,0,0,,,,,,,
,7,G,2,0,0,0,NA,NA,NA,3,7,7,0,0,,0.929,0.995,0.956,,,,,0.033,0.002939189189,0.96,,,,1_3,2_1,3_2,0,0,0,,,,,,,
,7,G,3,0,0,0,NA,NA,NA,3,4,4,0,0,,1.048,1.01,0.959,,,,,0.02866666667,-0.001394144144,1.005666667,,,,1_2,2_1,3_3,0,0,0,,,,,,,
,7,G,4,0,0,0,NA,NA,NA,3,14,14,0,0,,0.932,0.89,0.994,,,,,0.01833333333,-0.01172747748,0.9386666667,,,,1_3,2_2,3_1,0,0,0,,,,,,,
,7,G,5,1,0,0,3,NA,NA,8,4,3,0,0,,0.982,1.033,NA,,,,,0.0425,0.01243918919,1.0075,1,,,1_1,2_2,N/A,0,0,N/A,,,,,,,
,7,G,6,1,0,0,3,NA,NA,7,15,15,0,1,,1.008,0.945,NA,,,,,0.0225,-0.007560810811,0.9765,,,,1_1,2_2,N/A,0,0,N/A,,,,,,,
,7,G,7,1,0,0,6,NA,NA,6,16,16,0,0,,0.989,1.019,NA,1.014,1.023,,,0.041,0.01093918919,1.004,,,,1_1,2_2,N/A,0,0,N/A,,,,,,,
,7,G,8,0,0,0,NA,NA,NA,4,15,15,7,0,,0.976,0.812,0.957,0.998,0.855,0.946,,0.03766666667,0.007605855856,0.915,,,,1_2,2_3,3_1,0,0,0,,,,,,,
,7,G,9,1,1,0,6,6,NA,7,12,12,0,0,,1.014,NA,NA,,,,,0.017,-0.01306081081,1.014,,,dead count,1_!,N/A,N/A,0,N/A,N/A,,,,,,,
,7,G,10,0,0,0,NA,NA,NA,4,10,10,0,0,,0.917,0.913,0.966,,,,,0.051,0.02093918919,0.932,,,33,1_2,2_1,3_3,0,0,0,,,,,,,
,7,G,11,0,0,0,NA,NA,NA,5,7,7,0,0,,0.935,0.888,1.003,,,,,0.03866666667,0.008605855856,0.942,,,,1_1,2_3,3_2,0,0,0,,,,,,,
,7,G,12,1,0,0,4,NA,NA,3,8,8,0,0,,0.842,1.072,NA,,,,,0.0675,0.03743918919,0.957,,,"33 dead, should have 192 but we only have 193 pics, highligh the redundant ones in red",1_2,2_1,N/A,0,0,N/A,,,,,,,
,7,G,13,0,0,0,NA,NA,NA,2,8,8,0,0,,0.877,0.972,1.032,,,,,0.02533333333,-0.004727477477,0.9603333333,,,,1_2,2_1,3_3,0,0,0,,,,,,,
,7,G,14,1,1,1,7,7,7,0,0,0,x,x,,NA,NA,NA,,,,,#DIV/0!,#DIV/0!,#DIV/0!,,,,N/A,N/A,N/A,N/A,N/A,N/A,,,,,,,
,7,G,15,0,0,0,NA,NA,NA,9,9,9,0,0,,0.927,1.009,0.93,,,,,0.04233333333,0.01227252252,0.9553333333,,,,1_1,2_3,3_2,N/A,N/A,N/A,,,,,,,
,7,G,16,1,0,0,2,NA,NA,4,7,7,0,5,,0.957,0.94,NA,,,,,0.0325,0.002439189189,0.9485,,,W7-G group length avg:,1_1,2_2,N/A,0,0,N/A,,,,,,,
,7,G,17,0,0,0,NA,NA,NA,8,9,9,0,6,,0.901,0.896,0.853,0.912,0.897,0.864,,0.039,0.008939189189,0.8833333333,,,0.950009009,1_1,2_2,3_3,0,0,0,,,,,,,
,7,G,18,1,0,0,4,NA,NA,2,10,10,0,0,,0.944,1.022,NA,0.954,1.023,,,0.067,0.03693918919,0.983,,,,1_1,2_2,N/A,0,0,N/A,,,,,,,
,7,G,19,0,0,0,NA,NA,NA,6,9,9,0,0,,0.996,0.865,0.983,,,,,0.04333333333,0.01327252252,0.948,,,W7-W6 -G growth avg:,1_3,2_1,3_2,0,0,0,,,,,,,
,7,G,20,0,0,0,NA,NA,NA,2,8,8,0,0,,0.998,0.997,0.995,,,,,0.04333333333,0.01327252252,0.9966666667,,,0.03006081081,1_3,2_2,3_1,0,0,0,,,,,,,
,7,G,21,1,0,0,4,NA,NA,3,16,16,0,0,,0.937,0.923,NA,,,,,0.048,0.01793918919,0.93,,,,1_1,2_2,N/A,0,0,N/A,,,,,,,
,7,G,22,0,0,0,NA,NA,NA,9,14,14,0,10,,0.995,0.929,0.895,,,,,0.03766666667,0.007605855856,0.9396666667,1,,,1_1,2_2,3_3,0,0,0,,,,,,,
,7,G,23,0,0,0,NA,NA,NA,16,14,14,0,0,,1.036,0.905,0.746,,,,,0.01933333333,-0.01072747748,0.8956666667,,,,1_1,2_3,3_2,0,0,0,,,,,,,
,7,G,24,0,0,0,NA,NA,NA,2,0,0,x,x,,0.926,1.014,0.935,,,,,0.03466666667,0.004605855856,0.9583333333,,,,1_1,2_3,3_2,0,0,0,,,,,,,
,7,G,25,1,1,0,2,3,NA,8,13,8,0,0,,1.155,NA,NA,1.152,,,,0.081,0.05093918919,1.155,,,,1_1,N/A,N/A,0,N/A,N/A,,,,,,,
,7,G,26,1,0,0,3,NA,NA,11,14,13,0,0,,0.831,0.975,NA,,,,,0.054,0.02393918919,0.903,,,,1_2,2_1,N/A,0,0,N/A,,,,,,,
,7,G,27,1,1,0,6,6,NA,9,14,14,0,0,,0.998,NA,NA,,,,,0.043,0.01293918919,0.998,,,,1_1,N/A,N/A,0,N/A,N/A,,,,,,,
,7,G,28,0,0,0,NA,NA,NA,3,16,16,0,0,,1.01,1.036,0.902,,,,,0.05366666667,0.02360585586,0.9826666667,,,,1_3,2_1,3_2,0,0,0,,,,,,,
,7,G,29,0,0,0,NA,NA,NA,4,9,9,0,0,,0.94,0.913,1.011,,,,,0.015,-0.01506081081,0.9546666667,,,,1_3,2_1,3_2,0,0,0,,,,,,,
,7,G,30,0,0,0,NA,NA,NA,10,11,11,0,6,,1.056,0.899,0.824,,,,,0.03166666667,0.001605855856,0.9263333333,,,,1_2,2_3,3_1,0,0,0,,,,,,,
,7,G,31,0,0,0,NA,NA,NA,8,8,8,8,x,,0.826,0.752,0.915,,,,,0.001333333333,-0.02872747748,0.831,,,,1_1,2_3,3_2,0,0,0,,,,,,,
,7,G,32,0,0,0,NA,NA,NA,3,7,7,0,1,,0.899,0.934,1.02,,,,,0.002666666667,-0.02739414414,0.951,,,,1_2,2_1,3_3,0,0,0,,,,,,,
,7,G,33,1,0,0,3,NA,NA,4,7,7,6,x,,0.996,0.972,NA,,,,,0.05,0.01993918919,0.984,,,,1_2,2_1,N/A,0,0,N/A,,,,,,,
,7,G,34,0,0,0,NA,NA,NA,3,17,17,0,0,,0.907,0.956,1.012,0.916,0.953,1.014,,0.02466666667,-0.005394144144,0.9583333333,,,,1_2,2_3,3_1,0,0,0,,,,,,,
,7,G,35,0,0,0,NA,NA,NA,2,9,9,1,0,,0.98,0.987,0.923,,,,,0.04433333333,0.01427252252,0.9633333333,,,,1_1,2_3,3_2,0,0,0,,,,,,,
,7,G,36,0,0,0,NA,NA,NA,4,10,9,9,x,,0.798,0.852,0.954,,,,,0.009666666667,-0.02039414414,0.868,1,,,1_2,2_1,3_3,0,0,0,,,,,,,
,7,G,37,0,0,0,NA,NA,NA,5,10,10,0,2,,0.939,0.891,1,,,,,0.02666666667,-0.003394144144,0.9433333333,,,,1_3,2_2,3_1,0,0,0,,,,,,,
,7,G,38,1,0,0,4,NA,NA,4,7,7,0,0,,1.014,0.928,NA,,,,,0.0325,0.002439189189,0.971,,,,1_2,2_1,N/A,0,0,N/A,,,,,,,
,7,G,39,0,0,0,NA,NA,NA,2,0,0,x,x,,0.868,0.908,0.872,,,,,0.027,-0.003060810811,0.8826666667,,,,1_2,2_1,3_3,0,0,0,,,,,,,
,7,G,40,0,0,0,NA,NA,NA,5,5,5,0,0,,0.921,0.906,1.044,,,,,0.04666666667,0.01660585586,0.957,,,,1_1,2_2,3_3,0,0,0,,,,,,,
,7,G,41,0,0,0,NA,NA,NA,1,8,8,0,0,,0.982,0.868,0.901,,,,,0.03333333333,0.003272522523,0.917,,,,1_2,2_1,3_3,0,0,0,,,,,,,
,7,G,42,1,0,0,3,NA,NA,5,7,7,0,0,,1.046,0.946,NA,1.028,0.923,,,0.0415,0.01143918919,0.996,,,,1_2,2_1,N/A,0,0,N/A,,,,,,,
,7,G,43,0,0,0,NA,NA,NA,7,14,14,0,0,,0.983,0.945,0.979,,,,,0.01433333333,-0.01572747748,0.969,,,,1_2,2_3,3_1,0,0,0,,,1,1,,1,1
,7,G,44,0,0,0,NA,NA,NA,7,11,11,0,5,,0.88,0.921,0.87,,,,,0.03033333333,0.0002725225225,0.8903333333,,,,1_3,2_1,3_2,0,0,0,,,,,,,
,7,G,45,0,0,0,NA,NA,NA,6,12,12,0,0,,1.015,0.966,0.961,,,,,0.048,0.01793918919,0.9806666667,,,,1_1,2_3,3_2,0,0,0,,,,,,,
,7,G,46,0,0,0,NA,NA,NA,0,0,0,x,x,,0.901,0.801,0.947,,,,,0.027,-0.003060810811,0.883,,,,1_1,2_3,3_2,0,0,0,,,,,,,
,7,G,47,1,0,0,3,NA,NA,2,6,6,0,1,,0.899,1.014,NA,,,,,0.014,-0.01606081081,0.9565,,,,1_2,2_1,N/A,0,0,N/A,,,,,,,
,7,G,48,1,0,0,4,NA,NA,1,16,16,0,0,,0.978,0.891,NA,,,,,0.009,-0.02106081081,0.9345,,,,1_2,2_1,N/A,0,0,N/A,,,,,,,
,7,G,49,1,0,0,4,NA,NA,4,7,7,0,0,,0.945,0.984,NA,,,,,0.032,0.001939189189,0.9645,,,,1_1,2_2,N/A,0,0,N/A,,,,,,,
,7,G,50,0,0,0,NA,NA,NA,5,8,8,0,0,,0.955,0.868,0.937,,,,,-0.05566666667,-0.08572747748,0.92,,,,1_2,2_3,3_1,0,0,0,,,,,,,
,7,G,51,0,0,0,NA,NA,NA,3,9,9,0,0,,0.993,1.036,1.016,,,,,0.05466666667,0.02460585586,1.015,,,,1_2,2_1,3_3,0,0,0,,,,,,,
,7,G,52,1,1,0,2,3,NA,9,15,13,4,2,,0.959,NA,NA,,,,,0.054,0.02393918919,0.959,,,,1_1,N/A,N/A,0,N/A,N/A,,,,,,,
,7,G,53,1,0,0,3,NA,NA,2,0,0,x,x,NA,0.946,0.992,NA,0.948,0.993,,,0.03,-0.00006081081081,0.969,,,,1_1,2_2,N/A,0,0,N/A,,,,,,,
,7,G,54,0,0,0,NA,NA,NA,10,5,5,3,1,,0.81,0.701,0.941,,,,,0.007,-0.02306081081,0.8173333333,,,,1_1,2_3,3_2,0,0,0,,,,,,,
,7,G,55,0,0,0,NA,NA,NA,4,0,0,x,x,,0.878,1.034,1,,,,,0.008,-0.02206081081,0.9706666667,1,,,1_1,2_3,3_2,0,0,0,,,,,,,
,7,G,56,1,0,0,3,NA,NA,6,12,12,0,3,,0.963,1.046,NA,,,,,0.0005,-0.02956081081,1.0045,1,,,1_2,2_1,N/A,0,0,N/A,,,,,,,
,7,G,57,0,0,0,NA,NA,NA,6,6,6,0,0,,0.957,1.03,0.945,,,,,0.015,-0.01506081081,0.9773333333,2,,57G has an extra picture due to duplicate pictures for one snail. It has been identified and excluded from measurements,1_3,2_2,3_1,0,0,0,,,,,,,
,7,G,58,0,0,0,NA,NA,NA,9,10,10,0,1,,0.983,0.719,0.911,,,,,0.01933333333,-0.01072747748,0.871,,,,1_3,2_1,3_2,0,0,0,,,,,,,
,7,G,59,1,0,0,3,NA,NA,7,15,15,0,0,,0.974,1.02,NA,,,,,0.0475,0.01743918919,0.997,,,,1_1,2_2,N/A,0,0,N/A,,,,,,,
,7,G,60,0,0,0,NA,NA,NA,5,10,10,0,0,,0.887,0.931,0.902,,,,,0.04066666667,0.01060585586,0.9066666667,,,,,,,1,1,1,w7 pics blurry,,,,,,
,7,G,61,0,0,0,NA,NA,NA,7,7,5,0,0,,0.92,0.96,0.968,,,,,0.0003333333333,-0.02972747748,0.9493333333,,,,1_3,2_1,3_2,0,0,0,,,,,,,
,7,G,62,0,0,0,NA,NA,NA,9,8,6,1,3,,0.859,0.788,0.983,,,,,-0.001666666667,-0.03172747748,0.8766666667,,,,1_2,2_1,3_3,0,0,0,,,1,1,,1,1
,7,G,63,0,0,0,NA,NA,NA,3,11,11,0,0,,0.806,0.998,0.877,,,,,0.01833333333,-0.01172747748,0.8936666667,,,,1_2,2_1,3_3,0,0,0,,,,,,,
,7,G,64,1,0,0,4,NA,NA,12,13,12,11,x,,0.878,1.02,NA,,,,,0.023,-0.007060810811,0.949,,,,1_2,2_1,N/A,0,0,N/A,,,,,,,
,7,G,65,1,0,0,4,NA,NA,3,13,13,0,0,,1.013,0.933,NA,,,,,0.0235,-0.006560810811,0.973,,,,1_2,2_1,N/A,0,0,N/A,,,,,,,
,7,G,66,0,0,0,NA,NA,NA,3,17,17,0,0,,0.994,0.979,0.895,,,,,0.0003333333333,-0.02972747748,0.956,,,,1_3,2_2,3_1,0,0,0,,,,,,,
,7,G,67,1,0,0,4,NA,NA,3,10,10,0,0,,1.02,0.899,NA,,,,,0.02,-0.01006081081,0.9595,,,,1_1,2_2,N/A,0,0,N/A,,,,,,,
,7,G,68,0,0,0,NA,NA,NA,3,17,17,0,1,,0.964,0.985,0.958,,,,,0.03766666667,0.007605855856,0.969,,,,1_1,2_3,3_2,0,0,0,,,,,,,
,7,G,69,1,0,0,3,NA,NA,3,19,19,1,1,,1.01,0.992,NA,1.006,1,,,0.0235,-0.006560810811,1.001,,,,1_1,2_2,N/A,0,0,N/A,,,,,,,
,7,G,70,0,0,0,NA,NA,NA,8,10,10,0,0,,0.944,0.936,0.914,0.956,0.936,0.921,,0.01133333333,-0.01872747748,0.9313333333,,,,1_3,2_2,3_1,0,0,0,,,,,,,
,7,G,71,0,0,0,NA,NA,NA,3,17,17,0,0,,0.972,0.926,0.95,,,,,0.03266666667,0.002605855856,0.9493333333,3,,,1_1,2_2,3_3,0,0,0,,,,,,,
,7,G,72,1,0,0,3,NA,NA,13,12,12,8,x,,0.937,0.883,NA,,,,,0.0145,-0.01556081081,0.91,,,,1_1,2_2,N/A,0,0,N/A,,,,,,,
,7,G,73,0,0,0,NA,NA,NA,4,3,3,0,0,,0.854,0.857,0.87,,,,,0.04233333333,0.01227252252,0.8603333333,,,,1_2,2_1,3_3,0,0,0,,,,,,,
,7,G,74,0,0,0,NA,NA,NA,4,13,13,0,0,,0.894,1.038,0.964,,,,,0.04433333333,0.01427252252,0.9653333333,,,,1_2,2_3,3_1,0,0,0,,,,,,,
,7,G,75,0,0,0,NA,NA,NA,3,14,14,0,0,,0.906,0.978,1.02,,,,,0.029,-0.001060810811,0.968,,,,1_3,2_2,3_1,0,0,0,,,,,,,
,8,O,2,0,0,0,NA,NA,NA,7,11,11,0,0,,0.967,1.079,1.066,0.946,1.058,1.055,,0.003666666667,-0.01005,1.037333333,,,,1_1,2_2,3_3,0,0,0,,,,,,,
,8,O,4,0,0,0,NA,NA,NA,7,17,17,0,0,,0.946,0.939,1.004,0.928,0.922,0.998,,0.0006666666667,-0.01305,0.963,,,count dead:,1_1,2_3,3_2,0,0,0,,,,,,,
,8,O,5,0,0,0,NA,NA,NA,5,15,15,0,0,,0.962,0.944,0.972,,,,,0.009,-0.004716666667,0.9593333333,1 2,,8,1_3,2_1,3_2,0,0,0,,,,,,,
,8,O,6,1,0,0,4,NA,NA,7,14,14,0,0,,1.058,1.031,NA,,,,,0.041,0.02728333333,1.0445,,,,1_1,2_2,NA,0,0,NA,,,,,,,
,8,O,7,0,0,0,NA,NA,NA,12,8,8,4,2,,1.047,1,0.927,,,,,0.009,-0.004716666667,0.9913333333,,,W8 O avg length,1_1,2_3,3_2,0,0,0,,,1,1,,1,1
,8,O,11,0,0,0,NA,NA,NA,6,10,10,10,0,,1.036,0.96,0.995,,,,,0.02033333333,0.006616666667,0.997,,,0.9825462963,1_2,2_3,3_1,0,0,0,,,,,,,
,8,O,12,0,0,0,NA,NA,NA,3,12,12,0,0,,0.886,0.926,0.989,,,,,0.034,0.02028333333,0.9336666667,,,,1_3,2_1,3_2,0,0,0,,,,,,,
,8,O,15,0,0,0,NA,NA,NA,2,17,17,0,0,,1.069,0.988,0.93,1.069,0.975,0.923,,0.002066666667,-0.01165,0.9956666667,,,W8 O avg growth,1_2,2_3,3_1,0,0,0,,,,,,,
,8,O,16,1,0,0,2,NA,NA,2,12,12,0,0,,0.985,0.906,NA,0.983,0.891,,,0.048,0.03428333333,0.9455,,,0.01371666667,1_1,2_2,NA,0,0,NA,,,,,,,
,8,O,17,1,0,0,5,NA,NA,2,20,20,0,0,,1.027,1.006,NA,,,,,0.0095,-0.004216666667,1.0165,,,,1_1,2_2,NA,0,0,NA,,,,,,,
,8,O,18,1,0,0,2,NA,NA,12,11,11,10,x,,1.023,0.91,NA,1.013,0.899,,,0.009,-0.004716666667,0.9665,,,,1_2,2_1,NA,0,0,NA,,,,,,,
,8,O,22,1,0,0,6,NA,NA,7,22,22,0,0,,0.949,0.995,NA,,,,,0.004,-0.009716666667,0.972,,,,1_1,2_2,NA,0,0,NA,,,,,,,
,8,O,23,1,0,0,8,NA,NA,2,11,11,0,0,,0.884,0.918,NA,0.881,0.914,,,-0.029,-0.04271666667,0.901,,,,1_3,2_2,NA,0,0,NA,,,,,,,
,8,O,24,1,0,0,6,NA,NA,4,13,13,0,0,,0.854,1.129,NA,,,,,0.0095,-0.004216666667,0.9915,1,,,1_1,2_2,NA,0,0,NA,,,,,,,
,8,O,29,0,0,0,NA,NA,NA,8,10,10,0,0,,0.918,0.947,1.07,0.893,0.944,1.052,,0.02433333333,0.01061666667,0.9783333333,,,,1_3,2_1,3_2,0,0,0,,,,,,,
,8,O,34,1,0,0,7,NA,NA,9,10,10,10,x,,0.951,0.973,NA,0.945,0.953,,,0.0135,-0.0002166666667,0.962,,,,1_2,2_1,NA,0,0,NA,,,,,,,
,8,O,36,0,0,0,NA,NA,NA,3,10,10,0,0,,0.992,0.975,1.001,0.989,0.98,0.984,,0.008333333333,-0.005383333333,0.9893333333,,,,1_1,2_2,3_3,0,0,0,,,,,,,
,8,O,60,0,0,0,NA,NA,NA,7,17,17,0,0,,1.053,1.072,0.999,1.049,1.096,0.998,,0.03,0.01628333333,1.041333333,,,,1_3,2_2,3_1,0,0,0,,,,,,,
,8,W,18,0,0,0,NA,NA,NA,6,18,18,0,0,,0.925,0.969,0.949,,,,,0.02933333333,0.01131481481,0.9476666667,,,,1_2,2_3,3_1,0,0,0,,,,,,,
,8,W,19,0,0,0,NA,NA,NA,2,11,11,0,0,,1.033,0.921,0.944,1.022,0.924,0.931,,0.027,0.008981481481,0.966,,,,1_1,2_3,3_2,0,0,0,,,,,,,
,8,W,29,0,0,0,NA,NA,NA,14,10,10,0,0,,1.013,1.017,0.981,0.992,1.03,0.982,,0.02166666667,0.003648148148,1.003666667,,,snail_growth_average,1_3,2_2,3_1,0,0,0,,,,,,,
,8,W,30,0,0,0,NA,NA,NA,12,8,8,4,0,,0.927,0.962,0.922,,,,,0.01266666667,-0.005351851852,0.937,,,0.01801851852,1_3,2_1,3_2,0,0,0,,,,,,,
,8,W,34,0,0,0,NA,NA,NA,7,13,13,0,0,,0.933,0.936,0.874,0.918,0.931,0.882,,0.04166666667,0.02364814815,0.9143333333,,,,1_1,2_2,3_3,0,0,0,,,,,,,
,8,W,37,0,0,0,NA,NA,NA,4,10,10,0,0,,0.978,1.02,0.967,0.979,1.009,0.971,,0.01233333333,-0.005685185185,0.9883333333,,,,1_3,2_2,3_1,0,0,0,,,,,,,
,8,W,38,0,0,0,NA,NA,NA,4,8,8,0,0,,0.997,0.917,1.008,0.986,0.919,0.986,,0.01333333333,-0.004685185185,0.974,,,count dead:,1_3,2_2,3_1,0,0,0,,,,,,,
,8,W,46,1,0,0,6,NA,NA,14,14,14,9,1,,0.934,0.965,,,,,,0.035,0.01698148148,0.9495,,,8,1_1,2_2,NA,0,0,NA,,,,,,,
,8,W,49,0,0,0,NA,NA,NA,8,11,11,0,0,,0.928,0.982,1.119,0.905,0.977,1.120,,0.04333333333,0.02531481481,1.009666667,,,,1_1,2_2,3_3,0,0,0,,,,,,,
,8,W,51,1,1,0,6,6,NA,4,11,11,11,x,,0.982,,,,,,,0.008,-0.01001851852,0.982,,,,1_1,NA,NA,0,NA,NA,,,,,,,
,8,W,54,1,0,0,5,NA,NA,2,16,16,0,0,,1.021,0.996,,,,,,-0.008,-0.02601851852,1.0085,,,,1_1,2_2,NA,0,0,NA,,,,,,,
,8,W,55,1,1,0,6,8,NA,3,15,15,0,0,,0.892,,,0.898,,,,-0.0075,-0.02551851852,0.892,,,,1_1,NA,NA,0,NA,NA,,,,,,,
,8,W,56,1,0,0,6,NA,NA,1,10,10,0,0,,1.017,0.991,,,,,,0.0265,0.008481481481,1.004,,,,1_2,2_1,NA,0,0,NA,,,,,,,
,8,W,62,0,0,0,NA,NA,NA,6,13,13,0,0,,0.829,1.01,0.96,0.832,1.01,0.944,,0.02533333333,0.007314814815,0.933,,,,1_1,2_2,3_3,0,0,0,,,,,,,
,8,W,65,0,0,0,NA,NA,NA,4,19,19,0,0,,1.037,1.045,0.864,,,,,0.01333333333,-0.004685185185,0.982,,,,1_3,2_2,3_1,0,0,0,,,,,,,
,8,W,66,0,0,0,NA,NA,NA,1,8,8,0,0,,0.854,0.917,0.925,,,,,0.016,-0.002018518519,0.8986666667,,,,1_3,2_2,3_1,0,0,0,,,,,,,
,8,W,70,1,0,0,6,NA,NA,3,15,15,0,0,,0.955,0.954,,0.932,0.942,,,0.005,-0.01301851852,0.9545,,,,1_1,2_2,NA,0,0,NA,,,,,,,
,8,W,74,0,0,0,NA,NA,NA,3,12,12,8,x,,0.943,0.953,0.895,0.93,0.943,0.906,,0.009333333333,-0.008685185185,0.9303333333,,,,1_3,2_1,3_2,0,0,0,,,,,,,
,8,Y,1,0,0,0,NA,NA,NA,5,9,9,0,0,,1.003,0.957,0.845,,,,,0.03133333333,,0.935,,,,1_3,2_2,3_1,0,0,0,,,,,,,
,8,Y,2,0,0,0,NA,NA,NA,11,12,12,0,0,,0.946,0.962,0.836,,,,,0.04966666667,,0.9146666667,,,count dead:,1_1,2_2,3_3,0,0,0,,,,,,,
,8,Y,3,0,0,0,NA,NA,NA,10,10,10,0,0,,0.925,1.007,0.891,,,,,0.048,,0.941,,,21,1_1,2_2,3_3,0,0,0,,,,,,,
,8,Y,4,0,0,0,NA,NA,NA,5,10,10,0,3,,0.939,0.99,0.879,,,,,0.004,,0.936,,,,1_2,2_3,3_1,0,0,0,,,,,,,
,8,Y,5,0,0,0,NA,NA,NA,10,11,11,11,x,,0.899,0.907,0.944,,,,,0.007,,0.9166666667,,,,1_2,2_1,3_3,0,0,0,,,,,,,
,8,Y,6,0,0,0,NA,NA,NA,12,12,12,8,x,,0.987,0.901,0.909,,,,,0.076,,0.9323333333,,,,1_2,2_1,3_3,0,0,0,,,,,,,
,8,Y,7,0,0,0,NA,NA,NA,8,10,10,0,4,,0.841,0.97,1.016,0.833,0.975,0.999,,0.003,,0.9423333333,,,,1_3,2_2,3_1,0,0,0,,,,,,,
,8,Y,8,0,0,0,NA,NA,NA,13,9,6,6,x,,1.069,0.911,0.882,1.093,0.977,0.933,,0.008333333333,,0.954,,,,1_2,2_3,3_1,0,0,0,,,,,,,
,8,Y,9,1,0,0,4,NA,NA,2,14,14,0,0,,0.813,0.923,NA,,,,,0.023,,0.868,,,,1_2,2_1,N/A,0,0,0,,,,,,,
,8,Y,10,1,0,0,7,NA,NA,4,16,16,0,0,,1.095,0.77,NA,,,,,0.0305,,0.9325,1,,,1_2,2_1,N/A,0,0,0,,,,,,,
,8,Y,11,1,0,0,2,NA,NA,9,12,12,0,0,,0.927,0.99,NA,,,,,0.0225,,0.9585,,,,1_1,2_2,N/A,0,0,0,,,,,,,
,8,Y,12,1,0,0,5,NA,NA,8,9,9,0,7,,0.926,0.995,NA,,,,,0.0285,,0.9605,,,,1_2,2_1,N/A,0,0,0,,,,,,,
,8,Y,13,0,0,0,NA,NA,NA,8,11,11,0,0,,0.947,0.901,0.996,,,,,0.009666666667,,0.948,,,,1_2,2_3,3_1,0,0,0,,,,,,,
,8,Y,14,0,0,0,NA,NA,NA,10,15,15,5,0,,0.88,0.897,0.975,,,,,0.04166666667,,0.9173333333,,,,1_2,2_1,3_3,0,0,0,,,,,,,
,8,Y,15,0,0,0,NA,NA,NA,7,11,11,10,x,,0.874,0.929,0.926,0.876,0.919,0.908,,0.04066666667,,0.9096666667,,,,1_2,2_3,3_1,0,0,0,,,1,1,,1,1
,8,Y,16,0,0,0,NA,NA,NA,10,12,12,0,0,,0.98,0.995,1.013,,,,,0.04566666667,,0.996,,,,1_1,2_2,3_3,0,0,0,,,,,,,
,8,Y,17,0,0,0,NA,NA,NA,19,11,11,9,x,,0.943,0.941,0.821,,,,,0.04933333333,,0.9016666667,,,,1_2,2_1,3_3,0,0,0,,,,,,,
,8,Y,18,0,0,0,NA,NA,NA,7,10,10,0,0,,0.959,1.011,0.851,,,,,0.005,,0.9403333333,,,,1_3,2_2,3_1,0,0,0,,,,,,,
,8,Y,19,1,0,0,7,NA,NA,6,13,13,0,0,,0.911,0.98,NA,,,,,0.011,,0.9455,,,,1_1,2_2,N/A,0,0,0,,,,,,,
,8,Y,20,1,0,0,4,NA,NA,8,7,7,7,x,,0.983,0.965,NA,,,,,0.068,,0.974,,,,1_1,2_2,N/A,0,0,0,,,,,,,
,8,Y,21,0,0,0,NA,NA,NA,9,19,19,0,0,,0.921,0.946,0.991,0.919,0.924,0.979,,0.03166666667,,0.9526666667,,,,1_2,2_3,3_1,0,0,0,,,,,,,
,8,Y,22,0,0,0,NA,NA,NA,6,10,10,10,x,,0.892,1.003,0.974,,,,,0.02266666667,,0.9563333333,,,,1_2,2_1,3_3,0,0,0,,,,,,,
,8,Y,23,0,0,0,NA,NA,NA,11,14,14,0,0,,0.986,0.987,0.935,,,,,0.01366666667,,0.9693333333,,,,1_3,2_2,3_1,0,0,0,,,,,,,
,8,Y,24,0,0,0,NA,NA,NA,13,10,10,0,0,,1,0.932,1.081,,,,,0.06066666667,,1.004333333,,,,1_2,2_3,3_1,0,0,0,,,,,,,
,8,Y,25,0,0,0,NA,NA,NA,7,16,16,0,0,,0.935,0.97,1.015,,,,,0.054,,0.9733333333,1,,,1_2,2_1,3_3,0,0,0,,,,,,,
,8,Y,26,1,0,0,4,NA,NA,15,17,17,0,0,,0.953,0.997,NA,,,,,0.022,,0.975,,,,1_2,2_1,N/A,0,0,0,,,,,,,
,8,Y,27,0,0,0,NA,NA,NA,16,5,0,NA,NA,NA,1.047,0.908,0.98,,,,,0.03266666667,,0.9783333333,,,,1_2,2_1,3_3,0,0,0,,,,,,,
,8,Y,28,0,0,0,NA,NA,NA,3,9,9,0,0,,0.908,0.904,0.918,,,,,0.01133333333,,0.91,,,,1_1,2_2,3_3,0,0,0,,,,,,,
,8,Y,29,1,0,0,3,NA,NA,3,9,9,0,0,,1.023,0.91,NA,,,,,0.011,,0.9665,,,,1_1,2_2,N/A,0,0,0,,,,,,,
,8,Y,30,0,0,0,NA,NA,NA,10,11,11,0,0,,0.92,0.96,0.971,,,,,0.04733333333,,0.9503333333,,,,1_3,2_2,3_1,0,0,0,,,,,,,
,8,Y,31,1,0,0,4,NA,NA,1,2,2,0,1,,0.979,1.068,NA,0.97,1.07,,,0.0365,,1.0235,,,,1_2,2_1,N/A,0,0,0,,,,,,,
,8,Y,32,0,0,0,NA,NA,NA,7,17,17,17,x,,0.958,1.034,1.002,0.938,1.011,0.990,,0.04433333333,,0.998,2,,,1_2,2_3,3_1,0,0,0,,,,,,,
,8,Y,33,1,0,0,5,NA,NA,7,14,14,0,0,,0.803,1.037,NA,,,,,0.0495,,0.92,,,,1_1,2_2,N/A,0,0,0,,,,,,,
,8,Y,34,0,0,0,NA,NA,NA,14,17,17,9,2,,0.899,0.987,0.888,,,,,0.007666666667,,0.9246666667,,,,1_2,2_3,3_1,0,0,0,,,,,,,
,8,Y,35,0,0,0,NA,NA,NA,14,17,17,0,0,,0.914,0.945,0.913,,,,,0.023,,0.924,,,,1_1,2_2,3_3,0,0,0,,,,,,,
,8,Y,36,0,0,0,NA,NA,NA,9,14,14,0,0,,1.018,0.771,0.928,,,,,0.033,,0.9056666667,,,,1_1,2_2,3_3,0,0,0,,,,,,,
,8,Y,37,1,0,0,4,NA,NA,7,22,22,0,0,,0.949,0.988,NA,,,,,0.0255,,0.9685,,,,1_2,2_1,N/A,0,0,0,,,,,,,
,8,Y,38,0,0,0,NA,NA,NA,10,12,7,7,x,,0.962,0.989,1.026,0.958,0.996,1.013,,0.071,,0.9923333333,,,,1_2,2_1,3_3,0,0,0,,,,,,,
,8,Y,39,1,0,0,3,NA,NA,12,9,9,0,0,,1.058,0.881,NA,1.07,0.88,,,0.012,,0.9695,,,,1_2,2_1,N/A,0,0,0,,,,,,,
,8,Y,40,0,0,0,NA,NA,NA,5,15,15,15,x,,0.868,1.003,1.006,,,,,0.016,,0.959,1,,,1_2,2_3,3_1,0,0,0,,,,,,,
,8,Y,41,0,0,0,NA,NA,NA,2,12,12,0,0,,0.975,1.009,0.935,,,,,0.04333333333,,0.973,,,,1_3,2_2,3_1,0,0,0,,,1,1,,1,1
,8,Y,42,1,0,0,4,NA,NA,7,14,14,0,0,,0.878,0.876,NA,,,,,0.021,,0.877,,,,1_2,2_1,3_3,0,0,0,,,,,,,
,8,Y,43,0,0,0,NA,NA,NA,6,9,9,0,0,,1.108,0.922,0.949,,,,,0.02333333333,,0.993,2,,,1_2,2_1,3_3,0,0,0,,,,,,,
,8,Y,44,0,0,0,NA,NA,NA,9,12,12,0,0,,0.921,0.847,0.998,,,,,0.02066666667,,0.922,,,,1_1,2_2,3_3,0,0,0,,,,,,,
,8,Y,45,0,0,0,NA,NA,NA,5,14,14,0,0,,0.957,0.977,1.039,,,,,0.039,,0.991,3,,,1_2,2_3,3_1,0,0,0,,,,,,,
,8,Y,46,0,0,0,NA,NA,NA,4,13,13,0,0,,0.992,0.861,0.949,,,,,0.05466666667,,0.934,,,,1_2,2_1,3_3,0,0,0,,,,,,,
,8,Y,47,1,0,0,8,NA,NA,3,10,10,0,0,,0.981,0.996,NA,,,,,0.1065,,0.9885,,,,1_2,2_1,N/A,0,0,0,,,,,,,
,8,Y,48,0,0,0,NA,NA,NA,18,9,9,0,0,,0.902,1.079,0.949,,,,,0.052,,0.9766666667,,,,1_2,2_1,3_3,0,0,0,,,,,,,
,8,Y,49,0,0,0,NA,NA,NA,8,12,12,0,0,,0.974,0.938,0.927,,,,,0.03266666667,,0.9463333333,,,,1_3,2_2,3_1,0,0,0,,,,1,,,
,8,Y,50,0,0,0,NA,NA,NA,14,13,13,0,0,,0.951,0.938,0.951,,,,,0.03966666667,,0.9466666667,,,,1_2,2_3,3_1,0,0,0,,,,,,,
,8,Y,51,0,0,0,NA,NA,NA,9,6,6,0,1,,0.962,0.977,0.935,,,,,0.009333333333,,0.958,,,,1_,2_,3_,0,0,0,,,,,,,
,8,Y,52,0,0,0,NA,NA,NA,8,11,11,0,0,,0.965,0.971,0.917,,,,,0.034,,0.951,,,,1_1,2_2,3_3,0,0,0,,,,,,,
,8,Y,53,0,0,0,NA,NA,NA,14,14,14,0,0,,0.963,1.007,0.939,,,,,0.03033333333,,0.9696666667,1,,,1_3,2_2,3_1,0,0,0,,,,,,,
,8,Y,54,0,0,0,NA,NA,NA,9,14,14,0,0,,1.005,0.864,0.955,,,,,0.0003333333333,,0.9413333333,,,,1_2,2_1,3_3,0,0,0,,,,,,,
,8,Y,55,0,0,0,NA,NA,NA,13,10,10,0,0,,0.993,1.028,0.98,,,,,0.03166666667,,1.000333333,,,,1_1,2_2,3_3,0,0,0,,,,,,,
,8,Y,56,0,0,0,NA,NA,NA,5,18,18,0,0,,0.878,0.992,0.983,,,,,0.02866666667,,0.951,1,,,1_2,2_3,3_1,0,0,0,,,,,,,
,8,Y,57,0,0,0,NA,NA,NA,18,12,12,0,0,,0.936,0.914,0.802,0.937,0.889,0.778,,0.001,,0.884,,,,1_2,2_1,3_3,0,0,0,,,,,,,
,8,Y,58,1,0,0,3,NA,NA,5,11,11,11,x,,1.023,0.994,NA,,,,,0.0235,,1.0085,,,,1_1,2_2,N/A,0,0,0,,,,,,,
,8,Y,59,0,0,0,NA,NA,NA,6,14,14,0,0,,0.919,0.968,0.973,,,,,0.02066666667,,0.9533333333,2,,,1_2,2_3,3_1,0,0,0,,,,,,,
,8,Y,60,1,1,0,7,7,NA,7,14,14,13,x,,0.922,NA,NA,,,,,0.018,,0.922,,,,1_2,N/A,N/A,0,0,0,,,,,,,
,8,Y,61,0,0,0,NA,NA,NA,7,14,14,14,x,,0.968,0.89,0.836,,,,,0.03233333333,,0.898,,,,1_2,2_3,3_1,0,0,0,,,,,,,
,8,Y,62,0,0,0,NA,NA,NA,9,10,10,0,0,,0.963,0.94,1.025,,,,,0.002333333333,,0.976,1,,,1_2,2_3,3_1,0,0,0,,,,,,,
,8,Y,63,0,0,0,NA,NA,NA,3,10,10,0,0,,1.069,0.969,0.811,,,,,0.022,,0.9496666667,2,,,1_3,2_2,3_1,0,0,0,,,,,,,
,8,Y,64,0,0,0,NA,NA,NA,5,15,15,0,0,,0.936,1.029,1.02,,,,,0.05966666667,,0.995,,,,1_1,2_2,3_3,0,0,0,,,,,,,
,8,Y,65,0,0,0,NA,NA,NA,13,14,14,13,x,,0.9,0.912,0.766,,,,,0.035,,0.8593333333,,,,1_2,2_3,3_1,0,0,0,,,,,,,
,8,Y,66,0,0,0,NA,NA,NA,9,14,14,9,1,,1.026,0.958,0.831,,,,,0.02566666667,,0.9383333333,,,,1_2,2_3,3_1,0,0,0,,,,,,,
,8,Y,67,0,0,0,NA,NA,NA,9,12,12,0,0,,0.875,0.955,0.936,,,,,0.002333333333,,0.922,1,,,1_1,2_2,3_3,0,0,0,,,,,,,
,8,Y,68,0,0,0,NA,NA,NA,15,15,15,13,x,,0.921,0.977,0.825,,,,,0.02333333333,,0.9076666667,,,,1_3,2_2,3_1,0,0,0,,,,,,,
,8,Y,69,1,0,0,4,NA,NA,12,13,13,13,x,,1.037,1.063,NA,,,,,0.025,,1.05,,,,1_1,2_2,N/A,0,0,0,,,,,,,
,8,Y,70,1,0,0,4,NA,NA,11,16,16,0,0,,0.989,1.088,NA,,,,,0.062,,1.0385,,,,1_2,2_1,N/A,0,0,0,,,,,,,
,8,Y,71,1,1,0,3,7,NA,7,8,8,8,x,,0.935,NA,NA,,,,,0.03,,0.935,,,,1_1,N/A,N/A,0,0,0,,,,,,,
,8,Y,72,0,0,0,NA,NA,NA,9,10,10,0,1,,0.912,0.94,0.946,,,,,0.01866666667,,0.9326666667,,,,1_3,2_2,3_1,0,0,0,,,,,,,
,8,Y,73,0,0,0,NA,NA,NA,2,7,7,0,0,,0.888,0.908,0.905,,,,,0.002333333333,,0.9003333333,,,,1_1,2_2,3_3,0,0,0,,,,,,,
,8,Y,74,0,0,0,NA,NA,NA,11,14,14,0,0,,1.03,0.934,0.913,1.016,0.911,0.901,,0.03233333333,,0.959,,,,1_2,2_3,3_1,0,0,0,,,,,,,
,8,Y,75,0,0,0,NA,NA,NA,3,11,11,0,0,,0.945,0.898,0.947,,,,,0.03366666667,,0.93,,,,1_3,2_2,3_1,0,0,0,,,,,,,
,8,G,1,0,0,0,NA,NA,NA,16,13,13,1,0,,0.852,1.136,1.074,,,,,0.011,#DIV/0!,1.020666667,,,,1_1,2_3,3_2,0,0,0,,,1,1,,1,1
,8,G,2,0,0,0,NA,NA,NA,6,15,15,0,0,,1.025,0.999,0.905,,,,,0.01633333333,#DIV/0!,0.9763333333,,,,1_2,2_3,3_1,0,0,0,,,,,,,
,8,G,3,0,0,0,NA,NA,NA,7,16,16,0,0,,1.047,1.015,0.978,,,,,0.007666666667,#DIV/0!,1.013333333,,,,1_1,2_2,3_3,0,0,0,,,,,,,
,8,G,4,1,1,0,8,8,NA,8,12,12,0,0,,1.015,NA,NA,1.025,,,,0.07633333333,#DIV/0!,1.015,,,,1_3,N/A,N/A,0,N/A,N/A,,,,,,,
,8,G,5,1,0,0,3,NA,NA,8,11,11,0,1,,0.979,1.05,NA,,,,,0.007,#DIV/0!,1.0145,,,,1_1,2_2,N/A,0,0,N/A,,,,,,,
,8,G,6,1,0,0,3,NA,NA,13,10,10,0,0,,1.062,0.961,0.879,,,,,-0.009166666667,#DIV/0!,0.9673333333,,,jar misplaced,,,,,,,W7 pics blurry + 1 more pic in W8 than in W7??,,,,,,
,8,G,7,1,0,0,6,NA,NA,10,11,11,0,0,,1.047,0.97,NA,,,,,0.0045,#DIV/0!,1.0085,,,,1_2,2_1,N/A,0,0,N/A,,,,,,,
,8,G,8,0,0,0,NA,NA,NA,7,16,16,0,0,,0.983,0.789,0.983,,,,,0.003333333333,#DIV/0!,0.9183333333,,,,1_3,2_2,3_1,0,0,0,,,,,,,
,8,G,9,1,1,0,6,6,NA,5,8,4,0,x,,1.038,NA,NA,,,,,0.024,#DIV/0!,1.038,,,dead count,1_1,N/A,N/A,0,N/A,N/A,,,,,,,
,8,G,10,0,0,0,NA,NA,NA,7,15,15,0,5,,0.909,0.988,0.917,,,,,0.006,#DIV/0!,0.938,,,41,1_2,2_3,3_1,0,0,0,,,,,,,
,8,G,11,0,0,0,NA,NA,NA,17,14,14,2,12,,0.892,0.956,0.999,,,,,0.007,#DIV/0!,0.949,,,,1_2,2_1,3_3,0,0,0,,,,,,,
,8,G,12,1,0,0,4,NA,NA,5,11,11,10,x,,1.106,0.841,NA,,,,,0.0165,#DIV/0!,0.9735,,,W8-G group growth avg:,1_2,2_1,N/A,0,0,N/A,,,,,,,
,8,G,13,0,0,0,NA,NA,NA,6,11,11,0,0,,0.884,1.028,1.002,,,,,0.011,#DIV/0!,0.9713333333,,,#DIV/0!,1_1,2_3,3_2,0,0,0,,,1,1,,1,1
,8,G,14,1,1,1,7,7,7,0,0,0,x,x,NA,NA,NA,NA,,,,,#DIV/0!,#DIV/0!,#DIV/0!,,,,,,,,,,,,,,,,
,8,G,15,0,0,0,NA,NA,NA,7,11,11,0,0,,1.018,0.941,0.922,,,,,0.005,#DIV/0!,0.9603333333,,,,1_2,2_3,3_1,0,0,0,,,,,,,
,8,G,16,1,0,0,2,NA,NA,13,9,9,0,0,,0.951,0.963,NA,,,,,0.0085,#DIV/0!,0.957,1,,,1_1,2_2,N/A,0,0,N/A,,,,,,,
,8,G,17,0,0,0,NA,NA,NA,7,16,16,0,0,,0.928,0.833,0.935,,,,,0.01533333333,#DIV/0!,0.8986666667,1,,,1_2,2_3,3_1,0,0,0,,,,,,,
,8,G,18,1,0,0,4,NA,NA,9,11,11,0,0,,0.981,0.994,NA,1.001,1.008,,,0.0045,#DIV/0!,0.9875,,,,1_1,2_2,N/A,0,0,N/A,,,,,,,
,8,G,19,0,0,0,NA,NA,NA,15,15,15,1,0,,0.992,1.015,0.872,,,,,0.01166666667,#DIV/0!,0.9596666667,,,,1_3,2_1,3_2,0,0,0,,,,,,,
,8,G,20,0,0,0,NA,NA,NA,7,12,12,0,0,,1.01,1.004,1.016,1.007,1.013,1.025,,0.01333333333,#DIV/0!,1.01,,,,1_3,2_2,3_1,0,0,0,,,,,,,
,8,G,21,1,0,0,4,NA,NA,8,13,13,5,0,,0.939,1.007,NA,,,,,0.043,#DIV/0!,0.973,,,,1_2,2_1,N/A,0,0,N/A,,1,1,,1,1,
,8,G,22,0,0,0,NA,NA,NA,10,13,13,0,0,,0.966,0.933,0.924,,,,,0.001333333333,#DIV/0!,0.941,,,,1_1,2_2,3_3,0,0,0,,,,,,,
,8,G,23,0,0,0,NA,NA,NA,10,12,12,0,0,,0.883,0.766,1.059,,,,,0.007,#DIV/0!,0.9026666667,,,,1_2,2_3,3_1,0,0,0,,,,,,,
,8,G,24,0,0,0,NA,NA,NA,7,9,9,0,0,,0.967,1.033,0.936,,,,,0.02033333333,#DIV/0!,0.9786666667,,,,1_3,2_2,3_1,0,0,0,,,,,,,
,8,G,25,1,1,0,2,3,NA,6,17,17,0,0,,1.175,NA,NA,,,,,0.02,#DIV/0!,1.175,,,,1_1,N/A,N/A,0,N/A,N/A,,,,,,,
,8,G,26,1,0,0,3,NA,NA,2,14,14,0,0,,0.842,0.967,NA,,,,,0.0015,#DIV/0!,0.9045,,,,1_1,2_2,N/A,0,0,N/A,,,,,,,
,8,G,27,1,1,0,6,6,NA,10,13,13,0,0,,1.067,NA,NA,1.065,,,,0.069,#DIV/0!,1.067,,,,1_1,N/A,N/A,0,N/A,N/A,,,,,,,
,8,G,28,0,0,0,NA,NA,NA,21,18,18,0,16,,1.028,1.023,0.912,,,,,0.005,#DIV/0!,0.9876666667,,,,1_2,2_1,3_3,0,0,0,,,,,,,
,8,G,29,0,0,0,NA,NA,NA,8,10,10,0,0,,1.047,0.94,0.938,,,,,0.02033333333,#DIV/0!,0.975,,,,1_3,2_2,3_1,0,0,0,,1,1,,1,1,
,8,G,30,0,0,0,NA,NA,NA,13,12,12,1,0,,0.802,1.069,0.939,,,,,0.01033333333,#DIV/0!,0.9366666667,,,,1_3,2_1,3_2,0,0,0,,,,,,,
,8,G,31,0,0,0,NA,NA,NA,16,11,11,5,4,,0.828,0.733,0.96,0.844,0.755,0.959,,0.009333333333,#DIV/0!,0.8403333333,,,,1_1,2_2,3_3,0,0,0,,,,,,,
,8,G,32,1,0,0,8,NA,NA,7,12,12,0,0,,1.019,0.938,NA,,,,,0.0275,#DIV/0!,0.9785,,,,,,,,,,W7 pics blurry,,,,,,
,8,G,33,1,0,0,3,NA,NA,7,12,12,0,0,,0.973,1.003,NA,,,,,0.004,#DIV/0!,0.988,,,,1_2,2_1,N/A,0,0,N/A,,,,,,,
,8,G,34,0,0,0,NA,NA,NA,11,11,11,5,3,,0.951,0.9,1.054,,,,,0.01,#DIV/0!,0.9683333333,,,,1_2,2_1,3_3,0,0,0,,,,,,,
,8,G,35,0,0,0,NA,NA,NA,6,14,14,5,0,,1.009,1,0.925,1.003,0.99,0.925,,0.01466666667,#DIV/0!,0.978,,,,1_2,2_1,3_3,0,0,0,,,,,,,
,8,G,36,0,0,0,NA,NA,NA,4,16,16,0,0,,1.003,0.813,0.904,,,,,0.03866666667,#DIV/0!,0.9066666667,,,,1_2,2_1,3_3,0,0,0,,,,,,,
,8,G,37,0,0,0,NA,NA,NA,8,8,8,0,0,,0.954,0.884,1.009,,,,,0.005666666667,#DIV/0!,0.949,,,,1_1,2_2,3_3,0,0,0,,,,,,,
,8,G,38,1,0,0,4,NA,NA,6,19,19,0,0,,0.954,1.034,NA,,,,,0.023,#DIV/0!,0.994,,,,1_2,2_1,N/A,0,0,N/A,,,,,,,
,8,G,39,0,0,0,NA,NA,NA,7,20,20,0,0,,0.862,0.941,0.901,,,,,0.01866666667,#DIV/0!,0.9013333333,,,,1_3,2_2,3_1,0,0,0,,,,,,,
,8,G,40,0,0,0,NA,NA,NA,15,12,12,0,0,,0.892,0.949,1.072,,,,,0.014,#DIV/0!,0.971,,,,1_2,2_1,3_3,0,0,0,,,,,,,
,8,G,41,0,0,0,NA,NA,NA,12,12,12,0,0,,0.918,0.899,1.008,,,,,0.02466666667,#DIV/0!,0.9416666667,,,,1_3,2_2,3_1,0,0,0,,,,,,,
,8,G,42,1,0,0,3,NA,NA,4,17,17,0,0,,1.06,0.974,NA,,,,,0.021,#DIV/0!,1.017,,,,1_1,2_2,N/A,0,0,N/A,,,,,,,
,8,G,43,0,0,0,NA,NA,NA,6,13,13,0,0,,0.959,0.996,0.997,,,,,0.015,#DIV/0!,0.984,,,,1_2,2_1,3_3,0,0,0,,,,,,,
,8,G,44,0,0,0,NA,NA,NA,5,17,17,0,0,,0.904,0.885,0.923,,,,,0.01366666667,#DIV/0!,0.904,,,,1_1,2_3,3_2,0,0,0,,,,,,,
,8,G,45,1,0,0,8,NA,NA,5,12,12,0,0,,0.901,1.064,NA,,,,,0.001833333333,#DIV/0!,0.9825,,,,1_2,2_3,N/A,0,0,N/A,,,,,,,
,8,G,46,0,0,0,NA,NA,NA,6,10,2,1,x,,0.817,0.983,0.929,,,,,0.02666666667,#DIV/0!,0.9096666667,,,,1_2,2_3,3_1,0,0,0,,,,,,,
,8,G,47,1,0,0,3,NA,NA,12,18,18,18,x,,1.022,0.9,NA,,,,,0.0045,#DIV/0!,0.961,,,,1_2,2_1,N/A,0,0,N/A,,,,,,,
,8,G,48,1,0,0,4,NA,NA,12,14,6,7,x,,1.011,0.909,NA,,,,,0.0255,#DIV/0!,0.96,,,,1_1,2_2,N/A,0,0,N/A,,,,,,,
,8,G,49,1,0,0,4,NA,NA,7,11,11,0,0,,0.992,0.969,NA,,,,,0.016,#DIV/0!,0.9805,,,,1_2,2_1,N/A,0,0,N/A,,,,,,,
,8,G,50,0,0,0,NA,NA,NA,4,10,10,0,0,,0.939,1.002,0.853,,,,,0.01133333333,#DIV/0!,0.9313333333,,,,1_3,2_1,3_2,0,0,0,,,,,,,
,8,G,51,1,0,0,8,NA,NA,2,13,13,0,0,,1.036,1.031,NA,,,,,0.0185,#DIV/0!,1.0335,,,,1_1,2_2,N/A,0,0,N/A,,,,,,,
,8,G,52,1,1,0,2,3,NA,7,22,22,0,0,,0.973,NA,NA,,,,,0.014,#DIV/0!,0.973,,,,1_1,N/A,N/A,0,N/A,N/A,,,,,,,
,8,G,53,1,0,0,3,NA,NA,9,12,12,0,0,,0.964,0.993,NA,,,,,0.0095,#DIV/0!,0.9785,,,,1_1,2_2,N/A,0,0,N/A,,,,,,,
,8,G,54,0,0,0,NA,NA,NA,2,4,4,0,0,,0.704,0.938,0.848,,,,,0.01266666667,#DIV/0!,0.83,,,,1_2,2_3,3_1,0,0,0,,,,,,,
,8,G,55,0,0,0,NA,NA,NA,12,9,9,0,0,,1.012,1.066,0.893,,,,,0.01966666667,#DIV/0!,0.9903333333,,,,1_3,2_2,3_1,0,0,0,,,,,,,
,8,G,56,1,0,0,3,NA,NA,11,10,10,0,1,,1.032,0.982,NA,1.028,0.972,,,0.0025,#DIV/0!,1.007,1,,,1_2,2_1,N/A,0,0,N/A,,,,,,,
,8,G,57,0,0,0,NA,NA,NA,9,18,18,0,0,,0.965,1.066,0.922,,,,,0.007,#DIV/0!,0.9843333333,,,,1_3,2_2,3_1,0,0,0,,,1,1,,1,1
,8,G,58,1,0,0,8,NA,NA,7,17,17,0,0,,0.998,0.947,NA,,,,,0.1015,#DIV/0!,0.9725,,,,1_1,2_3,N/A,0,0,N/A,,,,,,,
,8,G,59,1,0,0,3,NA,NA,10,12,12,0,0,,0.974,1.021,NA,,,,,0.0005,#DIV/0!,0.9975,,,,1_1,2_2,N/A,0,0,N/A,,,,,,,
,8,G,60,0,0,0,NA,NA,NA,7,12,12,4,4,,0.942,0.948,0.918,0.951,0.942,0.901,,0.02933333333,#DIV/0!,0.936,,,,,2_2,,1,0,1,W7 pics blurry,,,,,,
,8,G,61,0,0,0,NA,NA,NA,11,12,12,0,1,,0.984,0.977,0.951,0.979,0.975,0.951,,0.02133333333,#DIV/0!,0.9706666667,,,,1_3,2_2,3_1,0,0,0,,,,,,,
,8,G,62,0,0,0,NA,NA,NA,4,13,10,8,x,,0.985,0.848,0.972,,,,,0.05833333333,#DIV/0!,0.935,,,,1_1,2_3,3_2,0,0,0,,,,,,,
,8,G,63,0,0,0,NA,NA,NA,6,14,14,0,0,,0.888,1.01,0.836,,,,,0.01766666667,#DIV/0!,0.9113333333,,,,1_3,2_2,3_1,0,0,0,,,,,,,
,8,G,64,1,1,0,4,8,NA,3,8,8,0,0,,1.036,NA,NA,,,,,0.087,#DIV/0!,1.036,,,,1_2,N/A,N/A,0,N/A,N/A,,,,,,,
,8,G,65,1,0,0,4,NA,NA,12,12,12,0,0,,0.941,1.015,NA,,,,,0.005,#DIV/0!,0.978,,,,1_2,2_1,N/A,0,0,N/A,,,,,,,
,8,G,66,1,0,0,8,NA,NA,6,14,14,0,0,,1.016,0.984,NA,,,,,0.044,#DIV/0!,1,,,,1_2,2_1,N/A,0,0,N/A,,,,,,,
,8,G,67,1,0,0,4,NA,NA,12,13,13,0,0,,0.987,0.981,1.071,,,,,0.0535,#DIV/0!,1.013,,,jar misplaced,,,,,,,"W7 + W8 pics not matching up; 3 in W8, only 2 in W7",,,,,,
,8,G,68,0,0,0,NA,NA,NA,17,13,13,0,0,,0.982,0.978,0.986,,,,,0.013,#DIV/0!,0.982,,,,1_1,2_2,3_3,0,0,0,,,,,,,
,8,G,69,1,0,0,3,NA,NA,8,16,16,0,2,,1.027,1.07,NA,,,,,0.0475,#DIV/0!,1.0485,,,,1_2,2_1,N/A,0,0,N/A,,,,,,,
,8,G,70,0,0,0,NA,NA,NA,5,14,14,7,0,,0.95,0.958,0.938,,,,,0.01733333333,#DIV/0!,0.9486666667,,,,1_2,2_3,3_1,0,0,0,,,,,,,
,8,G,71,0,0,0,NA,NA,NA,7,19,19,0,0,,1.005,0.984,0.94,,,,,0.027,#DIV/0!,0.9763333333,,,,1_1,2_3,3_2,0,0,0,,,,,,,
,8,G,72,1,0,0,3,NA,NA,3,12,12,0,0,,0.902,0.932,NA,,,,,0.007,#DIV/0!,0.917,,,,1_2,2_1,N/A,0,0,N/A,,,,,,,
,8,G,73,0,0,0,NA,NA,NA,11,12,12,4,1,,0.923,0.895,0.889,,,,,0.042,#DIV/0!,0.9023333333,,,,1_2,2_3,3_1,0,0,0,,,,,,,
,8,G,74,0,0,0,NA,NA,NA,11,10,10,1,0,,0.966,1.038,0.9,,,,,0.002666666667,#DIV/0!,0.968,,,,1_3,2_2,3_1,0,0,0,,,,,,,
,8,G,75,0,0,0,NA,NA,NA,8,11,11,0,0,,1.028,0.98,0.924,1.011,0.98,0.923,,0.009333333333,#DIV/0!,0.9773333333,,,,1_3,2_2,3_1,0,0,0,,,,,,,
,9,O,2,0,0,0,NA,NA,NA,2,7,7,0,0,,1.072,0.965,1.08,,,,,0.001666666667,-0.9904722222,1.039,,,DEATH,1_3,2_1,3_2,0,0,0,,,,,,,
,9,O,4,1,0,0,9,NA,NA,3,7,7,0,0,,1.004,0.986,NA,0.989,0.961,,,0.032,-0.9601388889,0.995,,,14,1_3,2_1,NA,0,0,NA,,,,,,,
,9,O,5,0,0,0,NA,NA,NA,5,14,14,0,0,,0.941,1.015,0.96,0.926,0.996,0.967,,0.01266666667,-0.9794722222,0.972,,,,1_2,2_1,3_3,0,0,0,,,,,,,
,9,O,6,1,0,0,4,NA,NA,13,13,13,0,0,,1.076,1.077,NA,1.077,1.029,,,0.032,-0.9601388889,1.0765,,,w9 O growth avg,1_1,2_2,NA,0,0,NA,,,,,,,
,9,O,7,1,0,0,9,NA,NA,3,14,14,0,0,,1.095,1.035,NA,1.08,1.032,,,0.07366666667,-0.9184722222,1.065,,,0.9921388889,1_1,2_2,NA,0,0,NA,,,,,,,
,9,O,11,0,0,0,NA,NA,NA,5,9,9,0,0,,0.949,1.044,1.025,,,,,0.009,-0.9831388889,1.006,,,,1_2,2_1,3_3,0,0,0,,,,,,,
,9,O,12,1,0,0,9,NA,NA,7,15,15,0,0,,1.001,0.957,NA,1.02,0.936,,,0.04533333333,-0.9468055556,0.979,,,,1_2,2_3,NA,0,0,NA,,,,,,,
,9,O,15,1,0,0,9,NA,NA,4,18,18,0,0,,0.997,0.943,NA,,,,,-0.02566666667,-1.017805556,0.97,,,,1_2,2_1,NA,0,0,NA,,,,,,,
,9,O,16,1,0,0,2,NA,NA,1,18,18,0,0,,0.916,1.001,NA,0.918,1,,,0.013,-0.9791388889,0.9585,,,,1_2,2_1,NA,0,0,NA,,,,,,,
,9,O,17,1,0,0,5,NA,NA,3,10,10,0,0,,1.015,1.036,NA,1.025,1.02,,,0.009,-0.9831388889,1.0255,,,,1_1,2_2,NA,0,0,NA,,,,,,,
,9,O,18,1,0,0,2,NA,NA,9,10,10,0,0,,0.979,0.971,NA,,,,,0.0085,-0.9836388889,0.975,,,,1_1,2_2,NA,0,0,NA,,,,,,,
,9,O,22,1,0,0,6,NA,NA,8,11,11,11,x,,0.962,0.983,NA,,,,,0.0005,-0.9916388889,0.9725,,,,1_1,2_2,NA,0,0,NA,,,,,,,
,9,O,23,1,0,0,8,NA,NA,7,12,12,0,0,,0.93,0.97,NA,0.91,0.971,,,0.049,-0.9431388889,0.95,,,,1_1,2_2,NA,0,0,NA,,,,,,,
,9,O,24,1,1,0,6,9,NA,1,5,5,0,0,,0.909,NA,NA,1.108,,,,-0.0825,-1.074638889,0.909,,,,1_2,NA,NA,0,NA,NA,,,,,,,
,9,O,29,1,0,0,9,NA,NA,2,9,9,0,0,,0.923,0.973,NA,,,,,-0.03033333333,-1.022472222,0.948,,,,1_1,2_2,NA,0,0,NA,,,,,,,
,9,O,34,1,0,0,7,NA,NA,5,15,15,0,0,,0.983,0.978,NA,0.973,0.979,,,0.0185,-0.9736388889,0.9805,,,,1_2,2_1,NA,0,0,NA,,,,,,,
,9,O,36,0,0,0,NA,NA,NA,2,11,11,0,0,,0.956,1.013,1.01,,,,,0.003666666667,-0.9884722222,0.993,,,,1_1,2_2,3_3,0,0,0,,,,,,,
,9,O,60,0,0,0,NA,NA,NA,5,14,14,0,0,,1.018,1.06,1.054,,,,,0.002666666667,-0.9894722222,1.044,,,,1_3,2_2,3_1,0,0,0,,,,,,,
,9,W,18,0,0,0,NA,NA,NA,3,8,8,0,0,,0.969,0.973,1.013,,,,,0.03733333333,0.01068518519,0.985,,,,1_1,2_3,3_2,0,0,0,,,,,,,
,9,W,19,0,0,0,NA,NA,NA,4,10,10,0,0,,1.052,0.945,0.918,1.035,0.95,0.931,,0.005666666667,-0.02098148148,0.9716666667,,,DEATH ,1_1,2_3,3_2,0,0,0,,,,,,,
,9,W,29,0,0,0,NA,NA,NA,5,11,11,0,0,,1,1.046,1.059,1.001,1.032,1.066,,0.03133333333,0.004685185185,1.035,,,10,1_3,2_1,3_2,0,0,0,,,,,,,
,9,W,30,0,0,0,NA,NA,NA,4,17,17,7,1,,0.964,0.941,0.936,0.961,0.923,0.931,,0.01,-0.01664814815,0.947,,,,1_2,2_1,3_3,0,0,0,,,,,,,
,9,W,34,0,0,0,NA,NA,NA,2,9,9,0,0,,0.947,0.922,0.925,,,,,0.017,-0.009648148148,0.9313333333,,,snail_growth_average,1_1,2_3,3_2,0,0,0,,1,1,,1,1,
,9,W,37,0,0,0,NA,NA,NA,6,16,16,0,0,,0.994,1.02,0.992,1.009,1.001,0.987,,0.01366666667,-0.01298148148,1.002,,,0.02664814815,1_2,2_3,3_1,0,0,0,,,,,,,
,9,W,38,0,0,0,NA,NA,NA,3,11,11,0,0,,0.987,1.012,0.936,,,,,0.004333333333,-0.02231481481,0.9783333333,,,,1_3,2_1,3_2,0,0,0,,,,,,,
,9,W,46,1,0,0,6,NA,NA,6,13,13,0,0,,0.98,0.955,,,,,,0.018,-0.008648148148,0.9675,,,,1_2,2_1,NA,0,0,NA,,,,,,,
,9,W,49,0,0,0,NA,NA,NA,2,11,11,0,0,,0.93,0.977,1.129,0.94,0.985,1.141,,0.002333333333,-0.02431481481,1.012,,,,1_1,2_2,3_3,0,0,0,,,,,,,
,9,W,51,1,1,0,6,6,NA,3,11,11,0,0,,1.062,,,,,,,0.08,0.05335185185,1.062,,,,1_1,NA,NA,0,NA,NA,,,,,,,
,9,W,54,1,0,0,5,NA,NA,9,13,13,0,0,,1.025,1.023,,1.045,1.028,,,0.0155,-0.01114814815,1.024,,,,1_2,2_1,NA,0,0,NA,,,,,,,
,9,W,55,1,1,0,6,8,NA,17,10,10,0,0,,0.984,,,0.978,,,,0.092,0.06535185185,0.984,,,,1_1,NA,NA,0,NA,NA,,,,,,,
,9,W,56,1,0,0,6,NA,NA,3,13,13,0,0,,1.051,1.015,,1.056,1.01,,,0.029,0.002351851852,1.033,,,,1_1,2_2,NA,0,0,NA,,,,,,,
,9,W,62,1,1,0,9,9,NA,3,21,21,0,0,,1.016,,,,,,,0.083,0.05635185185,1.016,,,,1_2,NA,NA,0,NA,NA,,,,,,,
,9,W,65,0,0,0,NA,NA,NA,2,11,11,0,0,,1.03,1.056,0.898,1.049,1.047,0.887,,0.01266666667,-0.01398148148,0.9946666667,,,,1_2,2_1,3_3,0,0,0,,,,,,,
,9,W,66,0,0,0,NA,NA,NA,6,12,12,0,0,,0.861,0.913,0.941,,,,,0.006333333333,-0.02031481481,0.905,,,,1_1,2_3,3_2,0,0,0,,,,,,,
,9,W,70,1,0,0,6,NA,NA,9,13,13,0,0,,0.962,0.95,,0.951,0.947,,,0.0015,-0.02514814815,0.956,,,,1_1,2_2,NA,0,0,NA,,,,,,,
,9,W,74,0,0,0,NA,NA,NA,7,9,9,0,0,,0.881,0.992,0.978,,,,,0.02,-0.006648148148,0.9503333333,,,,1_3,2_2,3_1,0,0,0,,,,,,,
,9,Y,1,0,0,0,NA,NA,NA,4,13,13,0,0,,0.887,0.989,1.004,,,,,0.025,,0.96,,,,1_3,2_1,3_2,0,0,0,,,,,,,
,9,Y,2,0,0,0,NA,NA,NA,6,18,18,0,0,,0.977,0.841,0.936,,,,,0.003333333333,,0.918,,,DEATH,1_2,2_3,3_1,0,0,0,,,,,,,
,9,Y,3,0,0,0,NA,NA,NA,5,1,1,0,0,,0.993,0.994,0.905,,,,,0.023,,0.964,,,24,1_2,2_1,3_3,0,0,0,,1,1,,1,1,
,9,Y,4,0,0,0,NA,NA,NA,11,10,10,0,0,,0.927,0.985,0.944,,,,,0.016,,0.952,,,,1_3,2_2,3_1,0,0,0,,,,,,,
,9,Y,5,0,0,0,NA,NA,NA,3,8,8,0,0,,0.944,0.927,0.88,,,,,0.0003333333333,,0.917,,,,1_3,2_1,3_2,0,0,0,,,,,,,
,9,Y,6,0,0,0,NA,NA,NA,3,12,12,0,0,,0.951,0.982,1.065,,,,,0.067,,0.9993333333,,,,1_2,2_3,3_1,0,0,0,,,,,,,
,9,Y,7,0,0,0,NA,NA,NA,4,18,18,6,0,,0.976,1.034,0.877,,,,,0.02,,0.9623333333,1,,,1_2,2_3,3_1,0,0,0,,,,,,,
,9,Y,8,0,0,0,NA,NA,NA,6,14,14,0,0,,1.097,0.882,0.903,1.12,0.91,0.946,,0.006666666667,,0.9606666667,,,,1_1,2_3,3_2,0,0,0,,,,,,,
,9,Y,9,1,0,0,4,NA,NA,3,5,5,0,0,,0.951,0.82,,,,,,0.0175,,0.8855,,,,1_2,2_1,N/A,0,0,0,,,,,,,
,9,Y,10,1,0,0,7,NA,NA,7,20,20,0,0,,1.113,0.786,,,,,,0.017,,0.9495,,,,1_1,2_2,N/A,0,0,0,,,,,,,
,9,Y,11,1,0,0,2,NA,NA,11,10,10,0,0,,0.946,0.975,,,,,,0.002,,0.9605,,,,1_1,2_2,N/A,0,0,0,,,,,,,
,9,Y,12,1,0,0,5,NA,NA,5,12,12,0,0,,1.004,0.933,,0.996,0.931,,,0.008,,0.9685,,,,1_2,2_1,N/A,0,0,0,,,,,,,
,9,Y,13,0,0,0,NA,NA,NA,5,12,12,0,0,,0.908,0.958,1.026,,,,,0.016,,0.964,,,,1_2,2_1,3_3,0,0,0,,,,,,,
,9,Y,14,0,0,0,NA,NA,NA,13,14,14,0,0,,0.999,0.899,0.915,,,,,0.02033333333,,0.9376666667,,,,1_3,2_2,3_1,0,0,0,,,,,,,
,9,Y,15,0,0,0,NA,NA,NA,0,0,0,x,x,NA,1.013,0.855,0.903,,,,,0.014,,0.9236666667,,,,1_2,2_1,3_3,0,0,0,,,,,,,
,9,Y,16,0,0,0,NA,NA,NA,5,13,13,1,3,,0.971,0.991,1.028,,,,,0.0006666666667,,0.9966666667,,,,1_1,2_2,3_3,0,0,0,,,,,,,
,9,Y,17,0,0,0,NA,NA,NA,3,3,3,0,0,,0.946,0.827,0.938,,,,,0.002,,0.9036666667,,,,1_1,2_3,3_2,0,0,0,,,,,,,
,9,Y,18,0,0,0,NA,NA,NA,5,18,18,0,0,,0.942,1.035,0.866,0.949,1.037,0.863,,0.007333333333,,0.9476666667,,,,1_1,2_2,3_3,0,0,0,,,,,,,
,9,Y,19,1,0,0,7,NA,NA,3,5,5,6,x,,0.942,0.997,,,,,,0.024,,0.9695,,,,1_1,2_2,N/A,0,0,0,,,,,,,
,9,Y,20,1,0,0,4,NA,NA,8,17,17,0,0,,0.994,0.962,,,,,,0.004,,0.978,,,,1_1,2_2,N/A,0,0,0,,,,,,,
,9,Y,21,0,0,0,NA,NA,NA,7,9,9,0,0,,1.019,0.981,0.958,,,,,0.03333333333,,0.986,,,,1_3,2_1,3_2,0,0,0,,,,,,,
,9,Y,22,0,0,0,NA,NA,NA,7,14,14,0,0,,1.018,0.901,0.986,,,,,0.012,,0.9683333333,,,,1_2,2_1,3_3,0,0,0,,,,,,,
,9,Y,23,0,0,0,NA,NA,NA,3,12,12,0,1,,1.001,1.014,0.98,1.019,1.03,1.012,,0.029,,0.9983333333,,,,1_3,2_2,3_1,0,0,0,,,,,,,
,9,Y,24,0,0,0,NA,NA,NA,2,7,7,0,0,,1.031,1.091,0.949,1.044,1.084,0.947,,0.01933333333,,1.023666667,,,,1_1,2_3,3_2,0,0,0,,,,,,,
,9,Y,25,0,0,0,NA,NA,NA,3,15,15,0,0,,0.978,0.927,1.025,,,,,0.003333333333,,0.9766666667,,,,1_2,2_1,3_3,0,0,0,,,,,,,
,9,Y,26,1,0,0,4,NA,NA,3,13,13,0,0,,1.003,0.972,,,,,,0.0125,,0.9875,,,,1_2,2_1,N/A,0,0,0,,,,,,,
,9,Y,27,0,0,0,NA,NA,NA,3,0,0,x,x,NA,0.981,0.934,1.035,,,,,0.005,,0.9833333333,,,,1_3,2_2,3_1,0,0,0,,,,,,,
,9,Y,28,0,0,0,NA,NA,NA,4,16,16,0,0,,0.945,0.858,0.945,,,,,0.006,,0.916,,,,1_1,2_2,3_3,0,0,0,,,,,,,
,9,Y,29,1,0,0,3,NA,NA,4,13,13,0,0,,1.057,0.921,,,,,,0.0225,,0.989,,,,1_1,2_2,N/A,0,0,0,,,,,,,
,9,Y,30,0,0,0,NA,NA,NA,7,9,9,0,0,,0.985,0.993,0.942,,,,,0.023,,0.9733333333,,,,1_2,2_3,3_1,0,0,0,,,,,,,
,9,Y,31,1,0,0,4,NA,NA,1,13,13,0,0,,1.014,1.098,,,,,,0.0325,,1.056,,,,1_1,2_2,N/A,0,0,0,,,,,,,
,9,Y,32,0,0,0,NA,NA,NA,7,2,0,x,x,,1.012,0.996,1.008,,,,,0.007333333333,,1.005333333,,,,1_3,2_2,3_1,0,0,0,,,,,,,
,9,Y,33,1,0,0,5,NA,NA,4,8,8,0,0,,1.062,0.834,,,,,,0.028,,0.948,,,,1_2,2_1,N/A,0,0,0,,,,,,,
,9,Y,34,0,0,0,NA,NA,NA,5,18,18,0,0,,0.99,0.879,0.929,,,,,0.008,,0.9326666667,,,,1_2,2_3,3_1,0,0,0,,,,,,,
,9,Y,35,0,0,0,NA,NA,NA,6,26,26,0,0,,0.958,0.921,0.96,,,,,0.02233333333,,0.9463333333,,,,1_2,2_1,3_3,0,0,0,,,,,,,
,9,Y,36,0,0,0,NA,NA,NA,3,5,5,3,0,,1.067,0.807,0.955,,,,,0.03733333333,,0.943,,,,1_1,2_2,3_3,0,0,0,,,,,,,
,9,Y,37,1,1,0,4,9,NA,2,0,0,x,x,NA,1.008,,,,,,,0.0395,,1.008,,,,1_2,N/A,N/A,0,0,0,,,,,,,
,9,Y,38,0,0,0,NA,NA,NA,7,11,11,0,0,,1.026,0.92,1.056,,,,,0.008333333333,,1.000666667,,,,1_3,2_1,3_2,0,0,0,,,,,,,
,9,Y,39,1,0,0,3,NA,NA,3,13,13,0,0,,0.898,1.107,,,,,,0.033,,1.0025,,,,1_2,2_2,N/A,0,0,0,,,,,,,
,9,Y,40,0,0,0,NA,NA,NA,4,16,16,0,0,,1.022,0.854,1.004,,,,,0.001,,0.96,,,,1_2,2_1,3_3,0,0,0,,,,,,,
,9,Y,41,1,0,0,9,NA,NA,2,10,10,0,0,,0.998,0.972,,,,,,0.012,,0.985,,,,1_3,2_2,N/A,0,0,0,,,,,,,
,9,Y,42,1,0,0,4,NA,NA,12,12,12,0,2,,0.928,0.907,,,,,,0.0405,,0.9175,,,,1_1,2_2,N/A,0,0,0,,,,,,,
,9,Y,43,0,0,0,NA,NA,NA,1,11,11,0,0,,1.084,0.945,0.979,1.07,0.954,0.983,,0.009666666667,,1.002666667,,,,1_1,2_2,3_3,0,0,0,,,,,,,
,9,Y,44,0,0,0,NA,NA,NA,5,17,17,0,0,,0.965,1.042,0.886,0.98,1.061,0.902,,0.04233333333,,0.9643333333,,,,1_1,2_3,3_2,0,0,0,,,,,,,
,9,Y,45,0,0,0,NA,NA,NA,3,6,6,1,x,,0.947,0.993,1.048,,,,,0.005,,0.996,1,,,1_1,2_2,3_3,0,0,0,,,,,,,
,9,Y,46,0,0,0,NA,NA,NA,11,11,11,0,0,,0.996,0.935,0.877,,,,,0.002,,0.936,,,,1_1,2_3,3_2,0,0,0,,,,,,,
,9,Y,47,1,0,0,8,NA,NA,4,9,9,10,x,,1.022,1.03,,,,,,0.0375,,1.026,,,,1_1,2_2,N/A,0,0,0,,,,,,,
,9,Y,48,0,0,0,NA,NA,NA,6,13,13,0,0,,1.079,0.97,0.97,,,,,0.02966666667,,1.006333333,,,,1_1,2_3,3_2,0,0,0,,,,,,,
,9,Y,49,0,0,0,NA,NA,NA,10,15,15,0,0,,0.966,0.99,0.965,,,,,0.02733333333,,0.9736666667,,,,1_2,2_1,3_3,0,0,0,,,,,,,
,9,Y,50,0,0,0,NA,NA,NA,6,10,10,0,0,,0.924,0.89,1.054,,,,,0.009333333333,,0.956,,,,1_1,2_3,3_2,0,0,0,,,,,,,
,9,Y,51,0,0,0,NA,NA,NA,6,11,11,0,0,,0.92,0.957,1.006,,,,,0.003,,0.961,,,,1_1,2_3,3_2,0,0,0,,,,,,,
,9,Y,52,0,0,0,NA,NA,NA,6,17,17,0,0,,1.022,0.927,0.932,,,,,0.009333333333,,0.9603333333,,,,1_1,2_3,3_2,0,0,0,,,,,,,
,9,Y,53,0,0,0,NA,NA,NA,12,16,16,0,0,,1.062,0.947,0.945,,,,,0.015,,0.9846666667,,,,1_2,2_1,3_3,0,0,0,,,,,,,
,9,Y,54,0,0,0,NA,NA,NA,8,20,20,10,0,,1.016,0.976,0.851,,,,,0.006333333333,,0.9476666667,,,,1_1,2_3,3_2,0,0,0,,,,,,,
,9,Y,55,0,0,0,NA,NA,NA,7,15,15,0,0,,1.043,1.002,0.996,,,,,0.01333333333,,1.013666667,,,,1_2,2_1,3_3,0,0,0,,,,,,,
,9,Y,56,0,0,0,NA,NA,NA,7,21,21,0,0,,1.04,0.897,0.969,,,,,0.01766666667,,0.9686666667,,,,1_2,2_1,3_3,0,0,0,,,,,,,
,9,Y,57,0,0,0,NA,NA,NA,3,7,7,0,0,,0.98,0.787,0.927,0.998,0.809,0.942,,0.014,,0.898,,,,1_1,2_3,3_2,0,0,0,,,,,,,
,9,Y,58,1,0,0,3,NA,NA,2,8,8,0,0,,0.991,1.032,,,,,,0.003,,1.0115,,,,1_2,2_1,N/A,0,0,0,,,,,,,
,9,Y,59,0,0,0,NA,NA,NA,4,9,8,8,x,,0.99,0.953,0.996,,,,,0.02633333333,,0.9796666667,,,,1_2,2_1,3_3,0,0,0,,,,,,,
,9,Y,60,1,1,0,7,7,NA,3,10,10,3,0,,0.923,,,,,,,0.001,,0.923,,,,1_1,N/A,N/A,0,0,0,,,,,,,
,9,Y,61,1,0,0,9,NA,NA,1,13,13,0,0,,0.988,0.909,,0.999,0.925,,,0.0505,,0.9485,,,,1_1,2_2,N/A,0,0,0,,,,,,,
,9,Y,62,0,0,0,NA,NA,NA,4,10,10,0,0,,1.012,0.962,1.009,,,,,0.01833333333,,0.9943333333,,,,1_3,2_2,3_1,0,0,0,,,,,,,
,9,Y,63,0,0,0,NA,NA,NA,11,18,18,0,0,,0.976,0.808,1.091,,,,,0.008666666667,,0.9583333333,1,,,1_2,2_3,3_1,0,0,0,,,,,,,
,9,Y,64,0,0,0,NA,NA,NA,10,12,12,0,0,,1.061,1.049,0.943,,,,,0.02266666667,,1.017666667,,,,1_3,2_2,3_1,0,0,0,,,,,,,
,9,Y,65,0,0,0,NA,NA,NA,6,16,16,0,0,,0.795,0.955,0.947,,,,,0.03966666667,,0.899,,,,1_3,2_2,3_1,0,0,0,,,,,,,
,9,Y,66,0,0,0,NA,NA,NA,2,13,13,0,0,,0.822,1.043,0.968,,,,,0.006,,0.9443333333,,,,1_3,2_1,3_2,0,0,0,,,,,,,
,9,Y,67,0,0,0,NA,NA,NA,15,13,13,0,0,,0.975,0.955,0.892,,,,,0.01866666667,,0.9406666667,,,,1_2,2_3,3_1,0,0,0,,,,,,,
,9,Y,68,0,0,0,NA,NA,NA,10,15,15,13,x,,1.005,0.854,0.931,,,,,0.02233333333,,0.93,1,,,1_2,2_3,3_1,0,0,0,,,,,,,
,9,Y,69,1,0,0,4,NA,NA,3,11,11,0,0,,1.064,1.073,,,,,,0.0185,,1.0685,,,,1_1,2_2,N/A,0,0,0,,,,,,,
,9,Y,70,1,0,0,4,NA,NA,2,20,20,0,0,,0.994,1.113,,,,,,0.015,,1.0535,,,,1_1,2_2,N/A,0,0,0,,,,,,,
,9,Y,71,1,1,0,3,7,NA,5,10,10,2,2,,1.007,,,,,,,0.072,,1.007,,,,1_1,N/A,N/A,0,0,0,,,,,,,
,9,Y,72,0,0,0,NA,NA,NA,4,12,12,0,0,,0.997,0.97,0.964,,,,,0.04433333333,,0.977,,,,1_1,2_2,3_3,0,0,0,,,,,,,
,9,Y,73,0,0,0,NA,NA,NA,5,16,16,0,0,,0.915,0.868,0.955,,,,,0.01233333333,,0.9126666667,,,,1_2,2_3,3_1,0,0,0,,,,,,,
,9,Y,74,0,0,0,NA,NA,NA,7,6,6,6,x,,0.945,0.958,0.992,0.954,0.971,0.980,,0.006,,0.965,,,,1_1,2_2,3_3,0,0,0,,,,,,,
,9,Y,75,0,0,0,NA,NA,NA,7,8,8,0,0,,0.931,0.91,0.977,,,,,0.009333333333,,0.9393333333,1,,,1_1,2_2,3_3,0,0,0,,,,,,,
,9,G,1,0,0,0,NA,NA,NA,3,22,22,0,0,,1.124,1.048,0.866,1.14,1.072,0.855,,-0.008,#DIV/0!,1.012666667,,,,1_2,2_3,3_1,0,0,0,,,,,,,
,9,G,2,0,0,0,NA,NA,NA,8,14,14,0,0,,1.06,0.997,0.928,,,,,0.01866666667,#DIV/0!,0.995,,,DEATH,1_1,2_2,3_3,0,0,0,,,,,,,
,9,G,3,0,0,0,NA,NA,NA,8,20,20,0,0,,1.061,1.006,1.081,,,,,0.036,#DIV/0!,1.049333333,,,53,1_2,2_3,3_1,0,0,0,,,,,,,
,9,G,4,1,1,0,8,8,NA,6,10,10,0,0,,1.053,NA,NA,,,,,0.038,#DIV/0!,1.053,,,,1_1,N/A,N/A,0,N/A,N/A,,,,,,,
,9,G,5,1,0,0,3,NA,NA,9,17,17,0,0,,1.046,0.963,NA,,,,,-0.01,#DIV/0!,1.0045,,,,1_2,2_1,N/A,0,0,N/A,,,,,,,
,9,G,6,1,0,0,3,NA,NA,6,15,15,0,0,,0.96,1.064,0.888,,,,,0.003333333333,#DIV/0!,0.9706666667,,,3 snails found but have 1death records,1_2,2_1,3_3,0,0,0,,,,,,,
,9,G,7,1,0,0,6,NA,NA,7,16,16,0,0,,1.092,1.091,NA,,,,,0.083,#DIV/0!,1.0915,,,snail_growth_avg,1_2,2_1,N/A,0,0,N/A,,,,,,,
,9,G,8,1,0,0,9,NA,NA,7,19,19,3,0,,1.014,0.977,NA,,,,,0.07716666667,#DIV/0!,0.9955,,,#DIV/0!,1_3,2_1,N/A,0,0,N/A,,,,,,,
,9,G,9,1,1,0,6,6,NA,4,20,20,0,1,,1.058,NA,NA,,,,,0.02,#DIV/0!,1.058,,,,1_1,N/A,N/A,0,N/A,N/A,,,,,,,
,9,G,10,0,0,0,NA,NA,NA,3,16,16,0,0,,0.948,1.034,0.938,,,,,0.03533333333,#DIV/0!,0.9733333333,,,,1_1,2_2,3_3,0,0,0,,,,,,,
,9,G,11,0,0,0,NA,NA,NA,6,18,18,0,0,,0.907,1.03,0.975,,,,,0.02166666667,#DIV/0!,0.9706666667,,,,1_1,2_3,3_2,0,0,0,,,,,,,
,9,G,12,1,0,0,4,NA,NA,4,13,13,0,0,,0.823,1.128,NA,0.848,1.141,,,0.002,#DIV/0!,0.9755,,,,1_2,2_1,N/A,0,0,N/A,,,,,,,
,9,G,13,1,0,0,9,NA,NA,8,13,13,0,0,,0.96,1.028,NA,,,,,0.02266666667,#DIV/0!,0.994,,,,,,,1,1,1,bad positioning of W8 pics -- hard to ID,,,,,,
,9,G,14,1,1,1,7,7,7,0,0,0,x,x,NA,NA,NA,NA,,,,,#DIV/0!,#DIV/0!,#DIV/0!,,,,N/A,N/A,N/A,N/A,N/A,N/A,,,,,,,
,9,G,15,0,0,0,NA,NA,NA,6,19,19,0,0,,1.009,0.954,0.94,,,,,0.007333333333,#DIV/0!,0.9676666667,,,,1_1,2_3,3_2,0,0,0,,,,,,,
,9,G,16,1,0,0,2,NA,NA,8,11,11,0,0,,0.989,1.007,NA,,,,,0.041,#DIV/0!,0.998,,,,1_2,2_1,N/A,0,0,N/A,,,,,,,
,9,G,17,0,0,0,NA,NA,NA,6,14,14,0,0,,0.965,0.946,0.867,,,,,0.02733333333,#DIV/0!,0.926,,,,1_3,2_1,3_2,0,0,0,,,,,,,
,9,G,18,1,0,0,4,NA,NA,6,13,13,0,0,,1.003,1.028,NA,,,,,0.028,#DIV/0!,1.0155,,,,1_1,2_2,N/A,0,0,N/A,,,,,,,
,9,G,19,0,0,0,NA,NA,NA,6,16,16,0,0,,1.013,1.064,0.844,,,,,0.014,#DIV/0!,0.9736666667,,,,1_1,2_2,3_3,0,0,0,,,1,1,,1,1
,9,G,20,0,0,0,NA,NA,NA,3,15,15,0,0,,1.032,1.017,NA,,,,,0.0145,#DIV/0!,1.0245,,,,1_3,,,0,1,1,W9_2 and W9_3 are the same pic,,,,,,
,9,G,21,1,0,0,4,NA,NA,6,21,21,0,2,,0.994,0.955,NA,1.014,0.952,,,0.0015,#DIV/0!,0.9745,,,,1_2,2_1,N/A,0,0,N/A,,,,,,,
,9,G,22,0,0,0,NA,NA,NA,5,13,13,0,0,,0.919,0.953,0.956,,,,,0.001666666667,#DIV/0!,0.9426666667,,,,1_3,2_1,3_2,0,0,0,,,,,,,
,9,G,23,1,1,0,9,9,NA,5,11,11,0,0,,1.099,NA,NA,,,,,0.1963333333,#DIV/0!,1.099,,,,1_3,N/A,N/A,0,N/A,N/A,,,,,,,
,9,G,24,0,0,0,NA,NA,NA,7,10,10,0,0,,1.053,0.986,0.934,,,,,0.01233333333,#DIV/0!,0.991,,,,1_2,2_1,3_3,0,0,0,,,,,,,
,9,G,25,1,1,0,2,3,NA,7,20,20,0,0,,1.206,NA,NA,,,,,0.031,#DIV/0!,1.206,,,,1_1,N/A,N/A,0,N/A,N/A,,,,,,,
,9,G,26,1,0,0,3,NA,NA,10,14,14,1,0,,0.968,0.84,NA,,,,,-0.0005,#DIV/0!,0.904,,,,1_2,2_1,N/A,0,0,N/A,,,,,,,
,9,G,27,1,1,0,6,6,NA,5,11,11,2,0,,1.09,NA,NA,,,,,0.023,#DIV/0!,1.09,,,,1_1,N/A,N/A,0,N/A,N/A,,,,,,,
,9,G,28,1,0,0,9,NA,NA,4,12,12,0,0,,1.022,0.929,NA,,,,,-0.01216666667,#DIV/0!,0.9755,,,,1_2,2_3,N/A,0,0,N/A,,,,,,,
,9,G,29,0,0,0,NA,NA,NA,7,14,14,1,0,,0.944,1.023,0.969,,,,,0.003666666667,#DIV/0!,0.9786666667,,,,1_2,2_1,3_3,0,0,0,,,,,,,
,9,G,30,0,0,0,NA,NA,NA,7,14,14,0,0,,1.081,0.828,0.934,,,,,0.011,#DIV/0!,0.9476666667,,,,1_2,2_1,3_3,0,0,0,,,,,,,
,9,G,31,1,1,0,9,9,NA,6,12,12,0,0,,0.987,NA,NA,,,,,0.1466666667,#DIV/0!,0.987,,,,1_3,N/A,N/A,0,N/A,N/A,,,,,,,
,9,G,32,1,0,0,8,NA,NA,3,14,14,0,0,,0.972,1.021,NA,,,,,0.018,#DIV/0!,0.9965,,,,1_2,2_1,N/A,0,0,N/A,,,,,,,
,9,G,33,1,0,0,3,NA,NA,2,22,22,0,0,,1.05,1.097,0.906,1.066,1.095,0.917,,0.02966666667,#DIV/0!,1.017666667,,,3 snails found but have 1death records,,,,1,1,1,W9 pics dont match with W8,,,,,,
,9,G,34,0,0,0,NA,NA,NA,7,15,15,0,0,,1.053,0.985,0.929,,,,,0.02066666667,#DIV/0!,0.989,,,,1_3,2_1,3_2,0,0,0,,,,,,,
,9,G,35,0,0,0,NA,NA,NA,4,19,19,0,0,,1.005,0.99,0.96,1.003,0.992,0.980,,0.007,#DIV/0!,0.985,,,,1_1,2_2,3_3,0,0,0,,,,,,,
,9,G,36,1,0,0,9,NA,NA,4,14,14,0,0,,0.922,1.048,NA,,,,,0.07833333333,#DIV/0!,0.985,,,,1_3,2_1,N/A,0,0,N/A,,,,,,,
,9,G,37,0,0,0,NA,NA,NA,6,12,12,0,0,,0.987,0.932,1.005,,,,,0.02566666667,#DIV/0!,0.9746666667,,,,1_1,2_2,3_3,0,0,0,,,,,,,
,9,G,38,1,0,0,4,NA,NA,5,16,16,0,2,,0.953,1.069,NA,,,,,0.017,#DIV/0!,1.011,,,,1_1,2_2,N/A,0,0,N/A,,,,,,,
,9,G,39,0,0,0,NA,NA,NA,7,16,16,0,0,,0.919,0.965,0.852,,,,,0.01066666667,#DIV/0!,0.912,,,,1_3,2_2,3_1,0,0,0,,,,,,,
,9,G,40,1,0,0,9,NA,NA,5,16,16,0,0,,1.103,0.964,NA,,,,,0.0625,#DIV/0!,1.0335,,,,1_3,2_2,N/A,0,0,N/A,,,,,,,
,9,G,41,0,0,0,NA,NA,NA,9,13,13,0,0,,1,0.939,0.95,0.997,0.96,0.954,,0.02133333333,#DIV/0!,0.963,,,,1_3,2_2,3_1,0,0,0,,,,,,,
,9,G,42,1,0,0,3,NA,NA,2,23,23,0,0,,1.088,1.017,NA,,,,,0.0355,#DIV/0!,1.0525,,,,1_1,2_2,N/A,0,0,N/A,,,,,,,
,9,G,43,0,0,0,NA,NA,NA,4,13,13,0,0,,0.981,1.014,0.973,,,,,0.005333333333,#DIV/0!,0.9893333333,,,,1_2,2_3,3_1,0,0,0,,,,,,,
,9,G,44,0,0,0,NA,NA,NA,12,21,21,0,0,,0.892,0.913,0.915,0.911,0.917,0.911,,0.002666666667,#DIV/0!,0.9066666667,,,,1_2,2_3,3_1,0,0,0,,,,,,,
,9,G,45,1,0,0,8,NA,NA,5,15,15,0,0,,1.021,1.054,0.96,,,,,0.02916666667,#DIV/0!,1.011666667,,,,,,,1,1,1,"W9 pics dont match with W8; 3 in W9, only 2 in W8",,,,,,
,9,G,46,0,0,0,NA,NA,NA,5,8,8,0,0,,0.934,0.82,0.981,,,,,0.002,#DIV/0!,0.9116666667,,,,1_3,2_1,3_2,0,0,0,,,,,,,
,9,G,47,1,1,0,3,9,NA,2,9,9,0,0,,1.033,NA,NA,,,,,0.072,#DIV/0!,1.033,,,,1_1,N/A,N/A,0,N/A,N/A,,,,,,,
,9,G,48,1,0,0,4,NA,NA,7,20,20,9,x,,0.999,0.933,NA,,,,,0.006,#DIV/0!,0.966,,,,1_1,2_2,N/A,0,0,N/A,,,,,,,
,9,G,49,1,0,0,4,NA,NA,3,18,18,0,0,,1.048,1.018,NA,,,,,0.0525,#DIV/0!,1.033,,,,1_1,2_2,N/A,0,0,N/A,,,,,,,
,9,G,50,0,0,0,NA,NA,NA,3,9,9,0,0,,0.979,0.867,0.969,1.003,0.864,0.980,,0.007,#DIV/0!,0.9383333333,,,,1_2,2_3,3_1,0,0,0,,,,,,,
,9,G,51,1,0,0,8,NA,NA,6,13,13,0,0,,0.999,1.033,NA,1.021,1.051,,,-0.0175,#DIV/0!,1.016,,,,1_2,2_1,N/A,0,0,N/A,,,,,,,
,9,G,52,1,1,0,2,3,NA,7,17,17,17,x,,1.004,NA,NA,,,,,0.031,#DIV/0!,1.004,,,,1_1,N/A,N/A,0,N/A,N/A,,,,,,,
,9,G,53,1,0,0,3,NA,NA,7,12,12,0,0,,1.037,1.025,NA,1.034,1.043,,,0.0525,#DIV/0!,1.031,,,,1_1,2_2,N/A,0,0,N/A,,,,,,,
,9,G,54,1,0,0,9,NA,NA,6,15,15,0,0,,0.851,0.96,NA,,,,,0.0755,#DIV/0!,0.9055,,,,1_3,2_2,N/A,0,0,N/A,,,,,,,
,9,G,55,0,0,0,NA,NA,NA,12,12,12,0,0,,0.881,1.079,1.019,,,,,0.002666666667,#DIV/0!,0.993,,,,1_3,2_2,3_1,0,0,0,,,,,,,
,9,G,56,1,0,0,3,NA,NA,3,18,18,0,0,,0.973,1.042,NA,,,,,0.0005,#DIV/0!,1.0075,,,,1_2,2_1,N/A,0,0,N/A,,,,,,,
,9,G,57,0,0,0,NA,NA,NA,3,10,10,0,0,,1.105,0.978,0.96,,,,,0.03,#DIV/0!,1.014333333,,,,1_2,2_1,3_3,0,0,0,,,,,,,
,9,G,58,1,0,0,8,NA,NA,7,14,14,0,0,,1.054,0.993,NA,,,,,0.051,#DIV/0!,1.0235,,,,1_1,2_2,N/A,0,0,N/A,,,,,,,
,9,G,59,1,0,0,3,NA,NA,3,17,17,0,0,,0.99,1.066,NA,,,,,0.0305,#DIV/0!,1.028,,,,1_1,2_2,N/A,0,0,N/A,,,,,,,
,9,G,60,0,0,0,NA,NA,NA,3,16,16,0,0,,0.943,0.97,0.977,,,,,0.02733333333,#DIV/0!,0.9633333333,,,,1_3,2_1,3_2,0,0,0,,,,,,,
,9,G,61,0,0,0,NA,NA,NA,3,19,19,0,0,,0.964,1.038,1.003,,,,,0.031,#DIV/0!,1.001666667,,,,1_3,2_1,3_2,0,0,0,,,,,,,
,9,G,62,0,0,0,NA,NA,NA,4,12,12,0,0,,1.006,0.989,0.863,,,,,0.01766666667,#DIV/0!,0.9526666667,,,,1_1,2_3,3_2,0,0,0,,,,,,,
,9,G,63,0,0,0,NA,NA,NA,11,12,12,0,0,,1.037,0.904,0.923,,,,,0.04333333333,#DIV/0!,0.9546666667,,,,1_2,2_3,3_1,0,0,0,,,,,,,
,9,G,64,1,1,0,4,8,NA,7,12,12,11,x,,1.079,NA,NA,,,,,0.043,#DIV/0!,1.079,,,,1_1,N/A,N/A,0,N/A,N/A,,,,,,,
,9,G,65,1,0,0,4,NA,NA,3,11,11,0,0,,1.06,0.988,NA,,,,,0.046,#DIV/0!,1.024,,,,1_2,2_1,N/A,0,0,N/A,,,,,,,
,9,G,66,1,0,0,8,NA,NA,6,19,19,0,0,,1.035,1.002,NA,,,,,0.0185,#DIV/0!,1.0185,,,,1_1,2_2,N/A,0,0,N/A,,,,,,,
,9,G,67,1,0,0,4,NA,NA,6,13,13,0,0,,0.995,0.986,1.061,,,,,0.001,#DIV/0!,1.014,,,3 snails found but have 1death records,1_1,2_2,3_3,0,0,0,,,,,,,
,9,G,68,0,0,0,NA,NA,NA,7,13,13,5,0,,0.999,0.975,0.972,,,,,0,#DIV/0!,0.982,,,,1_1,2_2,3_3,0,0,0,,,,,,,
,9,G,69,1,0,0,3,NA,NA,3,18,18,0,0,,1.075,1.037,NA,,,,,0.0075,#DIV/0!,1.056,,,,1_2,2_1,N/A,0,0,N/A,,,,,,,
,9,G,70,0,0,0,NA,NA,NA,13,15,15,0,0,,0.944,0.957,0.977,,,,,0.01066666667,#DIV/0!,0.9593333333,,,,1_3,2_2,3_1,0,0,0,,,,,,,
,9,G,71,0,0,0,NA,NA,NA,7,17,17,0,0,,0.967,1.005,0.97,,,,,0.004333333333,#DIV/0!,0.9806666667,,,,1_3,2_1,3_2,0,0,0,,,,,,,
,9,G,72,1,0,0,3,NA,NA,5,11,11,0,0,,0.957,0.92,NA,,,,,0.0215,#DIV/0!,0.9385,,,,1_2,2_1,N/A,0,0,N/A,,,,,,,
,9,G,73,0,0,0,NA,NA,NA,11,9,9,9,x,,0.884,0.941,0.887,,,,,0.001666666667,#DIV/0!,0.904,,,,1_2,2_1,3_3,0,0,0,,,,,,,
,9,G,74,0,0,0,NA,NA,NA,3,14,14,0,0,,0.948,0.926,1.045,,,,,0.005,#DIV/0!,0.973,,,,1_1,2_3,3_2,0,0,0,,,,,,,
,9,G,75,1,0,0,9,NA,NA,8,18,18,0,0,,1.059,0.901,NA,,,,,0.002666666667,#DIV/0!,0.98,,,,,,,1,1,1,W9 pics positioned incorrectly - hard to ID,1,1,,1,1,
,10,O,2,0,0,0,NA,NA,NA,8,8,8,0,0,,0.976,1.087,1.058,1.059,1.085,0.959,,0.001333333333,-1.019425926,1.040333333,,,,1_1,2_3,3_2,0,0,0,,,1,1,,1,1
,10,O,4,1,0,0,9,NA,NA,7,6,6,0,0,,1.019,0.977,NA,1.036,0.987,,,0.003,-1.017759259,0.998,,,deathcounts:,1_1,2_2,NA,0,0,NA,,,,,,,
,10,O,5,0,0,0,NA,NA,NA,8,15,15,0,0,,0.989,1.012,0.932,,,,,0.005666666667,-1.015092593,0.9776666667,,,17,1_1,2_2,3_3,0,0,0,,,,,,,
,10,O,6,1,0,0,4,NA,NA,8,11,10,9,x,,1.07,1.114,NA,1.073,1.109,,,0.0155,-1.005259259,1.092,,,,1_2,2_1,NA,0,0,NA,,,,,,,
,10,O,7,1,0,0,9,NA,NA,4,7,7,5,x,,1.066,1.075,NA,1.068,1.069,,,0.0055,-1.015259259,1.0705,,,w10 o avg growth,1_1,2_2,NA,0,0,NA,,,,,,,
,10,O,11,1,0,0,10,NA,NA,3,7,7,6,x,,1.05,1.027,NA,,,,,0.0325,-0.9882592593,1.0385,,,1.020759259,1_1,2_2,NA,0,0,NA,,,,,,,
,10,O,12,1,0,0,9,NA,NA,7,11,11,0,0,,1.016,0.993,NA,,,,,0.0255,-0.9952592593,1.0045,,,,1_1,2_2,NA,0,0,NA,,,,,,,
,10,O,15,1,0,0,9,NA,NA,6,17,17,0,0,,1.112,1.059,NA,,,,,0.1155,-0.9052592593,1.0855,,,,1_2,2_1,NA,0,0,NA,,,,,,,
,10,O,16,1,0,0,2,NA,NA,4,19,19,0,0,,0.969,1.032,NA,0.966,1.022,,,0.042,-0.9787592593,1.0005,,,,1_1,2_2,NA,0,0,NA,,,,,,,
,10,O,17,1,1,0,5,10,NA,1,7,7,0,0,,1.021,NA,NA,,,,,-0.0045,-1.025259259,1.021,,,,1_1,NA,NA,0,NA,NA,,,,,,,
,10,O,18,1,0,0,2,NA,NA,4,8,8,0,0,,1.021,0.945,NA,,,,,0.008,-1.012759259,0.983,2,,,1_1,2_2,NA,0,0,NA,,,,,,,
,10,O,22,1,0,0,6,NA,NA,10,14,14,0,0,,0.991,0.985,NA,0.992,0.982,,,0.0155,-1.005259259,0.988,,,,1_2,2_1,NA,0,0,NA,,,,,,,
,10,O,23,1,0,0,8,NA,NA,8,19,19,0,0,,0.997,0.925,NA,1.005,0.932,,,0.011,-1.009759259,0.961,,,,1_2,2_1,NA,0,0,NA,,,,,,,
,10,O,24,1,1,0,6,9,NA,11,13,11,0,0,,1.119,NA,NA,1.124,,,,0.21,-0.8107592593,1.119,,,,1_1,NA,NA,0,NA,NA,,,,,,,
,10,O,29,1,0,0,9,NA,NA,6,11,11,0,0,,0.954,0.975,NA,0.967,0.958,,,0.0165,-1.004259259,0.9645,,,,1_1,2_2,NA,0,0,NA,,,,,,,
,10,O,34,1,1,0,7,10,NA,6,15,15,1,0,,0.976,NA,NA,,,,,-0.0045,-1.025259259,0.976,,,,1_1,NA,NA,0,NA,NA,,,,,,,
,10,O,36,0,0,0,NA,NA,NA,7,9,9,0,0,,0.963,1.03,1.008,,,,,0.007333333333,-1.013425926,1.000333333,,,,1_2,2_3,3_1,0,0,0,,,,,,,
,10,O,60,0,0,0,NA,NA,NA,5,13,13,0,0,,1.002,1.093,1.065,0.999,1.094,1.071,,0.009333333333,-1.011425926,1.053333333,,,,1_1,2_2,3_3,0,0,0,,,,,,,
,10,W,18,1,0,0,10,NA,NA,3,15,15,0,0,,1.043,0.95,,0.946,1.053,,Y,0.9591666667,-0.007972222222,0.9965,,,,1_1,2_2,NA,0,0,NA,,,,,,,
,10,W,19,0,0,0,NA,NA,NA,11,16,16,0,0,,0.97,0.981,0.992,0.953,0.993,0.996,,0.9753333333,0.008194444444,0.981,,,death counts:,,,,0,0,0,can't figure out,,,,,,
,10,W,29,0,0,0,NA,NA,NA,8,13,13,0,0,,1.05,1.009,1.063,1.072,0.996,1.068,,1.009333333,0.04219444444,1.040666667,,,11,1_2,2_1,3_3,0,0,0,,,,,,,
,10,W,30,0,0,0,NA,NA,NA,2,18,18,0,0,,0.923,0.954,0.921,0.936,0.96,0.922,,0.9226666667,-0.04447222222,0.9326666667,,,,1_3,2_1,3_2,0,0,0,,,,,,,
,10,W,34,0,0,0,NA,NA,NA,0,0,0,x,x,NA,0.982,0.972,0.933,,,,,0.9453333333,-0.02180555556,0.9623333333,,,,1_2,2_3,3_1,0,0,0,,,,,,,
,10,W,37,0,0,0,NA,NA,NA,9,11,11,0,0,,0.994,1.058,1.04,,,,,1.017,0.04986111111,1.030666667,,,snail growth average,1_2,2_1,3_3,0,0,0,,,1,1,,1,1
,10,W,38,0,0,0,NA,NA,NA,2,16,16,0,0,,1.01,1.024,0.948,1.013,1.036,0.960,,0.9896666667,0.02252777778,0.994,,,0.9671388889,1_1,2_2,3_3,0,0,0,,,,,,,
,10,W,46,1,0,0,6,NA,NA,11,10,10,0,0,,0.936,0.961,,,,,,0.9305,-0.03663888889,0.9485,,,,1_1,2_2,NA,0,0,NA,,,,,,,
,10,W,49,0,0,0,NA,NA,NA,3,18,18,0,0,,0.991,1.125,0.928,0.985,1.122,0.908,,1.012333333,0.04519444444,1.014666667,,,,1_2,2_1,3_1,0,0,0,,,,,,,
,10,W,51,1,1,0,6,6,NA,11,20,15,0,0,,1.07,,,,,,,0.99,0.02286111111,1.07,,,,1_1,NA,NA,0,NA,NA,,,,,,,
,10,W,54,1,0,0,5,NA,NA,8,19,19,0,0,,1.03,1.034,,1.036,1.036,,,1.0165,0.04936111111,1.032,,,,1_1,2_2,NA,0,0,NA,,,,,,,
,10,W,55,1,1,0,6,8,NA,8,16,16,0,0,,1.002,,,1.003,,,,0.91,-0.05713888889,1.002,,,,1_1,NA,NA,0,NA,NA,,,,,,,
,10,W,56,1,0,0,6,NA,NA,13,12,12,0,0,,1.017,1.056,,,,,,1.0075,0.04036111111,1.0365,,,,1_2,2_1,NA,0,0,NA,,,,,,,
,10,W,62,1,1,0,9,9,NA,4,15,15,0,0,,1.03,,,1.034,,,,0.947,-0.02013888889,1.03,,,,1_1,NA,NA,0,NA,NA,,,,,,,
,10,W,65,0,0,0,NA,NA,NA,18,13,13,0,0,,1.014,1.061,0.905,,,,,0.9806666667,0.01352777778,0.9933333333,,,,1_1,2_2,3_3,0,0,0,,,,,,,
,10,W,66,0,0,0,NA,NA,NA,6,11,11,0,0,,0.954,0.933,0.888,,,,,0.9186666667,-0.04847222222,0.925,,,,1_3,2_2,3_1,0,0,0,,,,,,,
,10,W,70,1,0,0,6,NA,NA,13,16,16,14,x,,0.931,0.973,,,,,,0.9505,-0.01663888889,0.952,,,,1_2,2_1,NA,0,0,NA,,,,,,,
,10,W,74,0,0,0,NA,NA,NA,8,10,10,,0,,0.993,0.886,0.96,0.984,0.881,0.963,,0.9263333333,-0.04080555556,0.9463333333,,,,1_2,2_1,3_3,0,0,0,,,,,,,
,10,Y,1,0,0,0,NA,NA,NA,4,11,11,0,0,,1.042,1.031,0.928,1.052,1.017,0.932,,0.04033333333,,1.000333333,,,,1_2,2_3,3_1,,,,,,,,,,
,10,Y,2,0,0,0,NA,NA,NA,11,19,19,0,0,,0.84,0.951,1.008,0.851,0.966,1.006,,0.015,,0.933,,,,1_2,2_3,3_1,,,,,,,,,,
,10,Y,3,0,0,0,NA,NA,NA,5,11,11,2,1,,0.928,0.94,1.029,,,,,0.001666666667,,0.9656666667,,,,1_3,2_2,3_1,,,,,,,,,,
,10,Y,4,0,0,0,NA,NA,NA,14,12,12,0,1,,1.012,0.929,1.055,,,,,0.04666666667,,0.9986666667,,,death counts:,1_3,2_1,3_2,,,,,,,,,,
,10,Y,5,0,0,0,NA,NA,NA,13,16,16,1,5,,0.967,0.914,0.938,,,,,0.02266666667,,0.9396666667,,,33,1_1,2_3,3_2,,,,,,,,,,
,10,Y,6,0,0,0,NA,NA,NA,7,12,12,0,0,,1.051,0.979,0.988,,,,,0.006666666667,,1.006,,,,1_3,2_1,3_2,,,,,,,,,,
,10,Y,7,0,0,0,NA,NA,NA,10,9,9,0,0,,1.016,0.896,0.993,,,,,0.006,,0.9683333333,,,,1_2,2_3,3_1,,,,,,,,,,
,10,Y,8,0,0,0,NA,NA,NA,8,10,8,6,x,,0.936,0.903,1.074,,,,,0.01033333333,,0.971,,,,1_3,2_2,3_1,,,,,,,,,,
,10,Y,9,1,0,0,4,NA,NA,6,8,8,0,0,,0.994,0.866,,,,,,0.0445,,0.93,,,,1_1,2_2,N/A,,,,,,,,,,
,10,Y,10,1,0,0,7,NA,NA,11,18,18,0,0,,1.121,0.782,,,,,,0.002,,0.9515,,,,1_1,2_2,N/A,,,,,,,,,,
,10,Y,11,1,0,0,2,NA,NA,4,11,11,0,0,,0.993,1.007,,1.013,1.003,,,0.0395,,1,,,,1_2,2_1,N/A,,,,,,,,,,
,10,Y,12,1,0,0,5,NA,NA,12,15,15,1,0,,1.036,0.987,,,,,,0.043,,1.0115,,,,1_1,2_2,N/A,,,,,,,,,,
,10,Y,13,0,0,0,NA,NA,NA,4,8,8,0,0,,1.065,0.949,0.901,,,,,0.007666666667,,0.9716666667,2,,,1_3,2_2,3_1,,,,,,,,,,
,10,Y,14,1,1,1,10,10,10,0,0,0,x,x,NA,,,,,,,,#DIV/0!,,#DIV/0!,,,,N/A,N/A,N/A,,,,,,,,,,
,10,Y,15,1,1,1,10,10,10,0,0,0,x,x,NA,,,,,,,,#DIV/0!,,#DIV/0!,,,,N/A,N/A,N/A,,,,,,,,,,
,10,Y,16,0,0,0,NA,NA,NA,9,24,24,0,0,,1.003,1.024,1.044,1.008,1.026,1.040,,0.027,,1.023666667,,,,1_1,2_2,3_3,,,,,,,,,,
,10,Y,17,0,0,0,NA,NA,NA,6,11,11,0,0,,0.971,0.841,0.97,,,,,0.02366666667,,0.9273333333,,,,1_3,2_2,3_1,,,,,,,,,,
,10,Y,18,0,0,0,NA,NA,NA,14,20,20,0,0,,0.981,0.863,1.043,,,,,0.01466666667,,0.9623333333,1,,,1_1,2_3,3_2,,,,,,,,,,
,10,Y,19,1,0,0,7,NA,NA,8,10,10,1,0,,1.007,0.94,,,,,,0.004,,0.9735,,,,1_2,2_1,N/A,,,,,,,,,,
,10,Y,20,1,0,0,4,NA,NA,3,10,10,0,0,,0.979,1.008,,,,,,0.0155,,0.9935,,,,1_2,2_1,N/A,,,,,,,,,,
,10,Y,21,0,0,0,NA,NA,NA,10,19,19,0,0,,0.951,1.046,0.969,,,,,0.002666666667,,0.9886666667,,,,1_3,2_1,3_2,,,,,,,,,,
,10,Y,22,0,0,0,NA,NA,NA,20,13,13,0,0,,0.997,0.897,1.022,1,0.918,1.022,,0.003666666667,,0.972,1,1,,1_3,2_2,3_1,,,,,,,,,,
,10,Y,23,0,0,0,NA,NA,NA,10,22,22,0,0,,0.999,1.006,0.991,,,,,0.0003333333333,,0.9986666667,,,,1_1,2_2,3_3,,,,,,,,,,
,10,Y,24,0,0,0,NA,NA,NA,12,16,16,0,5,,1.121,1.007,0.951,,,,,0.002666666667,,1.026333333,,,,1_2,2_1,3_3,,,,,,,,,,
,10,Y,25,0,0,0,NA,NA,NA,7,18,18,0,0,,1.017,0.985,0.959,,,,,0.01033333333,,0.987,,,,1_3,2_1,3_2,,,,,,,,,,
,10,Y,26,1,0,0,4,NA,NA,4,8,7,0,x,,1.019,0.98,,,,,,0.012,,0.9995,,,,1_1,2_2,N/A,,,,,,,,,,
,10,Y,27,0,0,0,NA,NA,NA,1,6,6,0,1,,1.031,0.943,1.001,,,,,0.008333333333,,0.9916666667,,,,1_3,2_2,3_1,,,,,,,,,,
,10,Y,28,0,0,0,NA,NA,NA,13,11,11,11,x,,0.969,0.921,0.956,0.964,0.934,0.979,,0.03266666667,,0.9486666667,1,,,1_3,2_2,3_1,,,,,,,,,,
,10,Y,29,1,0,0,3,NA,NA,6,16,16,0,0,,1.121,0.924,,,,,,0.0335,,1.0225,,,,1_1,2_2,N/A,,,,,,,,,,
,10,Y,30,0,0,0,NA,NA,NA,6,20,20,0,0,,0.995,0.936,0.99,1.004,0.937,0.994,,0.0003333333333,,0.9736666667,1,,,1_2,2_3,3_1,,,,,,,,,,
,10,Y,31,1,0,0,4,NA,NA,0,0,0,x,x,NA,1.049,1.12,,,,,,0.0285,,1.0845,,,,1_1,2_2,N/A,,,,,,,,,,
,10,Y,32,0,0,0,NA,NA,NA,3,10,10,0,0,,1.023,1.025,0.972,,,,,0.001333333333,,1.006666667,,,,1_3,2_1,3_2,,,,,,,,,,
,10,Y,33,1,0,0,5,NA,NA,16,20,20,0,0,,1.119,0.856,,,,,,0.0395,,0.9875,,,,1_1,2_2,N/A,,,,,,,,,,
,10,Y,34,0,0,0,NA,NA,NA,11,9,9,0,0,,0.971,0.95,0.879,,,,,0.0006666666667,,0.9333333333,,,,1_1,2_3,3_2,,,,,,,,,,
,10,Y,35,0,0,0,NA,NA,NA,7,18,18,0,0,,0.968,0.95,0.932,,,,,0.003666666667,,0.95,,,,1_1,2_3,3_2,,,,,,,,,,
,10,Y,36,0,0,0,NA,NA,NA,10,8,7,1,x,,1.104,0.798,0.929,,,,,0.0006666666667,,0.9436666667,,,,1_1,2_2,3_3,,,,,,,,,,
,10,Y,37,1,1,0,4,9,NA,9,10,10,1,0,,1.051,,,,,,,0.043,,1.051,,,,1_1,N/A,N/A,,,,,,,,,,
,10,Y,38,0,0,0,NA,NA,NA,7,18,18,1,0,,1.024,1.021,0.966,,,,,0.003,,1.003666667,,,,1_3,2_1,3_2,,,,,,,,,,
,10,Y,39,1,0,0,3,NA,NA,1,0,0,x,x,NA,0.92,1.108,,,,,,0.0115,,1.014,1,,,1_1,2_2,N/A,,,,,,,,,,
,10,Y,40,0,0,0,NA,NA,NA,3,3,3,3,x,,0.858,1.01,1.031,,,,,0.006333333333,,0.9663333333,,,,1_2,2_3,3_1,,,,,,,,,,
,10,Y,41,1,0,0,9,NA,NA,5,16,16,0,0,,1.014,0.997,,,,,,0.0205,,1.0055,,,,1_1,2_2,N/A,,,,,,,,,,
,10,Y,42,1,0,0,4,NA,NA,5,4,4,0,0,,0.903,0.95,,,,,,0.009,,0.9265,,,,1_2,2_1,N/A,,,,,,,,,,
,10,Y,43,0,0,0,NA,NA,NA,10,10,10,0,0,,0.979,1.001,1.125,,,,,0.03233333333,,1.035,,,,1_3,2_2,3_1,,,,,,,,,,
,10,Y,44,0,0,0,NA,NA,NA,9,16,16,0,0,,0.99,1.028,0.898,0.998,1.022,0.910,,0.007666666667,,0.972,,,,1_1,2_2,3_3,,,,,,,,,,
,10,Y,45,0,0,0,NA,NA,NA,2,16,16,0,0,,1.017,0.922,1.059,,,,,0.003333333333,,0.9993333333,1,,,1_2,2_1,3_3,,,,,,,,,,
,10,Y,46,1,0,0,10,NA,NA,5,12,12,0,0,,1.035,0.962,,,,,,0.0625,,0.9985,,,,1_1,2_2,N/A,,,,,,,,,,
,10,Y,47,1,0,0,8,NA,NA,6,14,14,8,1,,1.036,1.019,,,,,,0.0015,,1.0275,,,,1_2,2_1,N/A,,,,,,,,,,
,10,Y,48,0,0,0,NA,NA,NA,17,13,13,13,x,,0.987,1.068,0.986,1.003,1.058,0.988,,0.007333333333,,1.013666667,,,,1_3,2_1,3_2,,,,,,,,,,
,10,Y,49,0,0,0,NA,NA,NA,13,19,19,0,0,,0.986,0.963,1,,,,,0.009333333333,,0.983,1,,,1_3,2_1,3_2,,,,,,,,,,
,10,Y,50,0,0,0,NA,NA,NA,14,14,14,0,0,,0.957,1.09,0.986,0.961,1.075,0.981,,0.055,,1.011,,,,1_2,2_3,3_1,,,,,,,,,,
,10,Y,51,1,0,0,10,NA,NA,3,0,0,x,x,NA,1.012,0.963,,,,,,0.0265,,0.9875,,,,1_3,2_1,N/A,,,,,,,,,,
,10,Y,52,0,0,0,NA,NA,NA,10,14,14,0,0,,0.961,0.936,1.012,,,,,0.009333333333,,0.9696666667,,,,1_2,2_3,3_1,,,,,,,,,,
,10,Y,53,0,0,0,NA,NA,NA,17,15,15,0,0,,0.976,1.001,1.082,,,,,0.035,,1.019666667,,,,1_3,2_2,3_1,,,,,,,,,,
,10,Y,54,0,0,0,NA,NA,NA,4,21,21,0,0,,0.983,0.997,0.867,,,,,0.001333333333,,0.949,,,,1_2,2_1,3_3,,,,,,,,,,
,10,Y,55,0,0,0,NA,NA,NA,13,13,13,0,0,,1.032,1.001,1.016,,,,,0.002666666667,,1.016333333,,,,1_1,2_2,3_3,,,,,,,,,,
,10,Y,56,0,0,0,NA,NA,NA,23,18,18,18,x,,0.972,1.061,0.874,,,,,0.0003333333333,,0.969,,,,1_3,2_1,3_2,,,,,,,,,,
,10,Y,57,0,0,0,NA,NA,NA,13,14,14,13,x,,0.766,0.94,0.99,,,,,0.0006666666667,,0.8986666667,,,,1_2,2_3,3_1,,,,,,,,,,
,10,Y,58,1,0,0,3,NA,NA,9,16,16,4,3,,1.035,1.012,,,,,,0.012,,1.0235,,,,1_2,2_1,N/A,,,,,,,,,,
,10,Y,59,0,0,0,NA,NA,NA,12,12,12,0,0,,0.989,1.004,0.983,,,,,0.01233333333,,0.992,,,,1_1,2_2,3_3,,,,,,,,,,
,10,Y,60,1,1,0,7,7,NA,0,0,0,x,x,NA,0.951,,,,,,,0.028,,0.951,,,,1_1,N/A,N/A,,,,,,,,,,
,10,Y,61,1,0,0,9,NA,NA,1,9,9,0,0,,0.95,1.001,,,,,,0.027,,0.9755,,,,1_2,2_1,N/A,,,,,,,,,,
,10,Y,62,0,0,0,NA,NA,NA,5,14,14,0,0,,1.046,0.995,0.947,,,,,0.001666666667,,0.996,,,,1_3,2_1,3_2,,,,,,,,,,
,10,Y,63,0,0,0,NA,NA,NA,7,11,11,1,0,,1.1,0.97,0.806,,,,,0.0003333333333,,0.9586666667,,,,1_3,2_1,3_2,,,,,,,,,,
,10,Y,64,0,0,0,NA,NA,NA,12,11,11,0,0,,1.095,0.95,1.019,,,,,0.003666666667,,1.021333333,,,,1_1,2_3,3_2,,,,,,,,,,
,10,Y,65,0,0,0,NA,NA,NA,7,18,18,2,0,,0.813,0.976,0.959,,,,,0.017,,0.916,,,,1_1,2_3,3_2,,,,,,,,,,
,10,Y,66,0,0,0,NA,NA,NA,14,17,17,0,0,,0.974,0.835,1.053,,,,,0.009666666667,,0.954,,,,1_3,2_1,3_2,,,,,,,,,,
,10,Y,67,0,0,0,NA,NA,NA,6,14,14,5,x,,0.886,0.966,1.035,,,,,0.02166666667,,0.9623333333,,,,1_3,2_2,3_1,,,,,,,,,,
,10,Y,68,0,0,0,NA,NA,NA,9,9,9,2,5,,0.856,1.021,0.968,,,,,0.01833333333,,0.9483333333,,,,1_2,2_1,3_3,,,,,,,,,,
,10,Y,69,1,0,0,4,NA,NA,5,16,16,0,0,,1.077,1.071,,,,,,0.0055,,1.074,,,,1_2,2_1,N/A,,,,,,,,,,
,10,Y,70,1,0,0,4,NA,NA,4,14,14,0,0,,1.121,0.989,,,,,,0.0015,,1.055,,,,1_2,2_1,N/A,,,,,,,,,,
,10,Y,71,1,1,0,3,7,NA,5,17,17,0,0,,1.041,,,,,,,0.034,,1.041,,,,1_1,N/A,N/A,,,,,,,,,,
,10,Y,72,0,0,0,NA,NA,NA,8,12,12,12,x,,0.973,0.988,1.022,,,,,0.01733333333,,0.9943333333,,,,1_2,2_3,3_1,,,,,,,,,,
,10,Y,73,1,0,0,10,NA,NA,0,0,0,x,x,NA,0.888,0.944,,,,,,0.003333333333,,0.916,,,,1_2,2_1,N/A,,,,,,,,,,
,10,Y,74,0,0,0,NA,NA,NA,9,15,12,12,x,,0.976,0.966,0.981,,,,,0.009333333333,,0.9743333333,,,,1_3,2_1,3_2,,,,,,,,,,
,10,Y,75,0,0,0,NA,NA,NA,4,13,13,0,0,,0.958,0.922,0.958,,,,,0.006666666667,,0.946,,,,1_3,2_2,3_1,,,,,,,,,,
,10,G,1,0,0,0,NA,NA,NA,8,5,0,x,x,NA,0.873,1.151,1.077,,,,,0.021,0.00697260274,1.033666667,,,,1_1,2_3,3_2,0,0,0,,,,,,,
,10,G,2,0,0,0,NA,NA,NA,6,20,20,0,0,,0.935,1.049,1.018,,,,,0.005666666667,-0.008360730594,1.000666667,,,,1_3,2_1,3_2,0,0,0,,,,,,,
,10,G,3,0,0,0,NA,NA,NA,11,12,12,1,0,,1.024,1.055,1.08,,,,,0.003666666667,-0.01036073059,1.053,,,death count G,1_1,2_3,3_2,0,0,0,,,,,,,
,10,G,4,1,1,0,8,8,NA,8,19,19,0,0,,1.05,NA,NA,,,,,-0.003,-0.01702739726,1.05,,,61,1_1,N/A,N/A,0,N/A,N/A,,,,,,,
,10,G,5,1,0,0,3,NA,NA,0,0,0,x,x,NA,0.951,1.081,NA,,,,,0.0115,-0.00252739726,1.016,,,,1_2,2_1,N/A,0,0,N/A,,,,,,,
,10,G,6,1,0,0,3,NA,NA,15,13,13,0,0,,0.975,0.892,1.051,,,,,0.002,-0.01202739726,0.9726666667,1,,W9_snail_growth_avg,1_1,2_3,3_2,0,0,0,,,,,,,
,10,G,7,1,0,0,6,NA,NA,16,18,18,0,0,,1.098,1.092,NA,,,,,0.0035,-0.01052739726,1.095,,,0.01402739726,1_1,2_2,N/A,0,0,N/A,,,,,,,
,10,G,8,1,0,0,9,NA,NA,8,17,17,0,0,,1.053,0.993,NA,,,,,0.0275,0.01347260274,1.023,,,,1_1,2_2,N/A,0,0,N/A,,,,,,,
,10,G,9,1,1,0,6,6,NA,8,10,10,0,0,,1.078,NA,NA,,,,,0.02,0.00597260274,1.078,,,W9_snail_length_avg,1_1,N/A,N/A,0,N/A,N/A,,,,,,,
,10,G,10,0,0,0,NA,NA,NA,8,10,10,0,0,,1.062,0.961,0.925,,,,,0.009333333333,-0.004694063927,0.9826666667,,,1.007995434,1_2,2_1,3_3,0,0,0,,,,,,,
,10,G,11,1,0,0,10,NA,NA,4,17,17,0,0,,0.953,1.039,NA,,,,,0.02533333333,0.01130593607,0.996,,,,1_3,2_2,N/A,0,0,N/A,,,,,,,
,10,G,12,1,0,0,4,NA,NA,4,3,3,0,0,,0.834,1.16,NA,,,,,0.0215,0.00747260274,0.997,,,,1_1,2_2,N/A,0,0,N/A,,,,,,,
,10,G,13,1,0,0,9,NA,NA,2,6,6,0,0,,0.956,1.026,NA,0.977,1.013,,,-0.003,-0.01702739726,0.991,1,,,1_1,2_2,N/A,0,0,N/A,,,,,,,
,10,G,14,1,1,1,7,7,7,0,0,0,x,x,NA,NA,NA,NA,,,,,NA,#VALUE!,NA,,,,N/A,N/A,N/A,N/A,N/A,N/A,,,,,,,
,10,G,15,0,0,0,NA,NA,NA,7,13,13,0,0,,0.928,1.05,0.932,,,,,0.002333333333,-0.01169406393,0.97,,,,1_2,2_1,3_3,0,0,0,,,,,,,
,10,G,16,1,0,0,2,NA,NA,3,15,15,0,0,,1.011,0.99,NA,,,,,0.0025,-0.01152739726,1.0005,,,,1_1,2_2,N/A,0,0,N/A,,,,,,,
,10,G,17,0,0,0,NA,NA,NA,7,10,10,0,0,,0.983,0.88,0.947,,,,,0.01066666667,-0.003360730594,0.9366666667,,,,1_1,2_3,3_2,0,0,0,,,,,,,
,10,G,18,1,0,0,4,NA,NA,1,9,9,0,0,,1.067,1.055,NA,,,,,0.0455,0.03147260274,1.061,,,,1_2,2_1,N/A,0,0,N/A,,,,,,,
,10,G,19,0,0,0,NA,NA,NA,3,11,11,0,0,,1.015,1.059,0.901,,,,,0.018,0.00397260274,0.9916666667,,,,1_1,2_2,3_3,0,0,0,,,,,,,
,10,G,20,0,0,0,NA,NA,NA,1,12,12,0,0,,1.011,1.022,1.035,,,,,-0.001833333333,-0.01586073059,1.022666667,,,,1_1,2_2,,0,0,1,W9_2 and W9_3 are the same pic,,,,,,
,10,G,21,1,0,0,4,NA,NA,3,8,8,2,0,,0.983,0.945,NA,,,,,-0.0105,-0.02452739726,0.964,,,,1_1,2_2,N/A,0,0,N/A,,,,,,,
,10,G,22,1,0,0,10,NA,NA,8,14,14,0,0,,0.967,0.988,NA,,,,,0.03483333333,0.02080593607,0.9775,,,,1_3,2_2,N/A,0,0,N/A,,,,,,,
,10,G,23,1,1,1,9,9,10,0,0,0,x,x,NA,NA,NA,NA,,,,,NA,#VALUE!,NA,,,,N/A,N/A,N/A,N/A,N/A,N/A,,,,,,,
,10,G,24,0,0,0,NA,NA,NA,13,6,6,6,x,,0.952,1.063,0.987,,,,,0.009666666667,-0.004360730594,1.000666667,,,,1_3,2_1,3_2,N/A,N/A,N/A,,,,,,,
,10,G,25,1,1,0,2,3,NA,3,20,20,0,0,,1.213,NA,NA,1.197,,,,0.007,-0.00702739726,1.213,,,,1_1,N/A,N/A,0,N/A,N/A,,,,,,,
,10,G,26,1,0,0,3,NA,NA,10,10,10,0,0,,0.984,0.841,NA,,,,,0.0085,-0.00552739726,0.9125,,,,1_1,2_2,N/A,0,0,N/A,,,,,,,
,10,G,27,1,1,0,6,6,NA,9,13,12,2,0,,1.054,NA,NA,,,,,-0.036,-0.05002739726,1.054,,,,1_1,N/A,N/A,0,N/A,N/A,,,,,,,
,10,G,28,1,0,0,9,NA,NA,9,11,9,8,x,,1.053,0.939,NA,,,,,0.0205,0.00647260274,0.996,,,,1_1,2_2,N/A,0,0,N/A,,,,,,,
,10,G,29,0,0,0,NA,NA,NA,8,12,12,0,0,,0.971,0.964,1.096,0.99,0.964,1.081,,0.03166666667,0.01763926941,1.010333333,,,,1_3,2_1,3_2,0,0,0,,,1,1,,1,1
,10,G,30,0,0,0,NA,NA,NA,8,13,13,0,0,,0.846,1.091,0.97,,,,,0.02133333333,0.007305936073,0.969,,,,1_2,2_1,3_3,0,0,0,,,,,,,
,10,G,31,1,1,0,9,9,NA,11,9,9,0,0,,1.022,NA,NA,,,,,0.035,0.02097260274,1.022,,,,1_1,N/A,N/A,0,N/A,N/A,,,,,,,
,10,G,32,1,0,0,8,NA,NA,8,19,19,0,0,,1,1.022,NA,1.003,1.028,,,0.0145,0.0004726027397,1.011,,,,1_1,2_2,N/A,0,0,N/A,,,,,,,
,10,G,33,1,0,0,3,NA,NA,1,12,11,10,x,,1.027,1.081,NA,,,,,0.03633333333,0.02230593607,1.054,1,,3rd one dead in W10,1_1,2_2,N/A,0,0,N/A,,,,,,,
,10,G,34,0,0,0,NA,NA,NA,2,5,5,0,0,,0.927,1.085,1.01,,,,,0.01833333333,0.004305936073,1.007333333,,,,1_3,2_1,3_2,0,0,0,,,,,,,
,10,G,35,1,0,0,10,NA,NA,5,7,7,0,0,,0.984,1.01,NA,,,,,0.012,-0.00202739726,0.997,,,,1_2,2_1,N/A,0,0,N/A,,,,,,,
,10,G,36,1,0,0,9,NA,NA,3,3,3,1,x,,0.911,1.081,NA,,,,,0.011,-0.00302739726,0.996,,,,1_1,2_2,N/A,0,0,N/A,,,,,,,
,10,G,37,0,0,0,NA,NA,NA,7,15,15,0,0,,0.988,0.913,1.034,,,,,0.003666666667,-0.01036073059,0.9783333333,,,,1_1,2_2,3_3,0,0,0,,,,,,,
,10,G,38,1,0,0,4,NA,NA,1,0,0,0,0,,1.075,0.974,NA,,,,,0.0135,-0.0005273972603,1.0245,,,,1_2,2_1,N/A,0,0,N/A,,,,,,,
,10,G,39,0,0,0,NA,NA,NA,7,8,8,0,0,,0.961,0.866,0.949,,,,,0.01333333333,-0.0006940639269,0.9253333333,,,,1_1,2_3,3_2,0,0,0,,,,,,,
,10,G,40,1,0,0,9,NA,NA,6,10,10,0,0,,1.117,0.92,NA,,,,,-0.015,-0.02902739726,1.0185,,,,1_1,2_2,N/A,0,0,N/A,,,,,,,
,10,G,41,0,0,0,NA,NA,NA,5,10,10,0,0,,0.943,0.961,1.038,,,,,0.01766666667,0.003639269406,0.9806666667,,,,1_3,2_2,3_1,0,0,0,,,,,,,
,10,G,42,1,0,0,3,NA,NA,6,19,19,0,0,,1.015,1.086,NA,,,,,-0.002,-0.01602739726,1.0505,,,,1_2,2_1,N/A,0,0,N/A,,,,,,,
,10,G,43,0,0,0,NA,NA,NA,10,11,11,0,0,,0.979,0.982,1.022,,,,,0.005,-0.00902739726,0.9943333333,,,,1_3,2_1,3_2,0,0,0,,,,,,,
,10,G,44,0,0,0,NA,NA,NA,13,9,9,3,0,,0.93,0.899,0.895,,,,,0.001333333333,-0.01269406393,0.908,,,,1_3,2_2,3_1,0,0,0,,,,,,,
,10,G,45,1,0,0,8,NA,NA,6,18,18,0,0,,0.959,1.057,1.046,,,,,0.009,-0.00502739726,1.020666667,,,"One extra snail picture, NOT duplicate",1_3,2_1,3_2,0,0,0,"Death may have been misrecorded, since W9 and W10 pics match",,,,,,
,10,G,46,0,0,0,NA,NA,NA,13,11,11,0,0,,1.019,0.816,0.955,,,,,0.01833333333,0.004305936073,0.93,,,,1_3,2_2,3_1,0,0,0,,,,,,,
,10,G,47,1,1,0,3,9,NA,8,19,19,0,0,,1.08,NA,NA,,,,,0.047,0.03297260274,1.08,,,,1_1,N/A,N/A,0,N/A,N/A,,,,,,,
,10,G,48,1,0,0,4,NA,NA,4,20,20,0,0,,0.972,1.041,NA,,,,,0.0405,0.02647260274,1.0065,,,,1_2,2_1,N/A,0,0,N/A,,,,,,,
,10,G,49,1,0,0,4,NA,NA,6,10,8,6,x,,1.032,1.01,NA,,,,,-0.012,-0.02602739726,1.021,,,,1_1,2_2,N/A,0,0,N/A,,,,,,,
,10,G,50,0,0,0,NA,NA,NA,8,8,8,0,0,,0.95,1.021,0.869,0.941,1.013,0.889,,0.008333333333,-0.005694063927,0.9466666667,,,,1_3,2_1,3_2,0,0,0,,,,,,,
,10,G,51,1,0,0,8,NA,NA,2,11,11,0,0,,1.076,1.035,NA,,,,,0.0395,0.02547260274,1.0555,1,,,1_2,2_1,N/A,0,0,N/A,,,,,,,
,10,G,52,1,1,0,2,3,NA,2,15,15,0,0,,1.004,NA,NA,,,,,0,-0.01402739726,1.004,,,,1_1,N/A,N/A,0,N/A,N/A,,,,,,,
,10,G,53,1,0,0,3,NA,NA,0,0,0,x,x,NA,1.06,1.04,NA,,,,,0.019,0.00497260274,1.05,,,,1_1,2_2,N/A,0,0,N/A,,,,,,,
,10,G,54,1,0,0,9,NA,NA,11,10,10,0,0,,0.983,0.878,NA,,,,,0.025,0.01097260274,0.9305,,,,1_2,2_1,N/A,0,0,N/A,,,,,,,
,10,G,55,0,0,0,NA,NA,NA,3,0,0,x,x,NA,0.893,1.08,1.038,,,,,0.01066666667,-0.003360730594,1.003666667,,,,1_1,2_2,3_3,0,0,0,,,,,,,
,10,G,56,1,0,0,3,NA,NA,2,0,0,x,x,NA,1.069,0.998,NA,,,,,0.026,0.01197260274,1.0335,,,,1_2,2_1,N/A,0,0,N/A,,,,,,,
,10,G,57,0,0,0,NA,NA,NA,11,13,13,0,0,,0.972,0.998,1.089,,,,,0.005333333333,-0.008694063927,1.019666667,,,,1_3,2_2,3_1,0,0,0,,,,,,,
,10,G,58,1,0,0,8,NA,NA,11,20,20,0,0,,1.035,0.998,NA,,,,,-0.007,-0.02102739726,1.0165,,,,1_1,2_2,N/A,0,0,N/A,,,,,,,
,10,G,59,1,0,0,3,NA,NA,8,16,16,0,0,,1,1.059,NA,,,,,0.0015,-0.01252739726,1.0295,,,,1_1,2_2,N/A,0,0,N/A,,,,,,,
,10,G,60,0,0,0,NA,NA,NA,7,11,11,0,0,,0.971,0.988,0.996,,,,,0.02166666667,0.007639269406,0.985,,,,1_1,2_3,3_2,0,0,0,,,,,,,
,10,G,61,1,0,0,10,NA,NA,11,18,18,0,0,,0.991,1.044,NA,0.974,1.031,,,0.01583333333,0.001805936073,1.0175,,,,1_1,2_2,N/A,0,0,N/A,,,,,,,
,10,G,62,0,0,0,NA,NA,NA,4,13,13,0,0,,1.013,0.872,1.015,,,,,0.014,-0.00002739726027,0.9666666667,,,,1_2,2_3,3_1,0,0,0,,,,,,,
,10,G,63,1,0,0,10,NA,NA,3,0,0,x,x,,1.064,0.881,NA,,,,,0.01783333333,0.003805936073,0.9725,,,,1_1,2_2,N/A,0,0,N/A,,,,,,,
,10,G,64,1,1,0,4,8,NA,4,15,15,0,0,,1.102,NA,NA,1.105,,,,0.023,0.00897260274,1.102,,,,1_1,N/A,N/A,0,N/A,N/A,,,,,,,
,10,G,65,1,0,0,4,NA,NA,14,10,10,0,0,,0.974,1.078,NA,0.961,1.101,,,0.002,-0.01202739726,1.026,,,,1_2,2_1,N/A,0,0,N/A,,,,,,,
,10,G,66,1,0,0,8,NA,NA,2,23,23,0,0,,1.035,1.004,NA,,,,,0.001,-0.01302739726,1.0195,,,,1_1,2_2,N/A,0,0,N/A,,,,,,,
,10,G,67,1,0,0,4,NA,NA,9,20,19,1,0,,1.064,1.004,1.009,,,,,0.01166666667,-0.002360730594,1.025666667,,,"one extra picture, NOT a duplicate",1_1,2_3,3_2,0,0,0,"Death may have been misrecorded, since W9 and W10 pics match",,,,,,
,10,G,68,0,0,0,NA,NA,NA,23,9,9,1,0,,0.995,1.006,1.042,,,,,0.03233333333,0.01830593607,1.014333333,,,,1_3,2_2,3_1,0,0,0,,,,,,,
,10,G,69,1,0,0,3,NA,NA,4,22,22,0,0,,1.044,1.089,NA,,,,,0.0105,-0.00352739726,1.0665,2,,,1_2,2_1,N/A,0,0,N/A,,,,,,,
,10,G,70,1,1,0,10,10,NA,3,9,9,0,0,,1.012,NA,NA,,,,,0.05266666667,0.03863926941,1.012,,,,1_2,N/A,N/A,0,N/A,N/A,,,,,,,
,10,G,71,0,0,0,NA,NA,NA,2,19,19,0,0,,1.026,0.997,0.993,,,,,0.02466666667,0.01063926941,1.005333333,,,,1_2,2_3,3_1,0,0,0,,,,,,,
,10,G,72,1,0,0,3,NA,NA,4,11,11,0,0,,0.95,0.935,NA,0.973,0.937,,,0.004,-0.01002739726,0.9425,,,,1_1,2_2,N/A,0,0,N/A,,,,,,,
,10,G,73,0,0,0,NA,NA,NA,2,7,7,0,0,,0.926,0.891,0.962,,,,,0.02233333333,0.008305936073,0.9263333333,,,,1_3,2_1,3_2,0,0,0,,,,,,,
,10,G,74,0,0,0,NA,NA,NA,2,0,0,x,x,NA,0.966,1.086,0.933,,,,,0.022,0.00797260274,0.995,,,,1_1,2_3,3_2,0,0,0,,,,,,,
,10,G,75,1,0,0,9,NA,NA,2,7,7,0,0,,1.12,0.927,NA,1.119,0.92,,,0.0435,0.02947260274,1.0235,,,,1_1,2_2,N/A,0,0,N/A,,,,,,,
,11,O,2,0,0,0,NA,NA,NA,7,16,16,7,1,,1.109,1.103,0.947,,,,,0.01266666667,-0.001398148148,1.053,,,,1_2,2_1,3_3,0,0,0,,,,,,,
,11,O,4,1,0,0,9,NA,NA,7,11,11,5,2,,0.979,1.03,NA,,,,,0.0065,-0.007564814815,1.0045,,,,1_2,2_1,NA,0,0,NA,,,,,,,
,11,O,5,0,0,0,NA,NA,NA,15,15,15,0,0,,1.009,0.94,0.992,1.031,0.92,0.993,,0.002666666667,-0.01139814815,0.9803333333,,,death:,1_2,2_1,3_3,0,0,0,,,,,,,
,11,O,6,1,0,0,4,NA,NA,10,10,10,1,0,,1.03,1.1,NA,,,,,-0.027,-0.04106481481,1.065,,,18,1_1,2_2,NA,0,0,NA,,,,,,,
,11,O,7,1,0,0,9,NA,NA,5,10,10,0,0,,1.087,1.069,NA,,,,,0.0075,-0.006564814815,1.078,,,,1_2,2_1,NA,0,0,NA,,,,,,,
,11,O,11,1,1,0,10,11,NA,7,16,16,0,0,,1.017,NA,NA,,,,,-0.0215,-0.03556481481,1.017,,,,1_1,NA,NA,0,NA,NA,,,,,,,
,11,O,12,1,0,0,9,NA,NA,6,12,10,0,9,,1.076,1.033,NA,1.052,1.02,,,0.05,0.03593518519,1.0545,,,w11 o average growth,1_1,2_2,NA,0,0,NA,,,,,,,
,11,O,15,1,0,0,9,NA,NA,16,9,9,0,2,,1.039,1.143,NA,1.055,1.123,,,0.0055,-0.008564814815,1.091,,,0.01406481481,1_2,2_1,NA,0,0,NA,,,,,,,
,11,O,16,1,0,0,2,NA,NA,11,16,16,0,0,,1.044,0.985,NA,1.029,0.982,,,0.014,-0.00006481481481,1.0145,,,,1_2,2_1,NA,0,0,NA,,,,,,,
,11,O,17,1,1,0,5,10,NA,10,14,14,0,0,,1.031,NA,NA,,,,,0.01,-0.004064814815,1.031,,,,1_1,NA,NA,0,NA,NA,,,,,,,
,11,O,18,1,0,0,2,NA,NA,2,0,0,x,x,NA,0.954,1.02,NA,0.943,1.018,,,0.004,-0.01006481481,0.987,,,,1_2,2_1,NA,0,0,NA,,,,,,,
,11,O,22,1,0,0,6,NA,NA,7,19,19,0,0,,0.989,0.992,NA,,,,,0.0025,-0.01156481481,0.9905,,,,1_2,2_1,NA,0,0,NA,,,,,,,
,11,O,23,1,0,0,8,NA,NA,8,9,9,0,0,,0.938,0.997,NA,0.915,0.979,,,0.0065,-0.007564814815,0.9675,,,,1_2,2_1,NA,0,0,NA,,,,,,,
,11,O,24,1,1,0,6,9,NA,10,13,13,10,x,,1.194,NA,NA,,,,,0.075,0.06093518519,1.194,,,,1_1,NA,NA,0,NA,NA,,,,,,,
,11,O,29,1,0,0,9,NA,NA,4,13,13,0,0,,0.935,1.023,NA,0.93,1.006,,,0.0145,0.0004351851852,0.979,,,,1_1,2_2,NA,0,0,NA,,,,,,,
,11,O,34,1,1,0,7,10,NA,3,7,7,4,1,,1.037,NA,NA,1.037,,,,0.061,0.04693518519,1.037,,,,1_1,NA,NA,0,NA,NA,,,,,,,
,11,O,36,0,0,0,NA,NA,NA,23,13,13,3,0,,1.016,1.017,1.04,0.996,0.996,1.029,,0.024,0.009935185185,1.024333333,2,,,1_1,2_3,3_2,0,NA,NA,,,,,,,
,11,O,60,0,0,0,NA,NA,NA,4,11,11,2,0,,1.096,1.022,1.058,1.082,1.004,1.070,,0.005333333333,-0.008731481481,1.058666667,,,,1_2,2_1,3_3,0,0,0,,,,,,,
,11,W,18,1,0,0,10,NA,NA,7,8,8,6,x,,1.083,0.971,,1.004,0.933,,,0.06783333333,0.02063888889,1.027,,,"Data swapped with 11-W30; have 3 dispite should have 2, snails might be misplaced bwith W30 (snail ID note: used 30 photo)",1_2,2_1,NA,0,0,NA,,,,,,,
,11,W,19,0,0,0,NA,NA,NA,13,15,15,0,0,,1.011,1,1.025,1.027,1.002,1.025,,0.03666666667,-0.01052777778,1.012,,,,1_1,2_3,3_2,0,0,0,,,,,,,
,11,W,29,0,0,0,NA,NA,NA,7,14,14,0,0,,0.999,1.088,1.066,,,,,0.04166666667,-0.005527777778,1.051,,,,1_2,2_3,3_1,0,0,0,,,,,,,
,11,W,30,0,0,0,11,NA,NA,8,11,11,8,x,,1.101,0.975,NA,1.094,0.973,,,0.1153333333,0.06813888889,1.038,,,"Data swapped with 11-W18; have 2 dispite should have 3, snails might be misplaced bwith W18 (snail ID note: used 18 photos)",1_2,2_1,3_3,0,0,0,,,,,,,
,11,W,34,0,0,0,NA,NA,NA,6,16,16,0,0,,0.985,1.028,0.969,,,,,0.04866666667,0.001472222222,0.994,,,,1_2,2_1,3_3,0,0,0,,,,,,,
,11,W,37,0,0,0,NA,NA,NA,3,16,16,0,2,,1.01,0.999,1.046,,,,,0.001333333333,-0.04586111111,1.018333333,,,death:,1_1,2_3,3_2,0,0,0,,,,,,,
,11,W,38,0,0,0,NA,NA,NA,3,11,11,0,0,,1.055,0.997,0.947,,,,,0.01,-0.03719444444,0.9996666667,,,11,1_2,2_1,3_3,0,0,0,,,,,,,
,11,W,46,1,0,0,6,NA,NA,16,14,14,12,x,,0.96,0.94,,,,,,0.0195,-0.02769444444,0.95,,,,1_1,2_2,NA,0,0,NA,,,,,,,
,11,W,49,0,0,0,NA,NA,NA,5,9,9,4,x,,1.155,1.007,0.929,,,,,0.018,-0.02919444444,1.030333333,,,snail growth avg,1_2,2_1,3_3,0,0,0,,,,,,,
,11,W,51,1,1,0,6,6,NA,10,16,12,10,x,,1.122,,,,,,,0.132,0.08480555556,1.122,,,0.04719444444,1_1,NA,NA,0,NA,NA,,,,,,,
,11,W,54,1,0,0,5,NA,NA,6,12,12,0,0,,1.04,1.027,,1.035,1.041,,,0.017,-0.03019444444,1.0335,,,,1_1,2_2,NA,0,0,NA,,,,,,,
,11,W,55,1,1,0,6,8,NA,8,11,11,0,0,,1.027,,,1.028,,,,0.117,0.06980555556,1.027,,,,1_1,NA,NA,0,NA,NA,,,,,,,
,11,W,56,1,0,0,6,NA,NA,0,0,0,x,x,NA,1.009,1.074,,1.027,1.085,,,0.034,-0.01319444444,1.0415,,,,1_1,2_2,NA,0,0,NA,,,,,,,
,11,W,62,1,1,0,9,9,NA,9,12,12,0,0,,1.029,,,,,,,0.082,0.03480555556,1.029,,,,1_1,NA,NA,0,NA,NA,,,,,,,
,11,W,65,0,0,0,NA,NA,NA,4,25,25,0,0,,1.057,0.914,1.026,1.063,0.918,1.041,,0.01833333333,-0.02886111111,0.999,,,,1_2,2_3,3_1,0,0,0,,,,,,,
,11,W,66,0,0,0,NA,NA,NA,7,9,1,1,x,,0.92,0.9,1.002,0.939,0.907,1.005,,0.022,-0.02519444444,0.9406666667,,,,1_2,2_3,3_1,0,0,0,,,,,,,
,11,W,70,1,0,0,6,NA,NA,3,8,8,0,0,,0.959,0.977,,0.98,0.986,,,0.0175,-0.02969444444,0.968,,,,1_1,2_2,NA,0,0,NA,,,,,,,
,11,W,74,0,0,0,NA,NA,NA,14,17,17,1,0,,1.016,0.905,1.01,1.025,0.888,0.993,,0.05066666667,0.003472222222,0.977,,,,1_3,2_2,3_1,0,0,0,,,,,,,
,11,Y,1,0,0,0,NA,NA,NA,7,14,14,4,0,,0.931,1.053,1.019,,,,,0.0006666666667,,1.001,,,death,1_3,2_1,3_2,,,,,,,,,,
,11,Y,2,0,0,0,NA,NA,NA,11,18,12,2,2,,1.035,0.97,0.832,,,,,0.01266666667,,0.9456666667,,,40,1_3,2_2,3_1,,,,,,,,,,
,11,Y,3,0,0,0,NA,NA,NA,8,10,10,6,2,,0.928,0.932,1.038,,,,,0.0003333333333,,0.966,,,,1_2,2_1,3_3,,,,,,,,,,
,11,Y,4,0,0,0,NA,NA,NA,11,15,15,4,0,,1.04,1,0.959,,,,,0.001,,0.9996666667,,,,1_3,2_1,3_2,,,,,,,,,,
,11,Y,5,0,0,0,NA,NA,NA,5,17,17,0,0,,0.974,0.989,0.92,,,,,0.02133333333,,0.961,1,,,1_1,2_3,3_2,,,,,,,,,,
,11,Y,6,0,0,0,NA,NA,NA,12,10,10,0,0,,0.977,1.092,0.993,,,,,0.01466666667,,1.020666667,,,,1_2,2_1,3_3,,,,,,,,,,
,11,Y,7,0,0,0,NA,NA,NA,17,17,17,11,1,,0.989,1.012,0.909,,,,,0.001666666667,,0.97,,,,1_3,2_1,3_2,,,,,,,,,,
,11,Y,8,0,0,0,NA,NA,NA,10,12,10,10,x,,0.923,0.965,1.075,,,,,0.01666666667,,0.9876666667,,,,1_2,2_1,3_3,,,,,,,,,,
,11,Y,9,1,0,0,4,NA,NA,3,9,9,5,x,,1.028,0.869,,,,,,0.0185,,0.9485,,,,1_1,2_2,N/A,,,,,,,,,,
,11,Y,10,1,0,0,7,NA,NA,9,22,22,0,0,,1.144,0.776,,,,,,0.0085,,0.96,,,,1_1,2_2,N/A,,,,,,,,,,
,11,Y,11,1,0,0,2,NA,NA,13,11,11,0,4,,1.005,1,,,,,,0.0025,,1.0025,,,,1_2,2_1,N/A,,,,,,,,,,
,11,Y,12,1,0,0,5,NA,NA,11,16,16,0,0,,1.042,0.986,,,,,,0.0025,,1.014,,,,1_1,2_2,N/A,,,,,,,,,,
,11,Y,13,0,0,0,NA,NA,NA,13,12,12,1,1,,0.997,1.051,0.917,,,,,0.01666666667,,0.9883333333,,,,1_2,2_1,3_3,,,,,,,,,,
,11,Y,14,1,1,1,10,10,10,0,0,0,x,x,NA,,,,,,,,#DIV/0!,,#DIV/0!,,,,N/A,N/A,N/A,,,,,,,,,,
,11,Y,15,1,1,1,10,10,10,0,0,0,x,x,NA,,,,,,,,#DIV/0!,,#DIV/0!,,,,N/A,N/A,N/A,,,,,,,,,,
,11,Y,16,0,0,0,NA,NA,NA,4,2,2,0,0,,0.989,1.009,1.074,,,,,0.0003333333333,,1.024,,,,1_1,2_2,3_3,,,,,,,,,,
,11,Y,17,1,0,0,11,NA,NA,9,17,17,0,0,,0.957,0.968,,,,,,0.03516666667,,0.9625,,,,1_1,2_3,N/A,,,,,,,,,,
,11,Y,18,0,0,0,NA,NA,NA,9,11,11,0,0,,0.863,1.067,0.986,,,,,0.009666666667,,0.972,,,,1_2,2_3,3_1,,,,,,,,,,
,11,Y,19,1,0,0,7,NA,NA,7,0,0,x,x,NA,0.966,0.983,,0.949,0.974,,,0.001,,0.9745,,,,1_2,2_1,N/A,,,,,,,,,,
,11,Y,20,1,0,0,4,NA,NA,15,11,11,9,x,,1.008,0.985,,,,,,0.003,,0.9965,,,,1_2,2_1,N/A,,,,,,,,,,
,11,Y,21,0,0,0,NA,NA,NA,4,18,18,1,3,,0.967,0.961,1.044,,,,,0.002,,0.9906666667,,,,1_3,2_1,3_2,,,,,,,,,,
,11,Y,22,0,0,0,NA,NA,NA,14,15,15,12,2,,0.987,0.905,1.036,,,,,0.004,,0.976,,,,1_1,2_2,3_3,,,,,,,,,,
,11,Y,23,0,0,0,NA,NA,NA,18,13,13,0,11,,0.987,1.006,1.017,1.012,1.018,0.996,,0.004666666667,,1.003333333,,,,1_3,2_2,3_1,,,,,,,,,,
,11,Y,24,0,0,0,NA,NA,NA,2,0,0,x,x,NA,1.039,1.091,0.956,,,,,0.002333333333,,1.028666667,,,,1_2,2_1,3_3,,,,,,,,,,
,11,Y,25,0,0,0,NA,NA,NA,9,12,12,0,0,,1.064,0.984,0.985,,,,,0.024,,1.011,,,,1_1,2_2,3_3,,,,,,,,,,
,11,Y,26,1,0,0,4,NA,NA,11,15,15,0,0,,1.027,0.988,,,,,,0.008,,1.0075,,,,1_1,2_2,N/A,,,,,,,,,,
,11,Y,27,0,0,0,NA,NA,NA,13,14,14,3,9,,1.002,1.031,0.956,,,,,0.004666666667,,0.9963333333,,,,1_3,2_1,3_2,,,,,,,,,,
,11,Y,28,0,0,0,NA,NA,NA,8,17,17,0,0,,0.968,0.954,0.98,,,,,0.01866666667,,0.9673333333,,,,1_2,2_3,3_1,,,,,,,,,,
,11,Y,29,1,0,0,3,NA,NA,6,11,11,0,0,,0.949,1.106,,,,,,0.005,,1.0275,1,,,1_2,2_1,N/A,,,,,,,,,,
,11,Y,30,0,0,0,NA,NA,NA,5,20,20,0,0,,1.009,1.039,0.954,,,,,0.027,,1.000666667,,,,1_3,2_1,3_2,,,,,,,,,,
,11,Y,31,1,0,0,4,NA,NA,1,7,7,0,0,,1.144,1.026,,,,,,0.0005,,1.085,,,,1_2,2_,N/A,,,,,,,,,,
,11,Y,32,0,0,0,NA,NA,NA,17,9,9,0,3,,0.968,1.01,1.062,,,,,0.006666666667,,1.013333333,,,,1_3,2_1,3_2,,,,,,,,,,
,11,Y,33,1,0,0,5,NA,NA,4,14,14,1,1,,0.862,1.134,,,,,,0.0105,,0.998,,,,1_2,2_1,N/A,,,,,,,,,,
,11,Y,34,0,0,0,NA,NA,NA,12,10,10,10,x,,0.934,0.967,0.91,,,,,0.003666666667,,0.937,,,,1_2,2_1,3_3,,,,,,,,,,
,11,Y,35,1,0,0,11,NA,NA,6,8,8,8,x,,0.984,0.943,,,,,,0.0135,,0.9635,,,,1_2,2_3,N/A,,,,,,,,,,
,11,Y,36,0,0,0,NA,NA,NA,6,17,17,0,0,,0.807,0.959,1.094,0.813,0.939,1.099,,0.009666666667,,0.9533333333,1,,,1_2,2_3,3_1,,,,,,,,,,
,11,Y,37,1,1,0,4,9,NA,7,13,13,12,x,,1.056,,,,,,,0.005,,1.056,,,,1_1,N/A,N/A,,,,,,,,,,
,11,Y,38,0,0,0,NA,NA,NA,6,16,16,1,0,,1.036,0.937,1.048,,,,,0.003333333333,,1.007,,,,1_1,2_3,3_2,,,,,,,,,,
,11,Y,39,1,0,0,3,NA,NA,15,12,12,0,0,,1.128,0.913,,,,,,0.0065,,1.0205,,,,1_2,2_1,N/A,,,,,1,1,,1,1,
,11,Y,40,1,0,0,11,NA,NA,2,19,19,0,0,,0.85,1.025,,,,,,-0.02883333333,,0.9375,,,,1_1,2_3,N/A,,,,,,,,,,
,11,Y,41,1,0,0,9,NA,NA,14,18,18,2,2,,1.03,1.013,,,,,,0.016,,1.0215,,,,1_1,2_2,N/A,,,,,,,,,,
,11,Y,42,1,0,0,4,NA,NA,12,9,9,1,0,,0.917,0.94,,,,,,0.002,,0.9285,,,,1_1,2_2,N/A,,,,,,,,,,
,11,Y,43,0,0,0,NA,NA,NA,8,10,10,5,2,,1.14,1.007,0.984,,,,,0.008666666667,,1.043666667,,,,1_3,2_2,3_1,,,,,,,,,,
,11,Y,44,0,0,0,NA,NA,NA,10,21,21,0,0,,1.025,1.045,0.91,,,,,0.02133333333,,0.9933333333,,,,1_1,2_2,3_3,,,,,,,,,,
,11,Y,45,0,0,0,NA,NA,NA,10,15,15,0,0,,1.072,1.023,0.909,,,,,0.002,,1.001333333,1,,,1_3,2_1,3_2,,,,,,,,,,
,11,Y,46,1,1,1,10,11,11,0,0,0,x,x,NA,,,,,,,,#DIV/0!,,#DIV/0!,,,,N/A,N/A,N/A,,,,,,,,,,
,11,Y,47,1,0,0,8,NA,NA,10,24,24,0,0,,1.04,1.033,,,,,,0.009,,1.0365,,,,1_1,2_2,N/A,,,,,,,,,,
,11,Y,48,0,0,0,NA,NA,NA,18,21,21,10,0,,1.078,1.022,0.971,1.075,1.008,0.965,,0.01,,1.023666667,,,,1_2,2_1,3_3,,,,,,,,,,
,11,Y,49,0,0,0,NA,NA,NA,14,24,24,0,0,,0.968,0.991,0.994,,,,,0.001333333333,,0.9843333333,,,,1_2,2_1,3_3,,,,,,,,,,
,11,Y,50,0,0,0,NA,NA,NA,10,13,13,0,0,,0.991,1.123,0.942,,,,,0.007666666667,,1.018666667,1,,,1_1,2_2,3_3,,,,,,,,,,
,11,Y,51,1,0,0,10,NA,NA,10,16,16,9,0,,1.008,0.971,,0.994,0.966,,,0.002,,0.9895,1,,,1_1,2_2,N/A,,,,,,,,,,
,11,Y,52,0,0,0,NA,NA,NA,6,8,8,0,0,,1.042,0.966,0.949,,,,,0.016,,0.9856666667,,,,1_3,2_1,3_2,,,,,,,,,,
,11,Y,53,0,0,0,NA,NA,NA,7,9,9,0,0,,1.039,1.086,0.954,,,,,0.006666666667,,1.026333333,,,,1_2,2_3,3_1,,,,,,,,,,
,11,Y,54,1,0,0,11,NA,NA,5,20,20,0,0,,0.996,0.966,,0.978,0.959,,,0.032,,0.981,,1,,1_1,2_2,N/A,,,,,,,,,,
,11,Y,55,0,0,0,NA,NA,NA,20,22,22,0,5,,1.023,1.034,0.993,,,,,0.0003333333333,,1.016666667,,,,1_3,2_1,3_2,,,,,,,,,,
,11,Y,56,0,0,0,NA,NA,NA,6,18,18,0,0,,1.099,1.013,0.911,1.095,1.01,0.908,,0.03866666667,,1.007666667,1,,,1_2,2_1,3_3,,,,,,,,,,
,11,Y,57,0,0,0,NA,NA,NA,10,18,18,13,4,,0.982,0.762,0.954,,,,,0.0006666666667,,0.8993333333,,,,1_3,2_1,3_2,,,,,,,,,,
,11,Y,58,1,0,0,3,NA,NA,8,15,15,0,0,,1.036,1.02,,,,,,0.0045,,1.028,,,,1_1,2_2,N/A,,,,,,,,,,
,11,Y,59,0,0,0,NA,NA,NA,8,20,20,0,0,,0.991,0.99,1.011,,,,,0.005333333333,,0.9973333333,,,,1_2,2_3,3_1,,,,,,,,,,
,11,Y,60,1,1,0,7,7,NA,5,14,14,9,x,,0.954,,,0.935,,,,0.003,,0.954,,,,1_1,N/A,N/A,,,,,,,,,,
,11,Y,61,1,0,0,9,NA,NA,7,15,11,10,1,,0.916,1.036,,,,,,0.0005,,0.976,,,,1_1,2_2,N/A,,,,,,,,,,
,11,Y,62,1,0,0,11,NA,NA,8,21,21,5,0,,1.03,1.028,,,,,,0.033,,1.029,,,,1_2,2_1,N/A,,,,,,,,,,
,11,Y,63,0,0,0,NA,NA,NA,15,16,16,0,0,,1.103,1.004,0.799,,,,,0.01,,0.9686666667,,,,1_1,2_2,3_3,,,,,,,,,,
,11,Y,64,0,0,0,NA,NA,NA,14,11,11,0,0,,1.023,0.965,1.088,,,,,0.004,,1.025333333,,,,1_3,2_2,3_1,,,,,,,,,,
,11,Y,65,0,0,0,NA,NA,NA,8,22,22,0,0,,0.983,0.958,0.811,0.978,0.952,0.795,,0.001333333333,,0.9173333333,,,,1_2,2_3,3_1,,,,,,,,,,
,11,Y,66,0,0,0,NA,NA,NA,7,11,11,11,x,,0.821,0.988,1.066,,,,,0.004333333333,,0.9583333333,,,,1_2,2_1,3_3,,,,,,,,,,
,11,Y,67,0,0,0,NA,NA,NA,9,12,12,12,x,,0.895,0.991,1.063,,,,,0.02066666667,,0.983,,,,1_1,2_2,3_3,,,,,,,,,,
,11,Y,68,0,0,0,NA,NA,NA,19,19,19,0,0,,1.038,0.901,0.953,,,,,0.01566666667,,0.964,,,,1_2,2_1,3_3,,,,,,,,,,
,11,Y,69,1,0,0,4,NA,NA,6,17,14,14,x,,1.071,1.081,,1.094,1.079,,,0.002,,1.076,,,,1_2,2_1,N/A,,,,,,,,,,
,11,Y,70,1,0,0,4,NA,NA,6,15,15,0,0,,1.115,0.997,,,,,,0.001,,1.056,,,,1_1,2_2,N/A,,,,,,,,,,
,11,Y,71,1,1,0,3,7,NA,7,11,10,10,x,,1.044,,,,,,,0.003,,1.044,,,,1_1,N/A,N/A,,,,,,,,,,
,11,Y,72,0,0,0,NA,NA,NA,4,7,7,0,0,,1.018,1.008,0.962,,,,,0.001666666667,,0.996,1,,,1_3,2_1,3_2,,,,,,,,,,
,11,Y,73,1,0,0,10,NA,NA,10,8,8,7,x,,0.887,0.948,,,,,,0.0015,,0.9175,,,,1_1,2_2,N/A,,,,,,,,,,
,11,Y,74,0,0,0,NA,NA,NA,11,11,11,10,x,,0.969,0.981,0.978,,,,,0.001666666667,,0.976,,,,1_2,2_1,3_3,,,,,,,,,,
,11,Y,75,0,0,0,NA,NA,NA,6,14,14,7,x,,0.934,0.98,0.958,,,,,0.01133333333,,0.9573333333,,,,1_2,2_1,3_3,,,,,,,,,,
,11,G,1,0,0,0,NA,NA,NA,11,13,13,0,0,,0.904,1.05,1.161,,,,,0.004666666667,-0.009915492958,1.038333333,,,,1_2,2_3,3_1,0,0,0,,,,,,,
,11,G,2,0,0,0,NA,NA,NA,12,5,5,2,0,,1.063,0.998,0.958,,,,,0.005666666667,-0.008915492958,1.006333333,,,death:,1_2,2_3,3_1,0,0,0,,,,,,,
,11,G,3,0,0,0,NA,NA,NA,4,11,11,0,0,,1.098,1.047,1.049,,,,,0.01166666667,-0.002915492958,1.064666667,,,73,1_2,2_1,3_3,0,0,0,,,,,,,
,11,G,4,1,1,0,8,8,NA,4,7,7,0,0,,1.079,NA,NA,,,,,0.029,0.01441784038,1.079,,,,1_1,N/A,N/A,0,N/A,N/A,,,,,,,
,11,G,5,1,1,1,3,11,11,0,0,0,x,x,,NA,NA,NA,,,,,NA,#VALUE!,NA,,,snail_growth_avg,N/A,N/A,N/A,N/A,N/A,N/A,,,,,,,
,11,G,6,1,0,0,3,NA,NA,8,8,8,0,0,,0.903,1.068,0.953,,,,,0.002,-0.01258215962,0.9746666667,,,0.01458215962,1_2,2_3,3_1,0,0,0,,,,,,,
,11,G,7,1,0,0,6,NA,NA,6,16,16,0,0,,1.12,1.078,NA,1.103,1.086,,,0.004,-0.01058215962,1.099,,,,1_2,2_1,N/A,0,0,N/A,,,,,,,
,11,G,8,1,1,0,9,11,NA,5,16,16,0,0,,1.06,NA,NA,,,,,0.037,0.02241784038,1.06,,,,,,,1,N/A,N/A,W10 and W11 pictures dont match,,,,,,
,11,G,9,1,1,0,6,6,NA,4,8,8,1,1,,1.1,NA,NA,,,,,0.022,0.007417840376,1.1,,,,1_1,N/A,N/A,0,N/A,N/A,,,,,,,
,11,G,10,1,1,1,11,11,11,0,0,0,x,x,,NA,NA,NA,,,,,NA,#VALUE!,NA,,,,N/A,N/A,N/A,N/A,N/A,N/A,,,,,,,
,11,G,11,1,0,0,10,NA,NA,8,13,13,12,x,,1.005,1.059,NA,,,,,0.036,0.02141784038,1.032,,,,1_1,,N/A,0,1,N/A,W10 and W11 pictures dont match,,,,,,
,11,G,12,1,0,0,4,NA,NA,2,12,12,12,x,,1.166,0.841,NA,,,,,0.0065,-0.008082159624,1.0035,,,,1_2,2_1,N/A,0,0,N/A,,,,,,,
,11,G,13,1,0,0,9,NA,NA,4,10,10,8,0,,1.02,0.999,NA,1.033,0.994,,,0.0185,0.003917840376,1.0095,,,,1_2,2_1,N/A,0,0,N/A,,,,,,,
,11,G,14,1,1,1,7,7,7,0,0,0,x,x,,NA,NA,NA,,,,,NA,#VALUE!,NA,,,,N/A,N/A,N/A,N/A,N/A,N/A,,,,,,,
,11,G,15,0,0,0,NA,NA,NA,5,10,10,0,0,,0.954,1.061,0.941,,,,,0.01533333333,0.0007511737089,0.9853333333,,,,1_3,2_2,3_1,0,0,0,,,,,,,
,11,G,16,1,0,0,2,NA,NA,11,10,10,10,x,,0.991,1.006,NA,,,,,-0.002,-0.01658215962,0.9985,,,,1_1,2_2,N/A,0,0,N/A,,,,,,,
,11,G,17,1,0,0,11,NA,NA,11,17,17,0,0,,0.899,0.984,NA,,,,,0.004833333333,-0.009748826291,0.9415,,,,1_2,2_3,N/A,0,0,N/A,,1,1,,1,1,
,11,G,18,1,0,0,4,NA,NA,12,8,8,0,0,,1.082,1.075,NA,,,,,0.0175,0.002917840376,1.0785,,,,1_2,2_1,N/A,0,0,N/A,,,,,,,
,11,G,19,0,0,0,NA,NA,NA,8,9,9,9,x,,1.047,1.041,0.894,,,,,0.002333333333,-0.01224882629,0.994,,,,1_2,2_1,3_3,0,0,0,,,,,,,
,11,G,20,0,0,0,NA,NA,NA,4,12,12,0,0,,1.046,1.022,1.054,,,,,0.018,0.003417840376,1.040666667,,,,1_1,2_2,3_3,0,0,0,,,,,,,
,11,G,21,1,0,0,4,NA,NA,8,18,18,0,0,,1.005,0.973,NA,,,,,0.025,0.01041784038,0.989,,,,1_1,2_2,N/A,0,0,N/A,,,,,,,
,11,G,22,1,0,0,10,NA,NA,7,19,19,0,0,,0.999,0.971,NA,,,,,0.0075,-0.007082159624,0.985,,,,1_1,2_2,N/A,0,0,N/A,,,,,,,
,11,G,23,1,1,1,9,9,10,0,0,0,0,0,,NA,NA,NA,,,,,NA,#VALUE!,NA,,,,N/A,N/A,N/A,N/A,N/A,N/A,,,,,,,
,11,G,24,0,0,0,NA,NA,NA,5,14,14,0,0,,1.004,1.058,0.958,,,,,0.006,-0.008582159624,1.006666667,,,,1_3,2_2,3_1,0,0,0,,,,,,,
,11,G,25,1,1,0,2,3,NA,8,14,14,0,0,,1.219,NA,NA,,,,,0.006,-0.008582159624,1.219,,,,1_1,N/A,N/A,0,N/A,N/A,,,,,,,
,11,G,26,1,0,0,3,NA,NA,10,7,7,0,0,,0.985,0.841,NA,,,,,0.0005,-0.01408215962,0.913,,,,1_1,2_2,N/A,0,0,N/A,,,,,,,
,11,G,27,1,1,0,6,6,NA,8,9,9,0,0,,1.029,NA,NA,,,,,-0.025,-0.03958215962,1.029,,,,1_1,N/A,N/A,0,N/A,N/A,,,,,,,
,11,G,28,1,0,0,9,NA,NA,6,19,19,0,0,,1.042,0.945,NA,,,,,-0.0025,-0.01708215962,0.9935,,,,1_1,2_2,N/A,0,0,N/A,,,,,,,
,11,G,29,0,0,0,NA,NA,NA,10,19,19,0,0,,1.056,1.039,0.989,,,,,0.01766666667,0.003084507042,1.028,,,,1_3,2_1,3_2,0,0,0,,,,,,,
,11,G,30,1,0,0,11,NA,NA,8,13,13,0,0,,0.981,1.093,NA,,,,,0.068,0.05341784038,1.037,1,,,1_3,2_2,N/A,0,0,N/A,,,,,,,
,11,G,31,1,1,0,9,9,NA,4,8,8,0,0,,1.121,NA,NA,,,,,0.099,0.08441784038,1.121,,,,1_1,N/A,N/A,0,N/A,N/A,,,,,,,
,11,G,32,1,0,0,8,NA,NA,10,12,12,2,1,,1.039,1.007,NA,,,,,0.012,-0.002582159624,1.023,,,,1_2,2_1,N/A,0,0,N/A,,,,,,,
,11,G,33,1,0,0,3,NA,NA,16,10,10,0,0,,1.04,1.101,NA,,,,,0.0165,0.001917840376,1.0705,,,,1_1,2_2,N/A,0,0,N/A,,,,,,,
,11,G,34,0,0,0,NA,NA,NA,7,6,6,0,0,,1.06,1.045,0.938,,,,,0.007,-0.007582159624,1.014333333,,,,1_2,2_3,3_1,0,0,0,,,,,,,
,11,G,35,1,0,0,10,NA,NA,15,14,14,0,0,,1.025,1.026,NA,,,,,0.0285,0.01391784038,1.0255,,,,1_2,2_1,N/A,0,0,N/A,,,,,,,
,11,G,36,1,0,0,9,NA,NA,4,8,8,6,x,,1.057,0.928,NA,,,,,-0.0035,-0.01808215962,0.9925,,,,1_2,2_1,N/A,0,0,N/A,,,,,,,
,11,G,37,0,0,0,NA,NA,NA,2,9,9,0,0,,0.898,1.081,0.994,,,,,0.01266666667,-0.001915492958,0.991,,,,1_2,2_3,3_1,0,0,0,,,,,,,
,11,G,38,1,0,0,4,NA,NA,9,12,12,3,1,,0.952,1.047,NA,,,,,-0.025,-0.03958215962,0.9995,,,,1_2,2_1,N/A,0,0,N/A,,,,,,,
,11,G,39,0,0,0,NA,NA,NA,8,18,18,0,0,,0.868,0.968,0.965,,,,,0.008333333333,-0.006248826291,0.9336666667,,,,1_2,2_3,3_1,0,0,0,,,,,,,
,11,G,40,1,0,0,9,NA,NA,7,13,13,1,0,,0.929,1.133,NA,0.921,1.139,,,0.0125,-0.002082159624,1.031,,,,1_2,2_1,N/A,0,0,N/A,,,,,,,
,11,G,41,0,0,0,NA,NA,NA,7,9,9,0,0,,1.046,0.936,NA,,,,,0.01033333333,-0.004248826291,0.991,,,,1_2,2_3,3_1,0,0,0,,,,,,,
,11,G,42,1,0,0,3,NA,NA,6,9,9,8,x,,1.113,1.048,NA,,,,,0.03,0.01541784038,1.0805,,,,1_2,2_1,N/A,0,0,N/A,,,,,,,
,11,G,43,0,0,0,NA,NA,NA,6,9,9,4,1,,0.998,1.015,0.989,,,,,0.006333333333,-0.008248826291,1.000666667,,,,1_2,2_3,3_1,0,0,0,,,,,,,
,11,G,44,1,0,0,11,NA,NA,6,7,7,3,0,,0.896,0.959,NA,,,,,0.0195,0.004917840376,0.9275,,,,1_3,2_1,N/A,0,0,N/A,,,,,,,
,11,G,45,1,0,0,8,NA,NA,6,14,14,0,0,,1.103,1.058,0.958,,,,,0.019,0.004417840376,1.039666667,,,,1_3,2_2,3_1,0,0,0,"Death may have been misrecorded, since W10 and W11 pics match",,,,,,
,11,G,46,0,0,0,NA,NA,NA,4,14,14,0,0,,0.947,1.025,0.864,0.954,1.045,0.875,,0.01533333333,0.0007511737089,0.9453333333,,,,1_3,2_1,3_2,0,0,0,,,,,,,
,11,G,47,1,1,0,3,9,NA,9,8,8,0,0,,1.081,NA,NA,,,,,0.001,-0.01358215962,1.081,,,,1_1,N/A,N/A,0,N/A,N/A,,,,,,,
,11,G,48,1,0,0,4,NA,NA,11,15,15,0,0,,0.983,1.056,NA,,,,,0.013,-0.001582159624,1.0195,,,,1_1,2_2,N/A,0,0,N/A,,,,,,,
,11,G,49,1,0,0,4,NA,NA,9,22,0,x,x,,1.033,0.996,NA,,,,,-0.0065,-0.02108215962,1.0145,,,,1_1,2_2,N/A,0,0,N/A,,,,,,,
,11,G,50,1,1,0,11,11,NA,4,15,15,11,x,,1.042,NA,NA,,,,,0.09533333333,0.08075117371,1.042,,,,1_2,N/A,N/A,0,N/A,N/A,,,,,,,
,11,G,51,1,0,0,8,NA,NA,6,14,14,0,0,,1.067,1.084,NA,,,,,0.02,0.005417840376,1.0755,,,,1_2,2_1,N/A,0,0,N/A,,,,,,,
,11,G,52,1,1,0,2,3,NA,6,11,11,10,x,,1.039,NA,NA,1.026,,,,0.035,0.02041784038,1.039,,,,1_1,N/A,N/A,0,N/A,N/A,,,,,,,
,11,G,53,1,0,0,3,NA,NA,10,13,13,0,0,,1.045,1.042,NA,,,,,-0.0065,-0.02108215962,1.0435,,,,1_1,2_2,N/A,0,0,N/A,,,,,,,
,11,G,54,1,0,0,9,NA,NA,5,10,10,2,0,,0.906,0.983,NA,,,,,0.014,-0.0005821596244,0.9445,,,,1_2,2_1,N/A,0,0,N/A,,,,,,,
,11,G,55,0,0,0,NA,NA,NA,8,16,16,0,0,,1.052,0.889,1.093,,,,,0.007666666667,-0.006915492958,1.011333333,,,,1_3,2_1,3_2,0,0,0,,,,,,,
,11,G,56,1,0,0,3,NA,NA,3,8,8,7,x,,1.039,1.044,NA,,,,,0.008,-0.006582159624,1.0415,,,,1_2,2_1,N/A,0,0,N/A,,,,,,,
,11,G,57,0,0,0,NA,NA,NA,12,24,24,0,0,,1.014,1.107,0.98,1.007,1.11,0.983,,0.014,-0.0005821596244,1.033666667,,,,1_2,2_3,3_1,0,0,0,,,,,,,
,11,G,58,1,0,0,8,NA,NA,12,13,13,2,0,,1.013,1.052,NA,1.019,1.036,,,0.016,0.001417840376,1.0325,,,,1_2,2_1,N/A,0,0,N/A,,,,,,,
,11,G,59,1,0,0,3,NA,NA,8,10,10,0,0,,0.998,1.062,NA,,,,,0.0005,-0.01408215962,1.03,,,,1_1,2_2,N/A,0,0,N/A,,,,,,,
,11,G,60,0,0,0,NA,NA,NA,8,15,15,0,0,,0.997,1.008,1.014,,,,,0.02133333333,0.006751173709,1.006333333,,,,1_2,2_1,3_3,0,0,0,,1,1,,1,1,
,11,G,61,1,0,0,10,NA,NA,14,17,17,0,0,,1.051,0.985,NA,,,,,0.0005,-0.01408215962,1.018,1,,,1_2,2_1,N/A,0,0,N/A,,,,,,,
,11,G,62,0,0,0,NA,NA,NA,5,12,12,0,0,,1.025,0.864,1.032,,,,,0.007,-0.007582159624,0.9736666667,,,,1_3,2_2,3_1,0,0,0,,,,,,,
,11,G,63,1,0,0,10,NA,NA,4,3,3,0,0,,1.082,0.926,NA,,,,,0.0315,0.01691784038,1.004,,,,1_1,2_2,N/A,0,0,N/A,,,,,,,
,11,G,64,1,1,0,4,8,NA,5,14,14,1,0,,1.142,NA,NA,1.146,,,,0.04,0.02541784038,1.142,,,,1_1,N/A,N/A,0,N/A,N/A,,,,,,,
,11,G,65,1,0,0,4,NA,NA,5,11,11,0,0,,0.986,1.097,NA,,,,,0.0155,0.0009178403756,1.0415,,,,1_1,2_2,N/A,0,0,N/A,,,,,,,
,11,G,66,1,0,0,8,NA,NA,12,13,13,0,0,,1.013,1.03,NA,,,,,0.002,-0.01258215962,1.0215,,,,1_2,2_1,N/A,0,0,N/A,,,,,,,
,11,G,67,1,0,0,4,NA,NA,8,14,14,0,0,,1.014,1.031,1.076,1.018,1.024,1.077,,0.01466666667,0.00008450704225,1.040333333,1,,,1_1,2_3,3_2,0,0,0,,,,,,,
,11,G,68,0,0,0,NA,NA,NA,13,5,5,0,0,,1.026,1.034,0.987,,,,,0.001333333333,-0.01324882629,1.015666667,,,,1_3,2_2,3_1,0,0,0,,,,,,,
,11,G,69,1,0,0,3,NA,NA,6,12,12,0,0,,1.145,1.084,1.016,,,,,0.01516666667,0.0005845070423,1.081666667,,,,1_2,2_1,N/A,0,0,N/A,,,,,,,
,11,G,70,1,1,0,10,10,NA,8,24,24,0,0,,0.999,NA,NA,,,,,-0.013,-0.02758215962,0.999,,,,1_1,N/A,N/A,0,N/A,N/A,,,,,,,
,11,G,71,0,0,0,NA,NA,NA,6,10,10,0,0,,1.048,1.032,1.029,,,,,0.031,0.01641784038,1.036333333,,,,1_1,2_3,3_2,0,0,0,,1,1,,1,1,
,11,G,72,1,0,0,3,NA,NA,8,7,7,0,0,,0.964,0.959,NA,,,,,0.019,0.004417840376,0.9615,,,,1_2,2_1,N/A,0,0,N/A,,,,,,,
,11,G,73,1,0,0,11,NA,NA,5,10,10,9,x,,0.959,0.91,NA,0.946,0.934,,,0.008166666667,-0.006415492958,0.9345,,,,1_3,2_1,N/A,0,0,N/A,,,,,,,
,11,G,74,0,0,0,NA,NA,NA,10,16,12,11,x,,1.074,0.97,0.995,,,,,0.018,0.003417840376,1.013,,,,1_2,2_3,3_1,0,0,0,,,,,,,
,11,G,75,1,0,0,9,NA,NA,8,13,13,0,0,,1.134,0.927,NA,,,,,0.007,-0.007582159624,1.0305,,,,1_1,2_2,N/A,0,0,N/A,,,,,,,
,12,O,2,0,0,0,NA,NA,NA,15,15,15,0,0,,1.058,0.993,1.147,1.052,0.975,1.135,,0.013,,1.066,,,,1_2,2_3,3_1,0,0,0,,,,,,,
,12,O,4,1,0,0,9,NA,NA,18,9,9,0,0,,0.98,1.045,NA,0.947,1.027,,,0.008,,1.0125,,,count death:,1_1,2_2,NA,0,0,NA,,,,,,,
,12,O,5,0,0,0,NA,NA,NA,7,12,12,0,0,,1.053,0.941,0.961,,,,,0.004666666667,,0.985,,,18,1_1,2_2,3_3,0,0,0,,,,,,,
,12,O,6,1,0,0,4,NA,NA,7,0,0,x,x,,1.142,1.013,NA,1.119,0.99,,,0.0125,,1.0775,,,,1_2,2_1,NA,0,0,NA,,,,,,,
,12,O,7,1,0,0,9,NA,NA,5,13,13,0,0,,1.062,1.07,NA,,,,,-0.012,,1.066,,,,1_1,2_2,NA,0,0,NA,,,,,,,
,12,O,11,1,1,0,10,11,NA,5,10,10,1,0,,1.046,NA,NA,1.023,,,,0.029,,1.046,,,,1_1,NA,NA,0,NA,NA,,,,,,,
,12,O,12,1,0,0,9,NA,NA,4,12,12,0,0,,1.044,1.066,NA,,,,,0.0005,,1.055,,,,1_1,2_2,NA,0,0,NA,,,1,,,,
,12,O,15,1,0,0,9,NA,NA,4,27,27,0,0,,1.07,1.173,NA,,,,,0.0305,,1.1215,,,,1_1,2_2,NA,0,0,NA,,,,,,,
,12,O,16,1,0,0,2,NA,NA,5,15,15,2,0,,1.031,1.008,NA,1.046,0.975,,,0.005,,1.0195,,,,1_1,2_2,NA,0,0,NA,,,,,,,
,12,O,17,1,1,0,5,10,NA,1,15,15,0,0,,1.044,NA,NA,,,,,0.013,,1.044,,,,1_1,NA,NA,0,NA,NA,,,,,,,
,12,O,18,1,0,0,2,NA,NA,8,7,5,5,x,,1.032,0.969,NA,1.047,0.945,,,0.0135,,1.0005,,,,1_2,2_1,NA,0,0,NA,,,,,,,
,12,O,22,1,0,0,6,NA,NA,4,26,26,0,0,,1.037,1.012,NA,,,,,0.034,,1.0245,,,,1_2,2_1,NA,0,0,NA,,,,,,,
,12,O,23,1,0,0,8,NA,NA,2,16,16,0,0,,0.935,1.02,NA,,,,,0.01,,0.9775,,,,1_2,2_1,NA,0,0,NA,,,,,,,
,12,O,24,1,1,0,6,9,NA,3,21,21,5,0,,1.153,NA,NA,,,,,-0.041,,1.153,,,,1_1,NA,NA,0,NA,NA,,,,,,,
,12,O,29,1,0,0,9,NA,NA,6,10,10,0,0,,1.028,0.983,NA,,,,,0.0265,,1.0055,,,,1_2,2_1,NA,0,0,NA,,,,,,,
,12,O,34,1,1,0,7,10,NA,5,7,7,0,0,,1.015,NA,NA,0.999,,,,-0.022,,1.015,,,,1_1,NA,NA,0,NA,NA,,,,,,,
,12,O,36,0,0,0,NA,NA,NA,3,12,12,0,0,,1.014,1.005,1.065,1.008,0.99,0.987,,0.003666666667,,1.028,2,,,1_3,2_1,3_2,0,0,0,,,,,,,
,12,O,60,0,0,0,NA,NA,NA,8,15,15,0,0,,1.026,1.056,1.107,1.012,1.043,1.099,,0.004333333333,,1.063,,,,1_2,2_3,3_2,0,0,0,,,,,,,
,12,W,18,1,1,0,10,12,NA,22,14,14,0,0,,1.095,,,,,,,0.068,0.05153703704,1.095,,,flipped with W30,1_3,2_2,3_1,0,0,0,,,,,,,
,12,W,19,0,0,0,NA,NA,NA,8,10,10,0,0,,1.044,1.02,1.005,1.038,1.041,1.029,,0.011,-0.005462962963,1.023,,,,1_3,2_1,3_2,0,0,0,,,,,,,
,12,W,29,0,0,0,NA,NA,NA,12,18,18,0,0,,1.059,1.075,1.032,1.036,1.055,1.038,,0.004333333333,-0.01212962963,1.055333333,,,,1_3,2_2,3_1,0,0,0,,,,,,,
,12,W,30,0,0,0,NA,NA,NA,6,11,11,11,x,,0.978,0.909,1.023,,,,,-0.068,-0.08446296296,0.97,,,no trace of death for one of them in W30； flipped with W18,1_1,NA,NA,0,NA,NA,,,,,,,
,12,W,34,0,0,0,NA,NA,NA,10,15,15,7,0,,1.004,1.016,0.965,,,,,0.001,-0.01546296296,0.995,,,,1_1,2_2,3_3,0,0,0,,,,,,,
,12,W,37,0,0,0,NA,NA,NA,14,17,17,0,0,,0.997,1.002,1.061,,,,,0.001666666667,-0.0147962963,1.02,,,death counts:,1_2,2_1,3_3,0,0,0,,,,,,,
,12,W,38,0,0,0,NA,NA,NA,3,22,22,0,0,,1.067,0.997,0.96,1.046,0.996,0.941,,0.008333333333,-0.00812962963,1.008,,,12,1_1,2_2,3_3,0,0,0,,,,,,,
,12,W,46,1,0,0,6,NA,NA,13,21,21,0,0,,0.972,0.958,,0.969,0.948,,,0.015,-0.001462962963,0.965,,,,1_2,2_1,NA,0,0,NA,,,,,,,
,12,W,49,0,0,0,NA,NA,NA,13,13,13,0,0,,1.146,1.048,0.968,,,,,0.02366666667,0.007203703704,1.054,,,,1_1,2_2,3_3,0,0,0,,,,,,,
,12,W,51,1,1,0,6,6,NA,1,21,21,0,0,,1.144,,,,,,,0.022,0.005537037037,1.144,,,Snail growth avg,1_1,NA,NA,0,NA,NA,,,,,,,
,12,W,54,1,0,0,5,NA,NA,13,9,9,4,x,,1.049,1.059,,,,,,0.0205,0.004037037037,1.054,,,0.01646296296,1_2,2_1,NA,0,0,NA,,,,,,,
,12,W,55,1,1,0,6,8,NA,5,15,15,1,0,,1.096,,,1.093,,,,0.069,0.05253703704,1.096,,,,1_1,NA,NA,0,NA,NA,,,,,,,
,12,W,56,1,0,0,6,NA,NA,14,15,15,0,0,,1.099,1.029,,1.097,1.022,,,0.0225,0.006037037037,1.064,,,,1_2,2_1,NA,0,0,NA,,,,,,,
,12,W,62,1,1,0,9,9,NA,12,12,12,0,0,,1.065,,,,,,,0.036,0.01953703704,1.065,,,,1_1,NA,NA,0,NA,NA,,,,,,,
,12,W,65,0,0,0,NA,NA,NA,20,19,19,0,0,,1.049,0.941,1.069,1.032,0.939,1.073,,0.02066666667,0.004203703704,1.019666667,,,,1_3,2_2,3_1,0,0,0,,,,,,,
,12,W,66,0,0,0,NA,NA,NA,21,12,12,0,0,,0.961,0.915,1.005,0.941,0.94,1.019,,0.01966666667,0.003203703704,0.9603333333,,,,1_3,2_2,3_1,0,0,0,,,,,,,
,12,W,70,1,0,0,6,NA,NA,16,12,12,0,0,,0.987,0.985,,0.998,0.996,,,0.018,0.001537037037,0.986,,,,1_1,2_2,NA,0,0,NA,,,,,,,
,12,W,74,0,0,0,NA,NA,NA,12,17,17,0,0,,1.041,1.007,0.892,1.041,1.001,0.873,,0.003,-0.01346296296,0.98,,,,1_3,2_1,3_2,0,0,0,,,,,,,
,12,Y,1,0,0,0,NA,NA,NA,3,11,11,0,0,,1.022,0.93,1.059,1.015,0.926,1.048,,0.002666666667,,1.003666667,,,,1_3,2_1,3_2,,,,,,,,,,
,12,Y,2,1,0,0,12,NA,NA,5,13,13,9,x,,1.059,0.972,,1.052,0.981,,,0.06983333333,,1.0155,,,Death counts:,1_1,2_2,N/A,,,,,,,,,,
,12,Y,3,0,0,0,NA,NA,NA,3,2,2,0,0,,0.935,0.954,1.017,,,,,0.002666666667,,0.9686666667,,,53,1_1,2_2,3_3,,,,,,,,,,
,12,Y,4,0,0,0,NA,NA,NA,21,5,5,0,0,,1.064,0.937,1.011,,,,,0.004333333333,,1.004,,,,1_1,2_3,3_2,,,,,,,,,,
,12,Y,5,0,0,0,NA,NA,NA,4,16,16,0,0,,0.962,0.989,0.94,,,,,0.002666666667,,0.9636666667,,,,1_1,2_2,3_3,,,,,,,,,,
,12,Y,6,0,0,0,NA,NA,NA,6,2,2,0,x,,0.976,1.01,1.082,,,,,0.002,,1.022666667,,,,1_1,2_3,3_2,,,,,,,,,,
,12,Y,7,0,0,0,NA,NA,NA,4,17,17,0,0,,0.901,1.049,0.964,,,,,0.001333333333,,0.9713333333,,,,1_3,2_2,3_1,,,,,,,,,,
,12,Y,8,0,0,0,NA,NA,NA,7,14,9,8,x,,1.124,0.902,0.943,,,,,0.002,,0.9896666667,,,,1_3,2_1,3_2,,,,,,,,,,
,12,Y,9,1,0,0,4,NA,NA,2,0,0,x,x,NA,0.889,1.038,,,,,,0.015,,0.9635,,,,1_2,2_1,N/A,,,,,,,,,,
,12,Y,10,1,0,0,7,NA,NA,4,13,13,0,0,,0.786,1.135,,,,,,0.0005,,0.9605,,,,1_2,2_1,N/A,,,,,,,,,,
,12,Y,11,1,1,0,2,12,NA,10,15,3,3,x,,0.998,,,,,,,-0.0045,,0.998,,,,1_1,N/A,N/A,,,,,,,,,,
,12,Y,12,1,0,0,5,NA,NA,7,16,16,0,0,,1.061,0.99,,,,,,0.0115,,1.0255,,,,1_1,2_2,N/A,,,,,,,,,,
,12,Y,13,0,0,0,NA,NA,NA,3,9,9,8,x,,0.891,0.996,1.082,0.915,0.989,1.084,,0.001333333333,,0.9896666667,,,,1_3,2_1,3_2,,,,,,,,,,
,12,Y,14,1,1,1,10,10,10,0,0,0,x,x,NA,,,,,,,,#DIV/0!,,#DIV/0!,,,,N/A,N/A,N/A,,,,,,,,,,
,12,Y,15,1,1,1,10,10,10,0,0,0,x,x,NA,,,,,,,,#DIV/0!,,#DIV/0!,,,,N/A,N/A,N/A,,,,,,,,,,
,12,Y,16,0,0,0,NA,NA,NA,16,28,28,18,2,,0.999,1.014,1.065,,,,,0.002,,1.026,,,,1_1,2_2,3_3,,,,,,,,,,
,12,Y,17,1,0,0,11,NA,NA,5,10,10,0,0,,0.997,0.998,,,,,,0.035,,0.9975,,,,1_1,2_2,N/A,,,,,,,,,,
,12,Y,18,0,0,0,NA,NA,NA,1,15,15,0,0,,0.994,1.06,0.863,,,,,0.0003333333333,,0.9723333333,,,,1_3,2_2,3_1,,,,,,,,,,
,12,Y,19,1,1,0,7,12,NA,4,0,0,x,x,NA,1.004,,,,,,,0.0295,,1.004,,,,1_1,N/A,N/A,,,,,,,,,,
,12,Y,20,1,0,0,4,NA,NA,13,6,6,5,x,,0.984,1.01,,,,,,0.0005,,0.997,,,,1_2,2_1,N/A,,,,,,,,,,
,12,Y,21,0,0,0,NA,NA,NA,13,21,21,0,0,,0.965,1.076,0.993,0.972,1.054,0.992,,0.02066666667,,1.011333333,,,,1_2,2_3,3_1,,,,,,,,,,
,12,Y,22,0,0,0,NA,NA,NA,18,18,18,0,0,,1.029,0.883,1.022,,,,,0.002,,0.978,,,,1_1,2_2,3_3,,,,,,,,,,
,12,Y,23,0,0,0,NA,NA,NA,9,20,20,0,0,,0.985,1.015,1.021,,,,,0.003666666667,,1.007,,,,1_3,2_2,3_1,,,,,,,,,,
,12,Y,24,1,0,0,12,NA,NA,9,21,21,0,0,,0.934,1.032,,,,,,-0.04566666667,,0.983,,,,1_3,2_1,N/A,,,,,,,,,,
,12,Y,25,0,0,0,NA,NA,NA,13,14,14,0,0,,1.067,0.998,1.009,,,,,0.01366666667,,1.024666667,,,,1_1,2_3,3_2,,,,,,,,,,
,12,Y,26,1,0,0,4,NA,NA,4,13,5,4,x,,0.993,1.034,,,,,,0.006,,1.0135,,,,1_2,2_1,N/A,,,,,,,,,,
,12,Y,27,0,0,0,NA,NA,NA,5,18,18,0,0,,0.97,0.991,1.03,,,,,0.0006666666667,,0.997,,,,1_3,2_1,3_2,,,,,,,,,,
,12,Y,28,0,0,0,NA,NA,NA,10,13,13,4,7,,0.982,0.964,,,,,,0.005666666667,,0.973,,,,1_3,2_1,3_2,,,,,,,,,,
,12,Y,29,1,0,0,3,NA,NA,3,12,12,0,0,,0.952,1.106,,0.949,1.09,,,0.0015,,1.029,,,,1_1,2_2,N/A,,,,,,,,,,
,12,Y,30,0,0,0,NA,NA,NA,21,14,14,0,0,,1.054,0.923,1.027,,,,,0.0006666666667,,1.001333333,,,,1_2,2_3,3_1,,,,,,,,,,
,12,Y,31,1,0,0,4,NA,NA,4,9,9,8,x,,1.003,1.168,,,,,,0.0005,,1.0855,,,,1_2,2_1,N/A,,,,,,,,,,
,12,Y,32,0,0,0,NA,NA,NA,10,15,15,0,0,,1.014,1.005,1.024,,,,,0.001,,1.014333333,1,,,1_2,2_1,3_3,,,,,,,,,,
,12,Y,33,1,0,0,5,NA,NA,12,14,14,0,0,,1.13,0.889,,,,,,0.0115,,1.0095,,,,1_2,2_1,N/A,,,,,,,,,,
,12,Y,34,0,0,0,NA,NA,NA,13,9,9,9,x,,0.869,0.947,0.996,,,,,0.0003333333333,,0.9373333333,,,,1_3,2_1,3_2,,,,,,,,,,
,12,Y,35,1,0,0,11,NA,NA,5,11,11,0,0,,0.943,0.997,,0.939,0.999,,,0.0065,,0.97,,,,1_2,2_1,N/A,,,,,,,,,,
,12,Y,36,0,0,0,NA,NA,NA,9,13,13,0,0,,0.803,1.088,0.971,0.82,1.09,0.974,,0.0006666666667,,0.954,1,,,1_1,2_3,3_2,,,,,,,,,,
,12,Y,37,1,1,0,4,9,NA,1,10,10,0,0,,1.105,,,,,,,0.049,,1.105,,,,1_1,N/A,N/A,,,,,,,,,,
,12,Y,38,1,0,0,12,NA,NA,5,22,22,0,0,,1.068,1.049,,,,,,0.0515,,1.0585,,,,1_3,2_1,N/A,,,,,,,,,,
,12,Y,39,1,0,0,3,NA,NA,7,16,16,0,0,,0.937,1.105,,,,,,0.0005,,1.021,,,,1_2,2_1,N/A,,,,,,,,,,
,12,Y,40,1,0,0,11,NA,NA,6,12,11,8,x,,1.046,0.832,,,,,,0.0015,,0.939,,,,1_2,2_1,N/A,,,,,,,,,,
,12,Y,41,1,0,0,9,NA,NA,5,14,14,0,0,,1.031,1.042,,,,,,0.015,,1.0365,,,,1_1,2_2,N/A,,,,,,,,,,
,12,Y,42,1,0,0,4,NA,NA,3,6,6,0,0,,0.896,0.925,,,,,,-0.018,,0.9105,,,,1_1,2_2,N/A,,,,,,,,,,
,12,Y,43,0,0,0,NA,NA,NA,4,18,18,0,0,,1.006,0.972,1.154,,,,,0.0003333333333,,1.044,,,,1_2,2_3,3_1,,,,,,,,,,
,12,Y,44,0,0,0,NA,NA,NA,19,13,13,0,0,,0.921,1.05,1.013,,,,,0.001333333333,,0.9946666667,,,,1_3,2_2,3_1,,,,,,,,,,
,12,Y,45,1,0,0,12,NA,NA,2,20,20,0,0,,1.087,1.056,,,,,,0.07016666667,,1.0715,,,,1_1,2_2,N/A,,,,,,,,,,
,12,Y,46,1,1,1,10,11,11,0,0,0,0,0,,,,,,,,,#DIV/0!,,#DIV/0!,,,,N/A,N/A,N/A,,,,,,,,,,
,12,Y,47,1,0,0,8,NA,NA,6,14,14,x,x,NA,1.006,1.076,,,,,,0.0045,,1.041,,,,1_2,2_1,N/A,,,,,,,,,,
,12,Y,48,0,0,0,NA,NA,NA,7,10,10,0,0,,1.091,1.023,0.964,,,,,0.002333333333,,1.026,,,,1_1,2_2,3_3,,,,,,,,,,
,12,Y,49,0,0,0,NA,NA,NA,19,10,10,10,x,,1.003,0.939,1.019,,,,,0.002666666667,,0.987,,,,1_3,2_1,3_2,,,,,,,,,,
,12,Y,50,0,0,0,NA,NA,NA,3,7,7,0,0,,0.997,1.082,0.999,,,,,0.007333333333,,1.026,1,,,1_3,2_2,3_1,,,,,,,,,,
,12,Y,51,1,1,0,10,12,NA,2,0,0,x,x,NA,1.006,,,,,,,0.0165,,1.006,,,,1_2,N/A,N/A,,,,,,,,,,
,12,Y,52,0,0,0,NA,NA,NA,5,8,8,6,0,,0.982,1.024,0.958,,,,,0.002333333333,,0.988,,,,1_2,2_1,3_3,,,,,,,,,,
,12,Y,53,0,0,0,NA,NA,NA,13,15,15,0,0,,0.982,1.093,1.005,,,,,0.0003333333333,,1.026666667,,,,1_3,2_2,3_1,,,,,,,,,,
,12,Y,54,1,0,0,11,NA,NA,5,12,12,7,x,,1.015,0.996,,,,,,0.0245,,1.0055,,,,1_2,2_1,N/A,,,,,,,,,,
,12,Y,55,0,0,0,NA,NA,NA,6,13,13,0,0,,1.019,0.99,1.047,,,,,0.002,,1.018666667,,,,1_1,2_3,3_2,,,,,,,,,,
,12,Y,56,1,0,0,12,NA,NA,2,14,14,0,0,,1.059,1.022,,,,,,0.03283333333,,1.0405,,,,1_1,2_2,N/A,,,,,,,,,,
,12,Y,57,0,0,0,NA,NA,NA,8,16,16,0,0,,0.995,0.767,0.947,0.971,0.781,0.943,,0.003666666667,,0.903,,,,1_1,2_2,3_3,,,,,,,,,,
,12,Y,58,1,0,0,3,NA,NA,2,12,12,0,0,,1.026,1.036,,1.039,1.043,,,0.003,,1.031,,,,1_2,2_1,N/A,,,,,,,,,,
,12,Y,59,0,0,0,NA,NA,NA,21,16,16,0,0,,1.022,1.001,1.002,,,,,0.011,,1.008333333,1,,,1_1,2_3,3_2,,,,,,,,,,
,12,Y,60,1,1,0,7,7,NA,2,10,10,6,x,,0.963,,,,,,,0.009,,0.963,,,,1_1,N/A,N/A,,,,,,,,,,
,12,Y,61,1,0,0,9,NA,NA,2,10,10,0,0,,0.917,1.036,,0.901,1.059,,,0.0005,,0.9765,,,,1_1,2_2,N/A,,,,,,,,,,
,12,Y,62,1,1,0,11,12,NA,3,9,9,0,0,,1.062,,,,,,,0.033,,1.062,,,,1_2,N/A,N/A,,,,,,,,,,
,12,Y,63,0,0,0,NA,NA,NA,9,18,18,0,0,,0.987,1.125,0.797,,,,,0.001,,0.9696666667,,,,1_2,2_1,3_3,,,,,,,,,,
,12,Y,64,0,0,0,NA,NA,NA,6,3,3,0,0,,1.104,0.979,1.015,,,,,0.007333333333,,1.032666667,,,,1_3,2_2,3_1,,,,,,,,,,
,12,Y,65,0,0,0,NA,NA,NA,9,17,17,16,x,,0.811,0.99,0.954,,,,,0.001,,0.9183333333,1,,,1_3,2_1,3_2,,,,,,,,,,
,12,Y,66,1,0,0,12,NA,NA,4,21,21,0,0,,1.008,1.095,,,,,,0.09316666667,,1.0515,,,,1_2,2_3,N/A,,,,,,,,,,
,12,Y,67,1,0,0,12,NA,NA,6,9,9,0,0,,0.98,1.037,,,,,,0.0255,,1.0085,,,,1_2,2_3,N/A,,,,,,,,,,
,12,Y,68,1,0,0,12,NA,NA,6,16,16,0,0,,1.049,0.974,,,,,,0.0475,,1.0115,,,,1_1,2_3,N/A,,,,,,,,,,
,12,Y,69,1,0,0,4,NA,NA,3,6,5,3,0,,1.078,1.077,,,,,,0.0015,,1.0775,,,,1_1,2_2,N/A,,,,,,,,,,
,12,Y,70,1,0,0,4,NA,NA,2,14,14,0,0,,1.123,1.018,,,,,,0.0145,,1.0705,,,,1_1,2_2,N/A,,,,,,,,,,
,12,Y,71,1,1,0,3,7,NA,6,13,12,5,0,,1.05,,,,,,,0.006,,1.05,,,,1_1,N/A,N/A,,,,,,,,,,
,12,Y,72,0,0,0,NA,NA,NA,24,19,19,0,0,,1.026,0.99,1.001,,,,,0.009666666667,,1.005666667,,,,1_1,2_3,3_2,,,,,,,,,,
,12,Y,73,1,0,0,10,NA,NA,16,6,5,0,0,,0.892,0.944,,,,,,0.0005,,0.918,,,,1_1,2_2,N/A,,,,,,,,,,
,12,Y,74,1,0,0,12,NA,NA,6,10,10,0,0,,0.998,0.974,,,,,,0.01,,0.986,,,,1_2,2_1,N/A,,,,,,,,,,
,12,Y,75,0,0,0,NA,NA,NA,9,3,3,2,0,,0.965,0.982,0.93,,,,,0.001666666667,,0.959,,,,1_3,2_2,3_1,,,,,,,,,,
,12,G,1,0,0,0,NA,NA,NA,3,0,0,x,x,NA,1.165,1.092,0.875,1.15,1.072,0.856,,0.005666666667,-0.008270531401,1.044,,,,1_3,2_2,3_1,0,0,0,,,,,,,
,12,G,2,0,0,0,NA,NA,NA,13,18,18,9,2,,1.007,1.059,0.985,,,,,0.01066666667,-0.003270531401,1.017,,,count death:,1_2,2_1,3_3,0,0,0,,,,,,,
,12,G,3,0,0,0,NA,NA,NA,5,15,15,0,0,,1.066,1.132,1.07,1.067,1.112,1.069,,0.02466666667,0.0107294686,1.089333333,,,88,1_3,2_1,3_2,0,0,0,,,,,,,
,12,G,4,1,1,0,8,8,NA,1,3,3,0,0,,1.064,NA,NA,,,,,-0.015,-0.02893719807,1.064,,,,1_1,N/A,N/A,0,N/A,N/A,,,,,,,
,12,G,5,1,1,1,3,11,11,0,0,0,x,x,NA,NA,NA,NA,,,,,NA,#VALUE!,NA,,,snail_growth_average,N/A,N/A,N/A,N/A,N/A,N/A,,,,,,,
,12,G,6,1,0,0,3,NA,NA,17,11,11,0,0,,1.083,0.89,0.955,,,,,0.001333333333,-0.01260386473,0.976,1,,0.01393719807,1_2,2_1,3_3,0,0,0,"Death may have been misrecorded, since W11 and W12 pics match",,,,,,
,12,G,7,1,0,0,6,NA,NA,4,16,16,0,0,,1.102,1.124,NA,,,,,0.014,0.00006280193237,1.113,,,,1_2,2_1,N/A,0,0,N/A,,,,,,,
,12,G,8,1,1,0,9,11,NA,6,16,16,0,0,,1.078,NA,NA,1.082,,,,0.018,0.004062801932,1.078,,,,1_1,N/A,N/A,0,N/A,N/A,,,,,,,
,12,G,9,1,1,0,6,6,NA,1,8,8,0,0,,1.142,NA,NA,,,,,0.042,0.02806280193,1.142,,,,1_1,N/A,N/A,0,N/A,N/A,,,,,,,
,12,G,10,1,1,1,11,11,11,0,0,0,x,x,NA,NA,NA,NA,,,,,NA,#VALUE!,NA,,,,N/A,N/A,N/A,N/A,N/A,N/A,,,,,,,
,12,G,11,1,0,0,10,NA,NA,2,20,20,0,0,,1.072,1.019,NA,,,,,0.0135,-0.0004371980676,1.0455,,,,1_2,2_1,N/A,0,0,N/A,,,,,,,
,12,G,12,1,1,0,4,12,NA,1,8,8,0,0,,1.215,NA,NA,,,,,0.2115,0.1975628019,1.215,,,,1_1,N/A,N/A,0,0,N/A,,,,,,,
,12,G,13,1,1,0,9,12,NA,3,7,7,0,0,,1.001,NA,NA,,,,,-0.0085,-0.02243719807,1.001,,,,1_2,N/A,N/A,0,N/A,N/A,,,,,,,
,12,G,14,1,1,1,7,7,7,0,0,0,x,x,NA,NA,NA,NA,,,,,NA,#VALUE!,NA,,,,N/A,N/A,N/A,N/A,N/A,N/A,,,,,,,
,12,G,15,0,0,0,NA,NA,NA,2,7,7,6,x,,0.933,0.965,1.065,,,,,0.002333333333,-0.01160386473,0.9876666667,1,,,1_1,2_3,3_2,0,0,0,,,,,,,
,12,G,16,1,1,0,2,12,NA,4,12,12,10,0,,1.032,NA,NA,,,,,0.0335,0.01956280193,1.032,,,,1_2,N/A,N/A,0,N/A,N/A,,,,,,,
,12,G,17,1,1,0,11,12,NA,2,13,13,0,0,,0.977,NA,NA,,,,,0.0355,0.02156280193,0.977,1,,,1_2,N/A,N/A,0,N/A,N/A,,,,,,,
,12,G,18,1,0,0,4,NA,NA,2,9,9,7,x,,1.063,1.062,NA,1.067,1.049,,,-0.016,-0.02993719807,1.0625,,,,1_2,2_1,N/A,0,0,N/A,,,,,,,
,12,G,19,1,0,0,12,NA,NA,3,10,10,0,0,,1.043,1.022,NA,,,,,0.0385,0.02456280193,1.0325,,,,1_1,2_2,N/A,0,0,N/A,,,,,,,
,12,G,20,0,0,0,NA,NA,NA,4,10,10,0,0,,1.043,1.016,1.08,,,,,0.005666666667,-0.008270531401,1.046333333,,,,1_1,2_2,3_3,0,0,0,,,,,,,
,12,G,21,1,0,0,4,NA,NA,2,14,14,0,0,,0.985,1.003,NA,,,,,0.005,-0.008937198068,0.994,,,,1_2,2_1,N/A,0,0,N/A,,,,,,,
,12,G,22,1,0,0,10,NA,NA,3,20,20,0,0,,0.979,1.024,NA,,,,,0.0165,0.002562801932,1.0015,,,,1_2,2_1,N/A,0,0,N/A,,,,,,,
,12,G,23,1,1,1,9,9,10,0,0,0,x,x,NA,NA,NA,NA,,,,,NA,#VALUE!,NA,,,,N/A,N/A,N/A,N/A,N/A,N/A,,,,,,,
,12,G,24,1,0,0,12,NA,NA,3,25,25,0,0,,1.002,1.098,NA,,,,,0.04333333333,0.02939613527,1.05,,,,1_1,2_2,N/A,0,0,N/A,,,,,,,
,12,G,25,1,1,0,2,3,NA,2,20,20,0,0,,1.252,NA,NA,,,,,0.033,0.01906280193,1.252,,,,1_1,N/A,N/A,0,N/A,N/A,,,,,,,
,12,G,26,1,0,0,3,NA,NA,14,8,8,0,0,,0.849,0.999,NA,,,,,0.011,-0.002937198068,0.924,,,,1_2,2_1,N/A,0,0,N/A,,,,,,,
,12,G,27,1,1,0,6,6,NA,1,5,5,0,0,,1.046,NA,NA,,,,,0.017,0.003062801932,1.046,,,,1_1,N/A,N/A,0,N/A,N/A,,,,,,,
,12,G,28,1,0,0,9,NA,NA,14,14,14,14,x,,1.063,0.933,NA,,,,,0.0045,-0.009437198068,0.998,,,,1_1,2_2,N/A,0,0,N/A,,,,,,,
,12,G,29,0,0,0,NA,NA,NA,15,23,11,10,x,,0.993,1.03,1.066,,,,,0.001666666667,-0.0122705314,1.029666667,1,,,1_3,2_2,3_1,0,0,0,,,,,,,
,12,G,30,1,0,0,11,NA,NA,5,7,7,0,0,,1.098,0.98,NA,,,,,0.002,-0.01193719807,1.039,1,,,1_2,2_1,N/A,0,0,N/A,,,,,,,
,12,G,31,1,1,1,9,9,12,0,0,0,x,x,NA,NA,NA,NA,,,,,NA,#VALUE!,NA,,,,N/A,N/A,N/A,N/A,N/A,N/A,,,,,,,
,12,G,32,1,0,0,8,NA,NA,3,0,0,x,x,NA,1.069,1.021,NA,,,,,0.022,0.008062801932,1.045,,,,1_1,2_2,N/A,0,0,N/A,,,,,,,
,12,G,33,1,0,0,3,NA,NA,8,19,19,0,0,,1.029,1.106,NA,,,,,-0.003,-0.01693719807,1.0675,,,,1_1,2_2,N/A,0,0,N/A,,,,,,,
,12,G,34,0,0,0,NA,NA,NA,23,10,10,0,0,,1.078,1.023,0.959,1.07,1.011,0.940,,0.005666666667,-0.008270531401,1.02,,,,1_1,2_2,3_3,0,0,0,,,,,,,
,12,G,35,1,0,0,10,NA,NA,5,13,2,2,x,,1.036,1.022,NA,,,,,0.0035,-0.01043719807,1.029,,,,1_2,2_1,N/A,0,0,N/A,,,,,,,
,12,G,36,1,0,0,9,NA,NA,4,6,6,1,1,,1.068,0.935,NA,1.064,0.937,,,0.009,-0.004937198068,1.0015,,,,1_1,2_2,N/A,0,0,N/A,,,,,,,
,12,G,37,1,1,0,12,12,NA,7,20,20,0,0,,1.054,NA,NA,,,,,0.063,0.04906280193,1.054,,,,1_2,N/A,N/A,0,N/A,N/A,,,,,,,
,12,G,38,1,0,0,4,NA,NA,3,23,23,0,0,,1.037,0.975,NA,,,,,0.0065,-0.007437198068,1.006,,,,1_2,2_1,N/A,0,0,N/A,,,,,,,
,12,G,39,1,0,0,12,NA,NA,5,15,15,0,0,,0.823,0.965,NA,,,,,-0.03966666667,-0.05360386473,0.894,,,,1_1,2_3,N/A,0,0,N/A,,,,,,,
,12,G,40,1,0,0,9,NA,NA,6,6,6,0,0,,1.151,0.927,NA,,,,,0.008,-0.005937198068,1.039,,,,1_2,2_1,N/A,0,0,N/A,,,,,,,
,12,G,41,0,0,0,NA,NA,NA,1,0,0,0,0,,0.992,0.939,1.069,,,,,0.009,-0.004937198068,1,,,,1_1,2_3,3_2,0,0,0,,,,,,,
,12,G,42,1,0,0,3,NA,NA,3,19,19,0,0,,1.038,1.122,NA,,,,,-0.0005,-0.01443719807,1.08,,,,1_2,2_1,N/A,0,0,N/A,,,,,,,
,12,G,43,0,0,0,NA,NA,NA,7,12,12,0,0,,0.997,1.034,0.992,,,,,0.007,-0.006937198068,1.007666667,,,,1_1,2_2,3_3,0,0,0,,,,,,,
,12,G,44,1,0,0,11,NA,NA,9,13,13,11,x,,0.953,0.913,NA,,,,,0.0055,-0.008437198068,0.933,,,,1_2,2_1,N/A,0,0,N/A,,,,,,,
,12,G,45,1,0,0,8,NA,NA,3,16,16,0,0,,0.952,1.089,NA,,,,,-0.01916666667,-0.03310386473,1.0205,,,1 died in week 12,1_3,2_1,N/A,0,0,N/A,,,,,,,
,12,G,46,0,0,0,NA,NA,NA,3,10,10,0,0,,0.832,0.988,1.02,,,,,0.001333333333,-0.01260386473,0.9466666667,,,,1_3,2_1,3_2,0,0,0,,,,,,,
,12,G,47,1,1,1,3,9,12,0,0,0,x,x,NA,NA,NA,NA,,,,,NA,#VALUE!,NA,,,,N/A,N/A,N/A,N/A,N/A,N/A,,,,,,,
,12,G,48,1,0,0,4,NA,NA,2,11,9,8,x,,1.048,0.978,NA,,,,,-0.0065,-0.02043719807,1.013,,,,1_2,2_1,N/A,0,0,N/A,,,,,,,
,12,G,49,1,0,0,4,NA,NA,10,13,13,4,1,,1.017,1.071,NA,1.001,1.058,,,0.0295,0.01556280193,1.044,,,,1_2,2_1,N/A,0,0,N/A,,,,,,,
,12,G,50,1,1,0,11,11,NA,1,7,7,0,0,,1.044,NA,NA,,,,,0.002,-0.01193719807,1.044,,,,1_1,N/A,N/A,0,N/A,N/A,,,,,,,
,12,G,51,1,0,0,8,NA,NA,11,20,20,0,0,,1.087,1.099,NA,,,,,0.0175,0.003562801932,1.093,,,,1_1,2_2,N/A,0,0,N/A,,,,,,,
,12,G,52,1,1,0,2,3,NA,1,20,20,0,0,,1.016,NA,NA,,,,,-0.023,-0.03693719807,1.016,,,,1_1,N/A,N/A,0,N/A,N/A,,,,,,,
,12,G,53,1,1,0,3,12,NA,1,11,11,0,0,,1.062,NA,NA,,,,,0.0185,0.004562801932,1.062,,,,1_1,N/A,N/A,0,N/A,N/A,,,,,,,
,12,G,54,1,1,0,9,12,NA,2,7,7,0,0,,0.998,NA,NA,,,,,0.0535,0.03956280193,0.998,,,,1_2,N/A,N/A,0,N/A,N/A,,,,,,,
,12,G,55,0,0,0,NA,NA,NA,5,14,14,0,0,,1.16,0.899,NA,,,,,0.01816666667,0.004229468599,1.0295,,,,1_3,2_2,N/A,0,0,N/A,,,,,,,
,12,G,56,1,0,0,3,NA,NA,3,19,19,0,0,,1.052,1.031,NA,,,,,0,-0.01393719807,1.0415,,,,1_1,2_2,N/A,0,0,N/A,,,,,,,
,12,G,57,0,0,0,NA,NA,NA,7,10,10,3,0,,1.089,1.039,0.976,,,,,0.001,-0.01293719807,1.034666667,,,,1_2,2_1,3_3,0,0,0,,,,,,,
,12,G,58,1,1,0,8,12,NA,3,8,8,0,0,,1.031,NA,NA,,,,,-0.0015,-0.01543719807,1.031,,,,1_1,N/A,N/A,0,N/A,N/A,,,,,,,
,12,G,59,1,0,0,3,NA,NA,11,13,13,11,0,,0.984,1.034,NA,,,,,-0.021,-0.03493719807,1.009,,,,1_1,2_2,N/A,0,0,N/A,,,,,,,
,12,G,60,0,0,0,NA,NA,NA,5,9,9,0,0,,0.993,1.007,1.011,,,,,-0.002666666667,-0.01660386473,1.003666667,,,,1_3,2_1,3_2,0,0,0,,,,,,,
,12,G,61,1,0,0,10,NA,NA,1,8,8,0,0,,0.993,1.068,NA,,,,,0.0125,-0.001437198068,1.0305,,,,1_2,2_1,N/A,0,0,N/A,,,,,,,
,12,G,62,0,0,0,NA,NA,NA,6,17,17,0,0,,1.03,0.87,1.035,,,,,0.004666666667,-0.009270531401,0.9783333333,,,,1_3,2_2,3_1,0,0,0,,,,,,,
,12,G,63,1,0,0,10,NA,NA,11,17,17,0,0,,1.066,0.907,NA,,,,,-0.0175,-0.03143719807,0.9865,,,,1_1,2_2,N/A,0,0,N/A,,,,,,,
,12,G,64,1,1,0,4,8,NA,7,19,19,0,0,,1.146,NA,NA,,,,,0.004,-0.009937198068,1.146,,,,1_1,N/A,N/A,0,N/A,N/A,,,,,,,
,12,G,65,1,0,0,4,NA,NA,5,1,1,0,0,,0.994,1.099,NA,0.996,1.108,,,0.005,-0.008937198068,1.0465,,,,1_1,2_2,N/A,0,0,N/A,,,,,,,
,12,G,66,1,0,0,8,NA,NA,4,3,3,3,x,,1.071,1.035,NA,,,,,0.0315,0.01756280193,1.053,,,,1_2,2_1,N/A,0,0,N/A,,,,,,,
,12,G,67,1,0,0,4,NA,NA,9,18,18,0,0,,1.063,1.062,1.027,,,,,0.01033333333,-0.003603864734,1.050666667,,,,1_3,2_2,3_1,0,0,0,"Death may have been misrecorded, since W11 and W12 pics match",,,,,,
,12,G,68,0,0,0,NA,NA,NA,19,18,18,9,0,,1.031,1.045,0.989,,,,,0.006,-0.007937198068,1.021666667,,,,1_2,2_1,3_3,0,0,0,,,,,,,
,12,G,69,1,0,0,3,NA,NA,3,18,18,0,0,,1.133,1.06,NA,,,,,0.01483333333,0.0008961352657,1.0965,,,,1_1,2_2,N/A,0,0,N/A,,,,,,,
,12,G,70,1,1,0,10,10,NA,3,10,10,3,0,,1.016,NA,NA,,,,,0.017,0.003062801932,1.016,,,,1_1,N/A,N/A,0,N/A,N/A,,,,,,,
,12,G,71,0,0,0,NA,NA,NA,4,17,17,0,0,,1.013,0.988,1.022,1.007,0.997,1.016,,-0.02866666667,-0.04260386473,1.007666667,,,,1_1,2_3,3_2,0,0,0,,,,,,,
,12,G,72,1,0,0,3,NA,NA,5,12,12,0,0,,0.94,0.975,NA,,,,,-0.004,-0.01793719807,0.9575,,,,1_2,2_1,N/A,0,0,N/A,,,,,,,
,12,G,73,1,0,0,11,NA,NA,5,3,3,3,x,,0.979,0.929,NA,0.957,0.923,,,0.0195,0.005562801932,0.954,,,,1_1,2_2,N/A,0,0,N/A,,,,,,,
,12,G,74,0,0,0,NA,NA,NA,14,12,12,0,0,,1.035,0.965,1.045,,,,,0.002,-0.01193719807,1.015,,,,1_3,2_2,3_1,0,0,0,,,,,,,
,12,G,75,1,1,0,9,12,NA,1,4,4,0,0,,1.2,NA,NA,,,,,0.1695,0.1555628019,1.2,,,,1_1,N/A,N/A,0,N/A,N/A,,,,,,,
,13,O,2,0,0,0,NA,NA,NA,3,,,,,,1.141,1.062,1.106,,,,,0.037,,1.103,,,,1_3,2_2,3_1,0,0,0,,,,,,,
,13,O,4,1,0,0,9,NA,NA,3,,,,,,1.014,1.024,NA,1.029,1.035,,,0.0065,,1.019,,,death counts,1_1,2_2,NA,0,0,NA,,,,,,,
,13,O,5,0,0,0,NA,NA,NA,18,,,,,,0.937,1.067,0.981,0.916,1.051,0.969,,0.01,,0.995,,,23,1_2,2_1,3_3,0,0,0,,,,,,,
,13,O,6,1,0,0,4,NA,NA,7,,,,,,1.085,1.059,NA,1.082,1.038,,,-0.0055,,1.072,,,,1_1,2_2,NA,0,0,NA,,,,,,,
,13,O,7,1,0,0,9,NA,NA,5,,,,,,1.081,1.052,NA,,,,,0.0005,,1.0665,,,,1_2,2_1,NA,0,0,NA,,,,,,,
,13,O,11,1,1,0,10,11,NA,5,,,,,,1.061,NA,NA,,,,,0.015,,1.061,,,,1_1,NA,NA,0,NA,NA,,,,,,,
,13,O,12,1,0,0,9,NA,NA,8,,,,,,1.112,NA,NA,1.113,1.06,,,0.057,,1.112,,,,1_1,2_2,NA,0,0,NA,,,,,,,
,13,O,15,1,1,0,9,13,NA,4,,,,,,1.091,NA,NA,1.075,,,,-0.0305,,1.091,,,,1_1,NA,NA,0,NA,NA,,,,,,,
,13,O,16,1,0,0,2,NA,NA,4,,,,,,1.03,1.073,NA,1.006,1.053,,,0.032,,1.0515,,,,1_2,2_1,NA,0,0,NA,,,,,,,
,13,O,17,1,1,1,5,10,13,NA,,,,,,NA,NA,NA,,,,,NA,NA,NA,,,,NA,NA,NA,NA,NA,NA,,,,,,,
,13,O,18,1,1,0,2,13,NA,4,,,,,,0.976,NA,NA,0.964,,,,-0.0245,,0.976,,,,1_2,NA,NA,0,NA,NA,,,,,,,
,13,O,22,1,0,0,6,NA,NA,7,,,,,,0.99,1.028,NA,,,,,-0.0155,,1.009,,,,1_2,2_1,NA,0,0,NA,,,,,,,
,13,O,23,1,0,0,8,NA,NA,6,,,,,,0.933,1.013,NA,0.933,1.016,,,-0.0045,,0.973,,,,1_2,2_1,NA,0,0,NA,,,,,,,
,13,O,24,1,1,0,6,9,NA,13,,,,,,1.224,NA,NA,,,,,0.071,,1.224,,,,1_1,NA,NA,0,NA,NA,,,,,,,
,13,O,29,1,0,0,9,NA,NA,8,,,,,,1.064,0.953,NA,,,,,0.003,,1.0085,,,,1_1,2_2,NA,0,0,NA,,,,,,,
,13,O,34,1,1,0,7,10,NA,11,,,,,,1.036,NA,NA,,,,,0.021,,1.036,,,,1_1,NA,NA,0,NA,NA,,,,,,,
,13,O,36,0,0,0,NA,NA,NA,5,,,,,,1.065,1.041,1.051,1.05,1.019,1.002,,0.02433333333,,1.052333333,,,,1_1,2_3,3_2,0,0,0,,,,,,,
,13,O,60,1,1,0,13,13,NA,8,,,,,,0.985,NA,NA,1.003,,,,-0.078,,0.985,,,,1_1,NA,NA,0,NA,NA,,,,,,,
,13,W,18,1,1,0,10,12,NA,9,,,,,,1.105,,,,,,,,,,,,"snail pic, position, and egg counts are corrected",1_1,NA,NA,1,NA,NA,flipped image with 30!,,,,,,
,13,W,19,0,0,0,NA,NA,NA,15,,,,,,1.04,1.033,1.071,1.089,1.049,1.078,,,,,,,death counts,1_2,2_3,3_1,0,0,0,,,,,,,
,13,W,29,0,0,0,NA,NA,NA,13,,,,,,1.082,1.033,1.111,,,,,,,,,,13,1_1,2_3,3_2,0,0,0,,,,,,,
,13,W,30,0,0,0,NA,NA,NA,22,,,,,,0.999,0.99,0.946,1.023,0.988,0.925,,,,,,,"snail pic, position, and egg counts are corrected",1_3,2_1,3_2,0,0,0,,,,,,,
,13,W,34,0,0,0,NA,NA,NA,16,,,,,,1.032,1.004,1.008,1.047,1.012,1.003,,,,,,,,1_1,2_3,3_2,0,0,0,,,,,,,
,13,W,37,0,0,0,NA,NA,NA,5,,,,,,1.008,1.043,1.053,,,,,,,,,,,1_1,2_2,3_3,0,0,0,,,,,,,
,13,W,38,0,0,0,NA,NA,NA,7,,,,,,1.005,1.101,1.02,,,,,,,,,,,1_3,2_1,3_2,0,0,0,,,,,,,
,13,W,46,1,1,0,6,13,NA,1,,,,,,0.965,,,0.987,,,,,,,,,,1_1,NA,NA,0,NA,NA,,,,,,,
,13,W,49,0,0,0,NA,NA,NA,1,,,,,,1.059,0.953,1.157,1.069,0.971,1.169,,,,,,,,1_2,2_3,3_1,0,0,0,,,,,,,
,13,W,51,1,1,0,6,6,NA,10,,,,,,1.1,,,1.106,,,,,,,,,,1_1,NA,NA,0,NA,NA,,,,,,,
,13,W,54,1,0,0,5,NA,NA,11,,,,,,1.11,1.068,,1.129,1.08,,,,,,,,,1_2,2_1,NA,0,0,NA,,,,,,,
,13,W,55,1,1,0,6,8,NA,10,,,,,,1.017,,,,,,,,,,,,,1_1,NA,NA,0,NA,NA,,,,,,,
,13,W,56,1,0,0,6,NA,NA,8,,,,,,1.03,1.133,,,,,,,,,,,,1_2,2_1,NA,0,0,NA,,,,,,,
,13,W,62,1,1,0,9,9,NA,10,,,,,,1.069,,,1.073,,,,,,,,,,1_1,NA,NA,0,NA,NA,,,,,,,
,13,W,65,0,0,0,NA,NA,NA,14,,,,,,0.966,1.105,1.056,,,,,,,,,,,1_2,2_3,3_1,0,0,0,,,,,,,
,13,W,66,0,0,0,NA,NA,NA,11,,,,,,0.984,1.012,0.911,,,,,,,,,,,1_1,2_3,3_2,0,0,0,,,,,,,
,13,W,70,1,0,0,6,NA,NA,18,,,,,,0.997,0.981,,1.022,0.993,,,,,,,,,1_1,2_2,NA,0,0,NA,,,,,,,
,13,W,74,0,0,0,NA,NA,NA,15,,,,,,1.04,0.904,1.061,1.04,0.922,1.064,,,,,,,,1_2,2_2,3_1,0,0,0,,,,,,,
,13,Y,1,0,0,0,NA,NA,NA,9,,,,,,0.933,1.073,1.028,,,,,0.007666666667,,1.011333333,,,,1_2,2_3,3_1,,,,,,,,,,
,13,Y,2,1,0,0,12,NA,NA,6,,,,,,1,1.105,,0.985,1.09,,,0.037,,1.0525,,,death counts,1_2,2_1,NA,,,,,,,,,,
,13,Y,3,0,0,0,NA,NA,NA,12,,,,,,0.974,0.957,1.063,,,,,0.02933333333,,0.998,,,58,1_1,2_2,3_3,,,,,,,,,,
,13,Y,4,0,0,0,NA,NA,NA,19,,,,,,1.05,0.93,1.036,,,,,0.001333333333,,1.005333333,,,,1_1,2_2,3_3,,,,,,,,,,
,13,Y,5,0,0,0,NA,NA,NA,8,,,,,,0.979,1.005,0.913,,,,,0.002,,0.9656666667,,,,1_1,2_2,3_3,,,,,,,,,,
,13,Y,6,0,0,0,NA,NA,NA,3,,,,,,0.966,1.107,1.028,,,,,0.011,,1.033666667,,,,1_1,2_3,3_2,,,,,,,,,,
,13,Y,7,0,0,0,NA,NA,NA,5,,,,,,0.914,1.077,0.975,,,,,0.01733333333,,0.9886666667,,,,1_1,2_2,3_3,,,,,,,,,,
,13,Y,8,0,0,0,NA,NA,NA,5,,,,,,1.118,0.978,0.886,,,,,0.004333333333,,0.994,,,,1_1,2_3,3_2,,,,,,,,,,
,13,Y,9,1,0,0,4,NA,NA,5,,,,,,1.079,0.887,,,,,,0.0195,,0.983,,,,1_2,2_1,NA,,,,,,,,,,
,13,Y,10,1,0,0,7,NA,NA,6,,,,,,1.123,0.8,,1.12,0.79,,,0.001,,0.9615,,,,1_2,2_1,NA,,,,,,,,,,
,13,Y,11,1,1,0,2,12,NA,0,,,,,,1.01,,,1.015,,,,0.012,,1.01,,,missing egg count,1_1,NA,NA,,,,,,,,,,
,13,Y,12,1,0,0,5,NA,NA,10,,,,,,1.11,1.031,,,,,,0.045,,1.0705,,,,1_1,2_2,NA,,,,,,,,,,
,13,Y,13,0,0,0,NA,NA,NA,4,,,,,,0.918,0.993,1.062,0.922,1.017,1.047,,0.001333333333,,0.991,,,,1_1,2_2,3_3,,,,,,,,,,
,13,Y,14,1,1,1,10,10,10,NA,,,,,,,,,,,,,#DIV/0!,,#DIV/0!,,,,NA,NA,NA,,,,,,,,,,
,13,Y,15,1,1,1,10,10,10,NA,,,,,,,,,,,,,#DIV/0!,,#DIV/0!,,,,NA,NA,NA,,,,,,,,,,
,13,Y,16,0,0,0,NA,NA,NA,9,,,,,,1.088,1.051,1.039,,,,,0.03333333333,,1.059333333,,,,1_3,2_2,3_1,,,,,,,,,,
,13,Y,17,1,0,0,11,NA,NA,6,,,,,,1.003,0.999,,,,,,0.0035,,1.001,,,,1_1,2_2,NA,,,,,,,,,,
,13,Y,18,0,0,0,NA,NA,NA,11,,,,,,1.008,1.084,0.866,,,,,0.01366666667,,0.986,,,,1_1,2_2,3_3,,,,,,,,,,
,13,Y,19,1,1,0,7,12,NA,4,,,,,,1.013,,,0.997,,,,0.009,,1.013,,,,1_1,NA,NA,,,,,,,,,,
,13,Y,20,1,0,0,4,NA,NA,13,,,,,,0.985,1.01,,0.999,1.016,,,0.0005,,0.9975,,,,1_1,2_2,NA,,,,,,,,,,
,13,Y,21,0,0,0,NA,NA,NA,6,,,,,,1.095,0.991,0.968,,,,,0.006666666667,,1.018,,,,1_2,2_3,3_1,,,,,,,,,,
,13,Y,22,0,0,0,NA,NA,NA,11,,,,,,1.075,0.984,0.899,,,,,0.008,,0.986,,,,1_3,2_1,3_2,,,,,,,,,,
,13,Y,23,0,0,0,NA,NA,NA,14,,,,,,1.012,0.997,1.018,,,,,0.002,,1.009,,,,1_2,2_3,3_1,,,,,,,,,,
,13,Y,24,1,0,0,12,NA,NA,18,,,,,,1.054,0.945,,,,,,0.0165,,0.9995,,,,1_2,2_1,NA,,,,,,,,,,
,13,Y,25,0,0,0,NA,NA,NA,15,,,,,,0.969,1.12,0.989,,,,,0.001333333333,,1.026,2,,,1_3,2_1,3_2,,,,,,,,,,
,13,Y,26,1,0,0,4,NA,NA,7,,,,,,0.985,1.049,,,,,,0.0035,,1.017,1,,,1_1,2_2,NA,,,,,,,,,,
,13,Y,27,0,0,0,NA,NA,NA,15,,,,,,0.952,1.014,1.027,,,,,0.0006666666667,,0.9976666667,,,,1_1,2_2,3_3,,,,,,,,,,
,13,Y,28,1,0,0,13,NA,NA,8,,,,,,0.962,0.985,,,,,,0.0005,,0.9735,,,,1_3,2_1,NA,,,,2nd snail from previous week died this week,,,,,,
,13,Y,29,1,0,0,3,NA,NA,14,,,,,,0.945,1.137,,,,,,0.012,,1.041,,,,1_1,2_2,NA,,,,,,,,,,
,13,Y,30,0,0,0,NA,NA,NA,0,,,,,,1.053,1.054,0.94,,,,,0.01433333333,,1.015666667,,,missing egg count,1_3,2_1,3_2,,,,,,,,,,
,13,Y,31,1,0,0,4,NA,NA,3,,,,,,0.986,1.187,,0.982,1.145,,,0.001,,1.0865,1,,,1_1,2_2,NA,,,,,,,,,,
,13,Y,32,1,0,0,13,NA,NA,10,,,,,,1.094,1.025,,,,,,0.04516666667,,1.0595,,,,1_3,2_2,3_1,,,,,,,,,,
,13,Y,33,1,0,0,5,NA,NA,15,,,,,,1.144,0.896,,,,,,0.0105,,1.02,,,,1_1,2_2,NA,,,,,,,,,,
,13,Y,34,1,0,0,13,NA,NA,4,,,,,,0.968,0.86,,,,,,-0.02333333333,,0.914,,,,1_2,2_1,NA,,,,,,,,,,
,13,Y,35,1,0,0,11,NA,NA,16,,,,,,0.944,1.001,,,,,,0.0025,,0.9725,,,,1_1,2_2,NA,,,,,,,,,,
,13,Y,36,0,0,0,NA,NA,NA,8,,,,,,0.976,0.775,1.118,,,,,0.002333333333,,0.9563333333,1,,,1_3,2_1,3_2,,,,,,,,,,
,13,Y,37,1,1,0,4,9,NA,11,,,,,,1.109,,,,,,,0.004,,1.109,,,,1_1,NA,NA,,,,,,,,,,
,13,Y,38,1,0,0,12,NA,NA,6,,,,,,1.085,1.063,,,,,,0.0155,,1.074,,,,1_1,2_2,NA,,,,,,,,,,
,13,Y,39,1,0,0,3,NA,NA,17,,,,,,1.113,0.936,,,,,,0.0035,,1.0245,,,,1_2,2_1,NA,,,,,,,,,,
,13,Y,40,1,0,0,11,NA,NA,0,,,,,,0.865,1.035,,,,,,0.011,,0.95,,,,1_2,2_1,NA,,,,,,,,,,
,13,Y,41,1,0,0,9,NA,NA,13,,,,,,1.019,1.025,,,,,,-0.0145,,1.022,,,,1_1,2_2,NA,,,,,,,,,,
,13,Y,42,1,0,0,4,NA,NA,16,,,,,,0.926,0.896,,,,,,0.0005,,0.911,,,,1_2,2_1,NA,,,,,,,,,,
,13,Y,43,0,0,0,NA,NA,NA,12,,,,,,0.999,1.131,1.044,,,,,0.014,,1.058,1,,,1_2,2_3,3_1,,,,,,,,,,
,13,Y,44,0,0,0,NA,NA,NA,14,,,,,,0.942,1.071,1.034,,,,,0.021,,1.015666667,,,,1_1,2_2,3_3,,,,,,,,,,
,13,Y,45,1,0,0,12,NA,NA,5,,,,,,1.119,1.068,,,,,,0.022,,1.0935,,,,1_1,2_2,NA,,,,,,,,,,
,13,Y,46,1,1,1,10,11,11,NA,,,,,,,,,,,,,#DIV/0!,,#DIV/0!,,,,NA,NA,NA,,,,,,,,,,
,13,Y,47,1,0,0,8,NA,NA,15,,,,,,1.022,1.084,,,,,,0.012,,1.053,1,,,1_1,2_2,NA,,,,,,,,,,
,13,Y,48,0,0,0,NA,NA,NA,8,,,,,,1.049,1.084,0.966,,,,,0.007,,1.033,,,,1_2,2_1,3_3,,,,,,,,,,
,13,Y,49,0,0,0,NA,NA,NA,8,,,,,,0.979,1.025,1.024,,,,,0.02233333333,,1.009333333,,,,1_2,2_1,3_3,,,,,,,,,,
,13,Y,50,0,0,0,NA,NA,NA,3,,,,,,1.003,1.002,1.115,0.996,0.995,1.117,,0.014,,1.04,,,,1_3,2_1,3_2,,,,,,,,,,
,13,Y,51,1,1,1,10,12,13,NA,,,,,,,,,,,,,#DIV/0!,,#DIV/0!,,,,NA,NA,NA,,,,Final snail died this week,,,,,,
,13,Y,52,0,0,0,NA,NA,NA,6,,,,,,0.956,1.058,0.953,,,,,0.001,,0.989,,,,1_3,2_2,3_1,,,,,,,,,,
,13,Y,53,0,0,0,NA,NA,NA,19,,,,,,1.093,1.003,0.985,,,,,0.0003333333333,,1.027,,,,1_3,2_3,3_1,,,,,,,,,,
,13,Y,54,1,0,0,11,NA,NA,18,,,,,,1.035,0.981,,,,,,0.0025,,1.008,,,,1_2,2_1,NA,,,,,,,,,,
,13,Y,55,0,0,0,NA,NA,NA,5,,,,,,1.004,1.014,1.059,,,,,0.007,,1.025666667,,,,1_2,2_1,3_3,,,,,,,,,,
,13,Y,56,1,0,0,12,NA,NA,13,,,,,,1.006,1.08,,,,,,0.0025,,1.043,,,,1_2,2_1,NA,,,,,,,,,,
,13,Y,57,1,0,0,13,NA,NA,5,,,,,,0.98,0.999,,,,,,0.0865,,0.9895,,,,1_3,2_1,NA,,,,3rd snail died this week,,,,,,
,13,Y,58,1,0,0,3,NA,NA,8,,,,,,1.021,1.054,,,,,,0.0065,,1.0375,,,,1_1,2_2,NA,,,,,,,,,,
,13,Y,59,0,0,0,NA,NA,NA,4,,,,,,1.013,0.998,1.036,,,,,0.007333333333,,1.015666667,,,,1_3,2_2,3_1,,,,,,,,,,
,13,Y,60,1,1,0,7,7,NA,4,,,,,,0.964,,,,,,,0.001,,0.964,,,,1_1,NA,NA,,,,Second snail died this week,,,,,,
,13,Y,61,1,0,0,9,NA,NA,9,,,,,,1.03,0.927,,,,,,0.002,,0.9785,,,,1_2,2_1,NA,,,,,,,,,,
,13,Y,62,1,1,0,11,12,NA,6,,,,,,1.063,,,,,,,0.001,,1.063,,,,1_1,NA,NA,,,,,,,,,,
,13,Y,63,0,0,0,NA,NA,NA,5,,,,,,1.143,1.009,0.813,,,,,0.01866666667,,0.9883333333,1,,,1_2,2_1,3_3,,,,,,,,,,
,13,Y,64,0,0,0,NA,NA,NA,1,,,,,,0.94,1.143,1.037,,,,,0.007333333333,,1.04,,,,1_2,2_1,3_3,,,,,,,,,,
,13,Y,65,0,0,0,NA,NA,NA,12,,,,,,1.015,0.759,0.969,,,,,-0.004,,0.9143333333,1,1,,1_2,2_1,3_3,,,,,,,,,,
,13,Y,66,1,0,0,12,NA,NA,9,,,,,,1.083,1.024,,,,,,0.002,,1.0535,,,,1_2,2_1,NA,,,,,,,,,,
,13,Y,67,1,0,0,12,NA,NA,5,,,,,,0.996,1.07,,,,,,0.0245,,1.033,,,,1_1,2_2,NA,,,,,,,,,,
,13,Y,68,1,0,0,12,NA,NA,18,,,,,,1.068,0.992,,,,,,0.0185,,1.03,,,,1_1,2_2,NA,,,,,,,,,,
,13,Y,69,1,0,0,4,NA,NA,8,,,,,,1.085,1.119,,1.073,1.121,,,0.0245,,1.102,,,,1_2,2_2,NA,,,,,,,,,,
,13,Y,70,1,0,0,4,NA,NA,3,,,,,,1.129,1.04,,,,,,0.014,,1.0845,,,,1_1,2_2,NA,,,,,,,,,,
,13,Y,71,1,1,0,3,7,NA,6,,,,,,1.02,,,,,,,-0.03,,1.02,,,,1_1,NA,NA,,,,,,,,,,
,13,Y,72,0,0,0,NA,NA,NA,10,,,,,,0.989,0.965,1.074,,,,,0.003666666667,,1.009333333,,,,1_3,2_2,3_1,,,,,,,,,,
,13,Y,73,1,0,0,10,NA,NA,9,,,,,,0.898,0.945,,,,,,0.0035,,0.9215,,,,1_1,2_2,NA,,,,,,,,,,
,13,Y,74,1,0,0,12,NA,NA,7,,,,,,1.014,1.003,,1.019,1.011,,,0.0225,,1.0085,,,,1_1,2_2,NA,,,,,,,,,,
,13,Y,75,0,0,0,NA,NA,NA,21,,,,,,0.953,0.981,0.985,,,,,0.014,,0.973,,,,1_3,2_1,3_2,,,,,,,,,,
,13,G,1,0,0,0,NA,NA,NA,6,,,,,,0.885,1.106,1.161,,,,,0.006666666667,-0.009077294686,1.050666667,,,,1_3,2_2,3_1,0,0,0,,,,,,,
,13,G,2,1,0,0,13,NA,NA,3,,,,,,1.017,1.076,NA,,,,,0.0295,0.01375603865,1.0465,,,,1_1,2_2,N/A,0,0,N/A,,,,,,,
,13,G,3,0,0,0,NA,NA,NA,5,,,,,,1.142,1.07,1.059,,,,,0.001,-0.01474396135,1.090333333,,,,1_2,2_1,3_3,0,0,0,,,,,,,
,13,G,4,1,1,0,8,8,NA,12,,,,,,1.094,NA,NA,,,,,0.03,0.01425603865,1.094,,,death count,1_1,N/A,N/A,0,N/A,N/A,,,,,,,
,13,G,5,1,1,1,3,11,11,NA,,,,,,NA,NA,NA,,,,,NA,#VALUE!,NA,,,93,N/A,N/A,N/A,N/A,N/A,N/A,,,,,,,
,13,G,6,1,0,0,3,NA,NA,5,,,,,,1.107,0.906,0.992,,,,,0.02566666667,0.009922705314,1.001666667,,,,1_1,2_2,3_3,0,0,0,,,,,,,
,13,G,7,1,0,0,6,NA,NA,11,,,,,,1.117,1.152,NA,,,,,0.0215,0.005756038647,1.1345,,,snail_growth_average,1_1,2_2,N/A,0,0,N/A,,,,,,,
,13,G,8,1,1,0,9,11,NA,12,,,,,,1.076,NA,NA,,,,,-0.002,-0.01774396135,1.076,,,0.01574396135,1_1,N/A,N/A,0,N/A,N/A,,,,,,,
,13,G,9,1,1,0,6,6,NA,8,,,,,,1.134,NA,NA,,,,,-0.008,-0.02374396135,1.134,,,,1_1,N/A,N/A,0,N/A,N/A,,,,,,,
,13,G,10,1,1,1,11,11,11,NA,,,,,,NA,NA,NA,,,,,NA,#VALUE!,NA,,,,N/A,N/A,N/A,N/A,N/A,N/A,,,,,,,
,13,G,11,1,0,0,10,NA,NA,10,,,,,,1.079,1.027,NA,,,,,0.0075,-0.008243961353,1.053,,,,1_1,2_2,N/A,0,0,N/A,,,,,,,
,13,G,12,1,1,0,4,12,NA,1,,,,,,1.253,NA,NA,,,,,0.038,0.02225603865,1.253,,,,1_1,N/A,N/A,0,N/A,N/A,,,,,,,
,13,G,13,1,1,0,9,12,NA,0,,,,,,1.025,NA,NA,,,,,0.024,0.008256038647,1.025,,,,1_1,N/A,N/A,0,N/A,N/A,,,,,,,
,13,G,14,1,1,1,7,7,7,NA,,,,,,NA,NA,NA,,,,,NA,#VALUE!,NA,,,,N/A,N/A,N/A,N/A,N/A,N/A,,,,,,,
,13,G,15,0,0,0,NA,NA,NA,10,,,,,,0.967,0.964,1.066,,,,,0.01133333333,-0.004410628019,0.999,,,,1_2,2_1,3_3,0,0,0,,,,,,,
,13,G,16,1,1,0,2,12,NA,9,,,,,,1.041,NA,NA,,,,,0.009,-0.006743961353,1.041,,,,1_1,N/A,N/A,0,N/A,N/A,,,,,,,
,13,G,17,1,1,0,11,12,NA,13,,,,,,1.032,NA,NA,,,,,0.055,0.03925603865,1.032,,,,1_1,N/A,N/A,0,N/A,N/A,,,,,,,
,13,G,18,1,0,0,4,NA,NA,15,,,,,,1.095,1.082,NA,1.101,1.081,,,0.026,0.01025603865,1.0885,,,,1_2,2_1,N/A,0,0,N/A,,,,,,,
,13,G,19,1,0,0,12,NA,NA,13,,,,,,1.065,1,NA,,,,,0,-0.01574396135,1.0325,,,,1_1,2_2,N/A,0,0,N/A,,,,,,,
,13,G,20,0,0,0,NA,NA,NA,1,,,,,,1.04,1.112,1.113,,,,,0.042,0.02625603865,1.088333333,,,,1_2,2_1,3_3,0,0,0,,,,,,,
,13,G,21,1,0,0,4,NA,NA,6,,,,,,1.04,1.011,NA,,,,,0.0315,0.01575603865,1.0255,,,,1_2,2_1,N/A,0,0,N/A,,,,,,,
,13,G,22,1,0,0,10,NA,NA,17,,,,,,1.032,0.946,NA,1.033,0.928,,,-0.0125,-0.02824396135,0.989,,,,1_2,2_1,N/A,0,0,N/A,,,,,,,
,13,G,23,1,1,1,9,9,10,NA,,,,,,NA,NA,NA,,,,,NA,#VALUE!,NA,,,,N/A,N/A,N/A,N/A,N/A,N/A,,,,,,,
,13,G,24,1,0,0,12,NA,NA,19,,,,,,1.096,1.02,NA,,,,,0.008,-0.007743961353,1.058,,,,1_2,2_1,N/A,0,0,N/A,,,,,,,
,13,G,25,1,1,0,2,3,NA,8,,,,,,1.206,NA,NA,,,,,-0.046,-0.06174396135,1.206,,,,1_1,N/A,N/A,0,N/A,N/A,,,,,,,
,13,G,26,1,0,0,3,NA,NA,1,,,,,,1.003,0.839,NA,1.025,0.821,,,-0.003,-0.01874396135,0.921,,,,1_2,2_1,N/A,0,0,N/A,,,,,,,
,13,G,27,1,1,0,6,6,NA,10,,,,,,1.053,NA,NA,,,,,0.007,-0.008743961353,1.053,,,,1_1,N/A,N/A,0,N/A,N/A,,,,,,,
,13,G,28,1,0,0,9,NA,NA,6,,,,,,1.081,0.926,NA,,,,,0.0055,-0.01024396135,1.0035,,,,1_1,2_2,N/A,0,0,N/A,,,,,,,
,13,G,29,0,0,0,NA,NA,NA,7,,,,,,1.027,1.063,1.037,,,,,0.01266666667,-0.003077294686,1.042333333,,,,1_1,2_2,3_3,0,0,0,,,,,,,
,13,G,30,1,0,0,11,NA,NA,22,,,,,,1.112,1.015,NA,,,,,0.0245,0.008756038647,1.0635,,,,1_1,2_2,N/A,0,0,N/A,,,,,,,
,13,G,31,1,1,1,9,9,12,NA,,,,,,NA,NA,NA,,,,,NA,#VALUE!,NA,,,,N/A,N/A,N/A,N/A,N/A,N/A,,,,,,,
,13,G,32,1,1,0,8,13,NA,2,,,,,,1.058,NA,NA,,,,,0.013,-0.002743961353,1.058,,,,1_2,N/A,N/A,0,N/A,N/A,,,,,,,
,13,G,33,1,0,0,3,NA,NA,10,,,,,,1.147,1.056,NA,,,,,0.034,0.01825603865,1.1015,,,,1_2,2_1,N/A,0,0,N/A,,,,,,,
,13,G,34,0,0,0,NA,NA,NA,10,,,,,,0.918,1.045,1.107,0.933,1.048,1.102,,0.003333333333,-0.01241062802,1.023333333,,,,1_3,2_2,3_1,0,0,0,,,,,,,
,13,G,35,1,0,0,10,NA,NA,6,,,,,,1.059,1.047,NA,,,,,0.024,0.008256038647,1.053,,,,1_2,2_1,N/A,0,0,N/A,,,,,,,
,13,G,36,1,0,0,9,NA,NA,23,,,,,,1.083,0.933,NA,,,,,0.0065,-0.009243961353,1.008,,,,1_1,2_2,N/A,0,0,N/A,,,,,,,
,13,G,37,1,1,0,12,12,NA,9,,,,,,1.038,NA,NA,,,,,-0.016,-0.03174396135,1.038,,,,1_1,N/A,N/A,0,N/A,N/A,,,,,,,
,13,G,38,1,0,0,4,NA,NA,9,,,,,,1.075,1.011,NA,1.076,1.019,,,0.037,0.02125603865,1.043,,,,1_1,2_2,N/A,0,0,N/A,,,,,,,
,13,G,39,1,0,0,12,NA,NA,12,,,,,,0.821,0.968,NA,,,,,0.0005,-0.01524396135,0.8945,,,,1_1,2_2,N/A,0,0,N/A,,,,,,,
,13,G,40,1,0,0,9,NA,NA,5,,,,,,0.896,1.185,NA,,,,,0.0015,-0.01424396135,1.0405,,,,1_2,2_1,N/A,0,0,N/A,,,,,,,
,13,G,41,0,0,0,NA,NA,NA,11,,,,,,0.934,1.021,1.102,,,,,0.019,0.003256038647,1.019,,,,1_2,2_1,3_3,0,0,0,,,,,,,
,13,G,42,1,0,0,3,NA,NA,9,,,,,,1.132,1.093,NA,,,,,0.0325,0.01675603865,1.1125,,,,1_2,2_1,N/A,0,0,N/A,,,,,,,
,13,G,43,0,0,0,NA,NA,NA,16,,,,,,1.031,1.027,1.005,1.041,1.012,1.016,,0.01333333333,-0.002410628019,1.021,,,,1_2,2_1,3_3,0,0,0,,,,,,,
,13,G,44,1,0,0,11,NA,NA,16,,,,,,0.91,0.92,NA,,,,,-0.018,-0.03374396135,0.915,,,,1_1,2_2,N/A,0,0,N/A,,,,,,,
,13,G,45,1,0,0,8,NA,NA,2,,,,,,0.967,1.116,NA,,,,,0.021,0.005256038647,1.0415,,,,1_1,2_2,N/A,0,0,N/A,,,,,,,
,13,G,46,1,0,0,13,NA,NA,6,,,,,,1.016,1.063,NA,,,,,0.09283333333,0.07708937198,1.0395,,,,1_2,2_3,N/A,0,0,N/A,,,,,,,
,13,G,47,1,1,1,3,9,12,NA,,,,,,NA,NA,NA,,,,,NA,#VALUE!,NA,,,,N/A,N/A,N/A,N/A,N/A,N/A,,,,,,,
,13,G,48,1,0,0,4,NA,NA,17,,,,,,1.078,0.992,NA,,,,,0.022,0.006256038647,1.035,,,,1_1,2_2,N/A,0,0,N/A,,,,,,,
,13,G,49,1,0,0,4,NA,NA,12,,,,,,1.027,1.07,NA,,,,,0.0045,-0.01124396135,1.0485,,,,1_1,2_2,N/A,0,0,N/A,,,,,,,
,13,G,50,1,1,0,11,11,NA,14,,,,,,1.04,NA,NA,,,,,-0.004,-0.01974396135,1.04,,,,1_1,N/A,N/A,0,N/A,N/A,,,,,,,
,13,G,51,1,0,0,8,NA,NA,3,,,,,,1.142,1.106,NA,1.131,1.077,,,0.031,0.01525603865,1.124,,,,1_1,2_2,N/A,0,0,N/A,,,,,,,
,13,G,52,1,1,0,2,3,NA,20,,,,,,1.012,NA,NA,,,,,-0.004,-0.01974396135,1.012,,,,1_1,N/A,N/A,0,N/A,N/A,,,,,,,
,13,G,53,1,1,0,3,12,NA,8,,,,,,1.063,NA,NA,,,,,0.001,-0.01474396135,1.063,,,,1_1,N/A,N/A,0,N/A,N/A,,,,,,,
,13,G,54,1,1,0,9,12,NA,4,,,,,,0.989,NA,NA,,,,,-0.009,-0.02474396135,0.989,,,,1_1,N/A,N/A,0,N/A,N/A,,,,,,,
,13,G,55,1,0,0,13,NA,NA,9,,,,,,1.177,NA,NA,,,,,0.1475,0.1317560386,1.177,,,"only one really left, but records say 2",1_1,N/A,N/A,0,N/A,N/A,,,,,,,
,13,G,56,1,0,0,3,NA,NA,4,,,,,,1.077,1.06,NA,,,,,0.027,0.01125603865,1.0685,,,,1_2,2_1,N/A,0,0,N/A,,,,,,,
,13,G,57,0,0,0,NA,NA,NA,6,,,,,,1.084,0.982,1.041,,,,,0.001,-0.01474396135,1.035666667,,,,1_1,2_3,3_2,0,0,0,,,,,,,
,13,G,58,1,1,0,8,12,NA,7,,,,,,1.068,NA,NA,,,,,0.037,0.02125603865,1.068,,,,1_1,N/A,N/A,0,N/A,N/A,,,,,,,
,13,G,59,1,0,0,3,NA,NA,8,,,,,,1.032,1.067,NA,,,,,0.0405,0.02475603865,1.0495,,,,1_1,2_2,N/A,0,0,N/A,,,,,,,
,13,G,60,0,0,0,NA,NA,NA,11,,,,,,1.029,1.011,1.014,,,,,0.01433333333,-0.001410628019,1.018,1,,,1_2,2_1,3_3,0,0,0,,,,,,,
,13,G,61,1,0,0,10,NA,NA,13,,,,,,1.103,0.983,NA,,,,,0.0125,-0.003243961353,1.043,,,,1_2,2_1,N/A,0,0,N/A,,,,,,,
,13,G,62,0,0,0,NA,NA,NA,8,,,,,,1.056,0.879,1.006,,,,,0.002,-0.01374396135,0.9803333333,,,,1_3,2_2,3_1,0,0,0,,,,,,,
,13,G,63,1,0,0,10,NA,NA,10,,,,,,0.944,1.095,NA,,,,,0.033,0.01725603865,1.0195,,,,1_2,2_1,N/A,0,0,0,,,,,,,
,13,G,64,1,1,0,4,8,NA,8,,,,,,1.164,NA,NA,,,,,0.018,0.002256038647,1.164,,,,1_1,N/A,N/A,0,N/A,N/A,,,,,,,
,13,G,65,1,0,0,4,NA,NA,6,,,,,,1.131,1.003,NA,,,,,0.0205,0.004756038647,1.067,,,,1_2,2_1,N/A,0,0,N/A,,,,,,,
,13,G,66,1,0,0,8,NA,NA,5,,,,,,0.982,1.076,NA,0.993,1.057,,,-0.024,-0.03974396135,1.029,,,,1_2,2_1,N/A,0,0,N/A,,,,,,,
,13,G,67,1,0,0,4,NA,NA,14,,,,,,1.064,1.058,1.043,1.064,1.046,1.022,,0.004333333333,-0.01141062802,1.055,,,,1_1,2_2,3_3,0,0,0,,,,,,,
,13,G,68,0,0,0,NA,NA,NA,5,,,,,,1.057,1.029,0.99,,,,,0.003666666667,-0.01207729469,1.025333333,,,,1_2,2_3,3_1,0,0,0,,,,,,,
,13,G,69,1,0,0,3,NA,NA,4,,,,,,1.155,1.075,NA,,,,,0.0185,0.002756038647,1.115,,,,1_1,2_2,N/A,0,0,N/A,,,,,,,
,13,G,70,1,1,0,10,10,NA,20,,,,,,1.052,NA,NA,,,,,0.036,0.02025603865,1.052,,,,1_1,N/A,N/A,0,N/A,N/A,,,,,,,
,13,G,71,0,0,0,NA,NA,NA,5,,,,,,1.025,1.048,1.003,,,,,0.01766666667,0.001922705314,1.025333333,,,,1_3,2_1,3_2,0,0,0,,,,,,,
,13,G,72,1,1,0,3,13,NA,10,,,,,,1.009,NA,NA,1.014,,,,0.0515,0.03575603865,1.009,,,,1_2,N/A,N/A,0,N/A,N/A,,,,,,,
,13,G,73,1,0,0,11,NA,NA,16,,,,,,0.964,0.961,NA,,,,,0.0085,-0.007243961353,0.9625,,,,1_2,2_1,N/A,0,0,N/A,,,,,,,
,13,G,74,0,0,0,NA,NA,NA,6,,,,,,1.013,0.994,1.065,,,,,0.009,-0.006743961353,1.024,,,,1_1,2_2,3_3,0,0,3_3,,,,,,,
,13,G,75,1,1,0,9,12,NA,7,,,,,,1.157,NA,NA,,,,,-0.043,-0.05874396135,1.157,,,,1_1,N/A,N/A,0,N/A,N/A,,,,,,,